student_id,ssc_percentage,hsc_percentage,degree_percentage,cgpa,aptitude_test_score,technical_skill_score,soft_skills_rating,attendance_percentage,backlogs,internships,projects,certifications,work_experience_months,gender,placement_training,extracurricular_activities,placement_status,department
1,67.0,77.9,74.6,6.79,72,46,3.3,92.4,0,1,2,0,5,Male,Yes,Yes,NotPlaced,ChemE
2,46.0,45.0,49.6,5.92,50,49,4.1,65.1,4,0,0,1,0,Female,No,No,NotPlaced,ME
3,73.5,67.0,75.7,7.43,68,43,4.7,91.9,0,2,0,3,8,Male,No,No,NotPlaced,IT
4,72.8,60.9,63.3,7.09,87,89,3.6,68.3,0,2,2,2,17,Male,Yes,No,NotPlaced,CE
5,57.8,95.2,62.5,7.13,64,56,4.7,85.3,0,0,0,3,3,Male,No,Yes,Placed,ME
6,60.1,59.4,56.4,7.29,60,60,3.7,84.6,0,1,2,0,8,Male,Yes,No,Placed,ChemE
7,69.5,53.3,68.4,6.74,57,67,3.5,76.4,1,1,0,1,8,Male,Yes,No,NotPlaced,ECE
8,74.0,50.6,67.9,8.0,93,69,4.9,87.1,0,1,3,1,6,Male,No,No,Placed,CS
9,64.0,56.2,62.8,6.62,72,58,3.4,84.8,0,0,2,0,6,Male,Yes,Yes,Placed,ME
10,74.7,69.0,72.6,7.03,58,49,3.2,77.4,1,0,2,4,0,Male,No,No,Placed,ECE
11,66.6,84.3,76.1,8.41,67,72,3.7,79.9,0,1,0,2,9,Female,No,No,Placed,CS
12,67.7,61.5,62.9,6.97,68,72,3.5,83.4,0,1,1,3,5,Male,Yes,Yes,Placed,IT
13,80.5,84.4,82.2,7.27,75,73,3.8,88.7,0,2,2,0,8,Female,Yes,Yes,Placed,CE
14,54.5,55.6,53.9,5.67,55,57,2.6,73.6,1,1,0,0,12,Male,Yes,No,NotPlaced,ME
15,71.2,62.7,65.3,7.18,59,91,3.1,85.4,0,2,2,1,17,Male,No,Yes,NotPlaced,CS
16,49.0,55.5,49.8,6.69,45,52,3.4,80.8,0,0,0,2,3,Female,No,No,NotPlaced,ECE
17,70.9,86.7,68.3,7.98,88,89,3.2,82.4,1,2,1,2,15,Male,Yes,Yes,Placed,ChemE
18,65.1,77.1,76.5,7.67,80,69,2.8,76.1,0,1,3,0,10,Male,Yes,No,Placed,ME
19,48.5,52.0,52.6,6.17,56,70,3.5,75.7,0,0,5,1,0,Male,No,Yes,NotPlaced,CS
20,64.2,68.6,63.9,7.12,73,70,3.6,73.4,0,3,3,2,18,Male,Yes,No,Placed,ECE
21,78.2,76.4,80.1,6.96,77,58,2.7,80.0,0,1,2,3,11,Female,No,No,NotPlaced,EE
22,60.5,56.9,61.6,5.48,77,66,3.4,78.9,2,1,5,0,6,Female,Yes,Yes,NotPlaced,ChemE
23,83.6,81.5,73.2,7.8,72,64,4.3,89.5,0,0,4,3,0,Female,No,Yes,Placed,EE
24,64.8,47.0,58.7,7.32,58,63,2.7,71.2,1,0,0,1,6,Female,No,Yes,NotPlaced,ME
25,45.0,60.1,56.3,6.57,50,48,3.1,73.2,0,1,0,0,10,Male,No,Yes,NotPlaced,ECE
26,70.6,72.0,60.6,7.13,77,82,3.2,89.4,0,1,1,1,8,Male,Yes,Yes,Placed,ME
27,55.6,49.2,67.4,7.02,48,58,2.1,72.8,2,0,3,1,1,Female,Yes,No,NotPlaced,ChemE
28,78.9,64.6,72.8,7.94,68,64,4.6,89.6,0,2,2,0,16,Female,Yes,Yes,Placed,ChemE
29,49.5,71.7,58.8,6.64,57,35,2.8,77.6,1,0,0,0,3,Female,No,No,NotPlaced,ECE
30,71.0,80.5,68.9,7.48,81,60,5.0,86.1,0,1,0,1,7,Male,No,Yes,Placed,ECE
31,68.0,70.8,55.1,6.56,55,56,3.2,86.6,1,0,3,1,3,Male,Yes,Yes,NotPlaced,ECE
32,82.2,70.9,76.4,9.68,76,74,4.7,81.7,0,1,0,1,6,Male,No,No,Placed,IT
33,64.1,65.0,71.9,6.68,63,47,3.0,69.7,1,0,1,1,3,Male,No,No,NotPlaced,ME
34,76.0,77.3,73.5,7.93,68,59,2.5,68.1,1,1,3,3,5,Male,No,Yes,Placed,ME
35,70.1,58.2,65.9,8.32,68,73,5.0,100.0,0,1,0,8,8,Male,Yes,No,Placed,ChemE
36,72.3,74.0,70.7,7.9,83,47,2.0,85.9,1,0,1,3,0,Male,No,No,NotPlaced,IT
37,69.1,62.9,54.4,5.9,63,59,2.3,76.8,2,0,0,0,3,Female,Yes,No,NotPlaced,CE
38,74.3,84.5,92.0,8.95,88,76,3.5,82.8,0,3,4,1,14,Male,Yes,No,Placed,ME
39,52.7,49.6,62.9,6.02,57,43,3.6,81.9,0,0,1,1,0,Male,No,No,NotPlaced,CS
40,60.6,80.2,75.5,6.21,72,83,3.3,71.3,1,1,3,4,12,Male,No,Yes,Placed,CS
41,68.0,61.1,63.5,6.31,51,44,4.3,72.0,0,0,1,0,6,Female,No,No,NotPlaced,ME
42,75.7,90.2,74.3,7.71,67,57,5.0,86.3,0,0,1,1,2,Female,Yes,Yes,Placed,CS
43,60.6,73.6,65.9,6.97,60,66,3.1,82.5,1,0,3,2,3,Male,Yes,Yes,NotPlaced,ECE
44,73.5,67.2,62.9,6.9,53,50,2.2,71.2,0,0,0,0,0,Male,Yes,No,Placed,ME
45,83.3,73.6,93.8,8.96,77,66,4.5,79.7,0,1,5,1,7,Female,Yes,No,Placed,ECE
46,76.0,70.1,78.2,8.96,87,79,2.8,86.6,0,1,7,1,10,Male,Yes,No,Placed,ECE
47,80.8,85.6,68.8,8.23,70,85,3.4,72.9,0,1,1,1,8,Male,No,Yes,Placed,ECE
48,57.1,63.9,55.7,6.82,74,89,4.8,83.8,1,0,5,0,4,Female,No,No,Placed,ECE
49,56.1,63.4,67.3,6.89,77,84,2.5,64.7,3,1,8,2,10,Female,No,No,NotPlaced,EE
50,83.1,71.4,55.5,6.96,78,75,3.9,85.6,0,1,1,0,6,Male,Yes,No,NotPlaced,IT
51,67.3,73.8,72.9,6.53,79,77,4.0,82.5,0,1,4,2,3,Male,Yes,Yes,Placed,EE
52,76.2,45.0,48.0,5.89,52,43,3.4,62.3,1,0,1,0,0,Female,No,Yes,NotPlaced,ME
53,60.3,57.5,68.0,6.53,55,66,4.3,71.1,0,1,3,0,5,Male,No,Yes,NotPlaced,ECE
54,56.2,74.2,59.3,7.97,59,63,3.1,86.7,0,2,2,2,11,Female,Yes,No,NotPlaced,CE
55,88.0,79.8,68.5,7.96,75,96,3.3,83.2,0,2,1,1,9,Male,Yes,Yes,Placed,CS
56,68.5,64.1,56.1,6.37,56,75,3.2,60.4,0,2,1,1,8,Male,No,Yes,Placed,IT
57,73.4,82.6,78.1,7.13,73,76,4.7,100.0,0,1,3,2,5,Male,Yes,No,Placed,ME
58,66.6,69.8,60.6,6.76,51,61,2.6,76.4,0,1,3,0,12,Female,No,No,NotPlaced,CE
59,63.3,65.7,82.2,7.1,81,75,2.5,75.2,0,0,4,1,5,Male,Yes,No,NotPlaced,IT
60,45.0,45.0,59.8,6.12,53,45,2.6,71.1,3,0,2,0,5,Male,No,No,NotPlaced,ME
61,78.0,66.0,66.9,6.37,62,46,1.5,72.6,1,0,0,2,0,Male,No,No,NotPlaced,ChemE
62,76.7,84.4,79.1,8.99,78,60,3.2,100.0,0,1,1,4,3,Female,Yes,No,Placed,CS
63,99.0,89.7,93.8,9.1,83,69,3.5,97.9,0,0,2,4,10,Male,Yes,Yes,Placed,ECE
64,88.7,86.2,89.9,9.65,74,64,3.8,90.8,1,1,2,2,10,Female,Yes,Yes,Placed,CE
65,75.6,78.7,73.7,7.59,63,64,2.4,72.9,0,1,2,4,10,Female,No,Yes,NotPlaced,EE
66,65.4,73.3,64.0,7.23,65,47,4.0,71.1,0,0,2,2,0,Male,Yes,No,NotPlaced,ECE
67,91.6,73.7,73.8,7.38,76,81,3.7,91.7,0,0,4,1,2,Female,No,Yes,Placed,IT
68,66.1,51.2,70.7,7.18,84,77,2.9,84.7,0,1,0,1,4,Female,No,No,Placed,IT
69,65.1,75.8,59.5,7.36,91,83,4.8,89.5,1,2,2,3,6,Female,No,Yes,Placed,ECE
70,69.5,55.8,58.5,6.84,69,40,4.2,81.6,0,0,2,0,0,Female,No,Yes,NotPlaced,ChemE
71,69.7,75.8,75.5,7.96,63,39,3.5,73.0,0,1,1,1,9,Male,Yes,No,NotPlaced,ECE
72,54.2,58.2,62.9,6.79,44,50,3.5,72.0,1,0,0,1,3,Female,Yes,Yes,NotPlaced,EE
73,67.9,84.4,66.7,7.35,66,61,3.6,66.7,1,0,3,1,1,Male,Yes,No,NotPlaced,CS
74,87.8,98.6,78.5,8.79,69,47,2.8,87.8,0,0,2,2,3,Male,Yes,No,Placed,EE
75,87.0,68.0,69.5,7.28,69,69,2.5,78.4,0,1,0,2,11,Female,Yes,No,NotPlaced,ECE
76,99.0,73.6,78.9,8.68,81,52,4.7,85.4,0,1,1,2,8,Male,Yes,Yes,Placed,ECE
77,57.1,58.4,66.9,6.73,69,51,3.3,86.2,0,2,0,3,12,Female,Yes,No,NotPlaced,ME
78,83.2,76.4,77.4,7.59,66,77,4.3,98.0,0,2,2,2,8,Female,Yes,Yes,Placed,CS
79,77.8,80.2,95.5,8.98,96,84,3.8,85.0,0,3,3,2,24,Female,Yes,Yes,Placed,ECE
80,64.4,60.8,62.3,7.53,73,56,3.7,72.5,0,0,2,3,6,Male,Yes,Yes,Placed,ME
81,73.2,71.8,81.3,8.26,70,66,4.2,85.2,0,0,2,2,1,Male,Yes,Yes,NotPlaced,ME
82,81.2,88.8,85.6,9.49,95,93,3.2,81.8,0,0,3,1,3,Female,No,No,Placed,IT
83,53.3,58.0,49.6,5.75,53,54,4.4,79.6,2,1,0,0,8,Female,No,No,NotPlaced,CE
84,48.0,59.0,61.5,5.91,58,62,3.2,67.6,3,1,1,0,9,Female,Yes,Yes,NotPlaced,ECE
85,75.9,60.2,61.3,6.62,62,71,3.8,84.9,1,0,1,1,6,Male,No,No,NotPlaced,ME
86,58.7,47.4,48.2,5.98,42,54,3.0,66.4,2,0,2,1,1,Male,Yes,Yes,NotPlaced,CS
87,83.9,85.2,87.3,9.3,64,45,3.7,82.9,0,0,2,1,0,Female,Yes,Yes,Placed,ECE
88,50.7,57.2,64.6,6.04,82,72,3.0,82.7,1,1,1,1,8,Female,No,Yes,NotPlaced,ECE
89,75.2,50.8,69.7,6.7,71,78,4.1,75.8,0,2,2,2,16,Female,No,Yes,Placed,IT
90,72.2,72.5,71.1,7.62,72,61,2.8,79.7,1,2,1,0,10,Male,Yes,No,NotPlaced,IT
91,65.3,64.8,68.3,7.65,83,65,4.4,76.5,2,0,3,0,0,Female,No,Yes,NotPlaced,CS
92,57.7,59.8,77.6,6.87,59,76,3.0,74.8,0,1,3,3,9,Male,Yes,No,Placed,CE
93,76.4,67.9,64.2,7.24,71,73,3.1,89.1,0,0,0,1,2,Male,Yes,No,Placed,ME
94,75.3,85.9,81.8,8.08,74,82,4.6,100.0,0,1,1,3,9,Male,Yes,No,Placed,ECE
95,71.0,73.7,60.3,7.61,54,44,4.4,73.2,0,1,0,0,13,Female,Yes,Yes,NotPlaced,ECE
96,72.9,70.8,61.0,7.76,75,82,2.7,82.2,0,0,2,2,5,Male,No,No,Placed,CE
97,62.4,47.7,57.5,5.1,46,39,2.9,73.9,1,0,0,0,3,Male,No,No,NotPlaced,ME
98,74.6,60.6,61.8,7.9,50,57,1.9,83.2,2,0,0,2,0,Female,No,Yes,NotPlaced,EE
99,64.7,57.3,61.9,6.9,57,75,3.6,84.7,1,2,2,1,8,Male,No,Yes,Placed,CE
100,81.1,75.9,81.6,8.23,68,71,3.9,70.7,0,0,0,0,0,Female,No,Yes,Placed,CE
101,76.3,67.7,61.7,7.06,63,61,3.3,73.2,1,0,2,4,3,Female,Yes,No,Placed,CS
102,86.4,68.5,81.7,7.96,64,71,3.5,89.5,0,1,2,2,6,Female,No,Yes,Placed,CE
103,46.3,58.4,48.0,5.63,43,50,2.5,66.3,3,0,0,0,4,Female,No,No,NotPlaced,CS
104,73.4,66.1,67.5,6.5,64,73,3.0,83.5,0,1,0,0,8,Female,No,Yes,NotPlaced,ME
105,68.0,57.5,70.2,7.91,66,82,3.8,100.0,0,3,2,1,16,Female,Yes,Yes,Placed,CS
106,79.0,70.7,67.8,7.3,56,50,2.7,69.7,2,1,0,1,4,Male,Yes,Yes,NotPlaced,CE
107,59.2,67.2,61.4,6.0,60,61,4.5,96.2,1,0,0,2,2,Female,No,No,NotPlaced,ECE
108,65.7,58.4,54.6,5.94,56,52,2.2,83.1,1,1,0,0,6,Male,No,No,NotPlaced,ECE
109,80.7,72.5,65.5,7.06,45,36,3.9,60.6,2,0,0,0,0,Male,No,No,NotPlaced,CE
110,68.1,62.2,55.9,7.29,65,53,2.6,77.5,0,0,1,4,6,Male,Yes,No,Placed,CE
111,69.3,66.8,73.7,7.43,73,79,3.3,85.7,1,3,3,2,21,Male,Yes,Yes,Placed,ECE
112,67.6,65.6,58.7,7.87,78,56,4.6,72.3,0,1,0,0,5,Male,No,No,NotPlaced,EE
113,76.8,80.4,71.2,7.54,94,79,4.2,88.9,0,1,4,4,6,Male,Yes,Yes,Placed,CS
114,95.4,81.7,84.3,8.86,87,85,3.8,99.4,0,2,4,1,13,Male,Yes,No,Placed,CS
115,79.2,87.3,73.6,8.75,73,46,5.0,84.0,0,0,1,2,1,Female,No,Yes,NotPlaced,ME
116,57.7,83.2,75.0,7.69,68,57,2.9,63.7,3,2,2,0,8,Male,No,No,NotPlaced,ME
117,68.5,54.9,55.6,6.26,66,67,3.5,88.7,1,1,2,1,4,Female,Yes,Yes,Placed,EE
118,86.3,69.5,77.5,7.85,72,55,3.8,84.5,0,1,1,1,8,Male,Yes,Yes,Placed,CE
119,69.1,55.8,66.1,7.36,77,72,4.3,80.3,0,0,2,2,1,Male,Yes,Yes,Placed,CS
120,74.1,81.7,82.2,8.29,75,61,3.6,93.8,0,1,0,1,9,Male,Yes,Yes,Placed,IT
121,64.4,75.7,67.2,7.35,69,79,3.3,92.9,0,2,3,3,11,Male,Yes,Yes,Placed,ChemE
122,64.9,71.8,58.9,7.69,57,61,3.0,74.6,1,3,1,0,10,Female,Yes,Yes,NotPlaced,EE
123,65.7,65.4,56.5,7.54,71,57,3.9,76.2,0,2,2,3,10,Female,Yes,No,Placed,CE
124,55.3,62.0,71.4,6.68,75,72,2.8,89.2,0,1,1,1,12,Female,No,No,NotPlaced,ChemE
125,59.3,45.0,54.0,5.99,59,48,2.3,68.0,1,0,2,0,1,Male,No,Yes,NotPlaced,CE
126,82.8,77.2,77.8,8.53,63,89,3.4,75.0,2,3,2,5,16,Female,No,Yes,Placed,CS
127,56.4,55.9,48.0,5.06,38,42,4.5,70.8,1,0,0,0,2,Male,No,Yes,NotPlaced,EE
128,71.7,66.2,61.8,7.39,75,66,3.1,72.4,1,0,2,1,6,Male,Yes,Yes,Placed,ME
129,66.7,73.3,72.9,8.0,57,51,4.1,78.9,0,0,1,1,2,Male,Yes,Yes,NotPlaced,CE
130,64.2,82.2,75.5,7.66,76,64,4.6,91.2,0,0,0,1,0,Male,Yes,Yes,Placed,CS
131,57.2,53.7,58.2,5.77,51,54,3.7,72.1,1,2,2,0,21,Female,No,No,NotPlaced,ChemE
132,92.8,83.3,84.8,8.46,71,77,4.3,84.3,0,1,6,0,7,Male,Yes,Yes,Placed,ECE
133,75.4,75.4,76.3,7.49,71,79,3.4,75.6,0,2,4,3,11,Male,No,No,Placed,ME
134,71.9,57.6,59.4,5.75,79,70,2.5,82.0,1,2,0,0,12,Female,No,No,NotPlaced,CE
135,62.1,67.2,58.7,7.28,75,78,2.1,75.8,0,0,2,1,2,Male,Yes,No,NotPlaced,ECE
136,60.9,64.4,65.9,5.64,48,39,3.7,72.2,1,1,0,0,6,Male,No,No,NotPlaced,CE
137,57.9,63.6,69.0,7.07,83,59,5.0,73.8,0,1,2,1,7,Female,Yes,Yes,Placed,ChemE
138,83.8,61.6,82.7,7.67,62,69,3.3,86.9,0,2,4,5,19,Female,Yes,Yes,Placed,ECE
139,65.1,73.1,75.1,7.47,74,82,3.4,77.6,1,0,8,4,0,Female,Yes,Yes,Placed,ECE
140,50.5,57.1,63.9,7.21,70,48,2.7,69.5,2,0,0,1,0,Male,Yes,No,NotPlaced,CE
141,87.2,69.9,56.3,7.28,67,65,4.3,78.8,3,1,3,4,11,Female,Yes,No,Placed,IT
142,79.5,70.3,69.4,8.98,78,79,3.5,83.4,0,1,3,3,8,Male,Yes,Yes,Placed,CS
143,76.4,74.4,76.1,8.04,73,75,2.7,78.0,0,0,3,1,0,Male,No,No,Placed,CS
144,59.5,81.2,65.6,7.83,63,62,3.4,72.1,3,1,0,0,7,Female,No,No,NotPlaced,ME
145,86.6,80.7,78.7,8.36,93,92,3.8,93.2,0,2,2,5,10,Male,No,Yes,Placed,IT
146,58.0,45.0,51.9,5.23,35,38,2.8,64.8,1,0,0,0,1,Male,Yes,No,NotPlaced,CS
147,75.5,78.4,74.8,8.36,100,88,3.3,75.7,2,0,5,3,0,Male,Yes,No,Placed,CS
148,79.6,71.3,72.1,8.01,65,77,3.4,77.1,0,2,1,3,15,Male,Yes,No,Placed,ECE
149,94.6,86.9,90.8,8.97,91,63,2.8,70.8,0,0,2,3,2,Male,Yes,No,Placed,CS
150,70.8,72.2,71.2,7.1,73,79,4.0,75.5,1,1,4,3,8,Female,No,Yes,Placed,CS
151,59.4,69.4,72.1,7.69,65,71,4.0,91.4,0,2,2,2,13,Female,No,Yes,Placed,ECE
152,57.5,61.1,69.1,6.86,66,70,4.0,86.0,1,1,1,0,4,Female,No,Yes,NotPlaced,ME
153,69.8,45.8,48.5,5.91,62,59,2.4,70.6,2,1,3,0,7,Male,No,No,Placed,ChemE
154,60.1,57.9,56.9,6.11,62,56,2.2,65.3,3,2,2,1,13,Female,No,No,NotPlaced,EE
155,77.6,76.7,77.0,8.34,60,63,3.6,89.1,0,0,2,3,0,Female,Yes,Yes,Placed,IT
156,61.4,63.1,63.6,6.91,67,51,3.2,74.2,0,1,2,2,6,Male,Yes,No,Placed,CS
157,70.3,79.2,70.9,7.44,59,70,3.0,91.7,0,3,4,1,21,Female,Yes,Yes,Placed,ChemE
158,71.4,51.5,53.2,6.3,57,36,4.0,94.2,0,1,0,1,6,Female,No,No,NotPlaced,CE
159,78.9,66.5,64.3,6.84,65,58,3.9,70.9,0,0,0,0,3,Female,No,Yes,NotPlaced,ECE
160,75.5,72.2,58.0,7.33,50,52,4.4,84.7,0,1,1,3,4,Male,Yes,Yes,NotPlaced,ECE
161,63.0,51.4,54.4,5.79,41,66,3.9,65.9,3,0,0,3,5,Male,No,Yes,Placed,ME
162,73.0,55.1,65.4,7.5,62,65,3.3,76.7,1,1,2,1,8,Female,Yes,Yes,Placed,ECE
163,72.0,57.0,73.2,7.33,66,67,5.0,75.8,0,2,1,3,14,Female,Yes,Yes,Placed,ME
164,75.9,85.1,76.3,9.4,79,58,4.9,89.8,0,0,1,2,3,Female,Yes,No,Placed,EE
165,53.6,74.9,62.3,6.58,64,63,4.3,79.5,2,0,1,0,1,Male,Yes,Yes,NotPlaced,ECE
166,67.0,49.1,56.4,6.09,51,62,2.7,71.9,2,1,0,1,4,Male,Yes,No,NotPlaced,CE
167,70.2,71.9,67.2,7.66,61,58,2.4,82.7,0,0,1,0,0,Male,Yes,Yes,Placed,CS
168,70.4,45.0,65.8,7.38,46,29,3.7,85.5,2,0,0,0,6,Male,No,Yes,NotPlaced,CS
169,66.9,65.7,63.2,6.97,48,49,3.3,77.0,0,0,0,2,8,Female,Yes,Yes,NotPlaced,CE
170,92.5,81.5,75.1,10.0,96,84,4.5,91.6,0,0,1,2,0,Female,No,Yes,Placed,CS
171,80.4,73.2,70.2,8.01,82,75,4.1,80.1,1,2,1,1,15,Male,Yes,Yes,Placed,ECE
172,72.7,65.8,75.3,6.29,59,65,4.1,94.3,0,3,1,2,19,Male,Yes,Yes,Placed,EE
173,61.8,51.7,67.4,6.9,53,74,3.6,76.9,0,2,2,0,14,Female,No,Yes,Placed,ME
174,87.6,99.0,73.1,8.46,80,49,3.4,76.6,0,0,0,1,2,Male,Yes,Yes,Placed,CS
175,46.8,45.0,49.9,5.52,57,37,2.2,67.3,4,0,0,0,0,Male,No,No,NotPlaced,ME
176,82.0,83.8,81.2,7.82,86,60,2.5,85.4,1,2,4,2,13,Female,Yes,Yes,Placed,CE
177,71.0,90.3,85.0,8.06,79,61,2.7,86.3,0,1,0,1,3,Female,Yes,No,Placed,IT
178,68.1,69.4,64.1,6.77,60,78,3.5,84.4,0,0,2,1,2,Male,Yes,Yes,Placed,ME
179,57.8,50.0,56.0,6.14,69,59,3.1,67.2,1,0,5,1,1,Female,No,No,NotPlaced,ME
180,58.6,56.0,51.9,5.93,61,67,2.6,67.2,1,0,1,0,7,Male,Yes,No,Placed,ME
181,75.8,53.5,64.2,7.42,63,91,1.9,70.2,0,1,0,0,7,Male,No,No,NotPlaced,ME
182,64.2,58.2,56.9,6.21,71,81,3.7,88.3,0,1,3,0,8,Female,No,Yes,NotPlaced,EE
183,76.3,72.3,59.1,6.06,49,48,3.8,77.9,1,0,0,1,6,Male,No,Yes,NotPlaced,EE
184,81.5,62.6,70.5,8.08,79,58,3.7,82.0,0,0,2,0,2,Male,Yes,No,NotPlaced,ChemE
185,75.8,69.4,74.3,7.61,88,84,2.9,67.4,5,0,3,1,5,Female,No,Yes,NotPlaced,CS
186,78.7,92.8,86.3,7.78,86,88,3.1,81.3,2,0,1,2,2,Female,No,No,Placed,CS
187,74.7,68.5,63.9,8.33,66,82,4.7,80.0,0,0,5,3,1,Male,No,Yes,Placed,ECE
188,73.3,58.6,66.5,6.77,66,46,3.6,70.3,1,0,3,0,2,Male,Yes,No,NotPlaced,EE
189,53.8,63.1,53.4,5.66,72,83,4.1,83.8,0,3,5,3,15,Female,No,Yes,Placed,CS
190,68.3,57.1,64.8,5.99,57,74,4.5,84.4,2,1,2,2,4,Female,Yes,No,Placed,ECE
191,72.5,58.4,84.5,7.52,79,70,4.2,87.0,0,1,2,2,8,Female,No,Yes,Placed,EE
192,77.9,61.2,66.4,8.3,79,49,3.5,73.1,0,0,0,1,3,Female,No,No,Placed,CE
193,68.8,74.1,53.4,6.18,77,85,4.6,92.0,0,1,2,2,5,Female,Yes,Yes,Placed,ME
194,75.4,73.9,73.6,7.08,71,78,4.1,77.3,0,1,1,1,4,Male,No,No,NotPlaced,IT
195,45.1,71.0,57.1,6.61,43,71,3.6,72.4,3,0,1,1,0,Female,No,No,Placed,CE
196,57.6,60.4,74.9,7.99,79,65,4.8,94.2,0,1,1,1,6,Female,No,No,Placed,EE
197,75.4,68.7,61.9,7.24,86,69,3.6,83.6,1,0,1,1,4,Male,No,No,NotPlaced,CE
198,45.0,58.1,64.2,7.08,70,65,2.4,69.0,0,1,1,0,7,Male,No,Yes,NotPlaced,ChemE
199,79.8,69.2,83.9,7.6,71,68,1.5,84.0,0,2,1,1,10,Male,No,No,Placed,EE
200,86.5,79.6,78.6,7.65,87,74,4.7,100.0,0,2,2,4,9,Male,Yes,Yes,Placed,ECE
201,72.6,52.6,57.4,7.36,48,48,3.9,79.5,3,0,0,1,1,Male,No,Yes,NotPlaced,ChemE
202,79.9,90.1,75.0,8.1,93,87,3.2,79.7,0,2,3,0,7,Female,No,No,NotPlaced,CE
203,71.8,69.9,64.4,6.79,61,69,2.8,86.4,0,0,0,0,3,Male,No,Yes,NotPlaced,ChemE
204,74.8,69.9,73.6,7.97,63,64,2.7,80.0,0,2,1,0,14,Male,No,Yes,Placed,CS
205,57.0,66.5,56.8,6.98,65,61,3.4,71.7,3,0,1,1,1,Female,No,No,NotPlaced,IT
206,72.7,62.4,62.2,6.85,65,82,2.4,74.9,3,0,3,0,1,Female,No,No,NotPlaced,ChemE
207,66.2,45.0,52.6,5.61,57,55,3.3,77.3,2,0,1,0,7,Female,No,Yes,NotPlaced,ME
208,86.1,71.9,86.5,8.06,61,54,3.8,87.5,0,0,0,2,5,Male,Yes,No,Placed,EE
209,58.2,57.6,67.9,6.42,77,62,2.8,70.3,2,0,1,0,6,Male,Yes,No,NotPlaced,EE
210,73.9,63.3,64.5,7.24,75,83,4.5,84.5,2,1,1,0,4,Male,Yes,No,Placed,ME
211,96.3,91.1,78.6,8.84,83,76,4.5,90.0,0,0,3,1,7,Male,Yes,Yes,Placed,ME
212,80.8,74.7,69.8,7.66,63,68,4.9,90.1,0,2,0,3,17,Male,No,Yes,Placed,ECE
213,72.9,58.3,62.8,6.88,63,71,3.0,69.2,2,1,1,1,7,Male,Yes,No,NotPlaced,ME
214,66.9,69.5,81.9,8.25,75,73,4.0,88.3,0,0,1,2,3,Male,Yes,Yes,Placed,CE
215,76.8,78.1,68.6,7.47,71,79,1.7,94.7,0,1,1,1,6,Male,Yes,Yes,Placed,CS
216,67.9,61.8,54.4,6.31,49,35,3.2,78.1,2,0,1,0,0,Male,Yes,No,NotPlaced,CE
217,73.1,57.9,61.9,6.87,58,68,2.2,79.5,1,0,1,0,2,Female,No,Yes,NotPlaced,IT
218,70.2,54.7,61.2,6.3,70,71,3.0,68.5,3,0,1,0,0,Male,No,No,NotPlaced,CE
219,88.5,70.1,72.3,9.16,86,67,2.8,64.8,2,2,2,0,8,Male,Yes,No,Placed,ME
220,57.6,72.1,63.4,6.22,60,58,3.9,76.6,2,0,0,2,3,Female,Yes,No,NotPlaced,IT
221,77.1,84.5,63.4,7.26,74,85,3.1,75.8,0,0,4,0,3,Male,No,No,NotPlaced,ChemE
222,65.7,57.6,61.7,6.59,44,66,3.6,76.2,2,3,3,0,20,Female,No,Yes,NotPlaced,EE
223,57.4,45.0,48.0,5.48,35,35,2.8,57.1,2,0,0,0,1,Male,Yes,No,NotPlaced,ChemE
224,79.2,82.7,60.3,6.6,80,68,3.5,83.6,0,0,1,2,4,Female,Yes,Yes,Placed,ME
225,59.1,60.1,66.4,6.45,68,51,4.4,69.0,0,1,0,0,4,Male,Yes,Yes,Placed,CS
226,85.4,66.2,61.8,7.66,77,69,3.2,93.8,0,3,1,0,22,Male,Yes,No,NotPlaced,ME
227,72.1,60.3,60.5,6.2,61,86,3.5,72.5,2,2,3,0,13,Female,No,Yes,Placed,CE
228,70.3,66.0,69.7,6.85,58,52,2.6,86.2,0,2,0,0,10,Male,Yes,No,Placed,EE
229,69.0,84.1,78.5,8.15,66,60,3.4,84.3,0,1,1,2,6,Female,Yes,Yes,NotPlaced,ME
230,84.3,68.4,77.5,8.88,92,74,3.9,86.4,0,1,2,2,4,Male,No,Yes,Placed,CS
231,70.7,71.0,71.0,7.04,72,51,3.5,65.8,0,0,0,0,0,Female,No,No,NotPlaced,ME
232,72.3,67.5,63.2,7.49,74,83,3.2,89.5,0,1,2,0,4,Female,No,Yes,NotPlaced,ME
233,64.6,62.5,70.2,7.15,74,53,3.6,89.4,2,2,2,2,15,Female,No,Yes,NotPlaced,EE
234,85.2,76.7,86.7,7.97,79,94,4.2,86.4,0,3,4,4,18,Male,Yes,Yes,Placed,ME
235,58.8,56.8,52.9,5.83,60,60,3.9,91.8,0,0,3,0,0,Female,No,Yes,NotPlaced,ChemE
236,81.8,71.6,70.6,7.75,82,87,3.3,89.8,0,1,1,1,10,Male,Yes,Yes,Placed,ChemE
237,86.1,68.0,73.3,7.27,82,55,3.3,63.7,0,0,4,1,2,Female,No,No,NotPlaced,CE
238,68.3,71.9,64.8,7.98,47,25,2.3,84.5,0,0,0,1,0,Female,Yes,Yes,NotPlaced,ChemE
239,75.5,67.1,74.3,7.58,79,62,3.2,90.1,0,0,0,3,0,Male,No,Yes,NotPlaced,EE
240,74.3,82.2,60.9,7.45,93,80,3.7,81.1,0,1,4,3,13,Female,Yes,No,Placed,IT
241,86.4,91.5,77.5,8.28,72,76,3.5,84.3,0,0,3,4,3,Male,Yes,No,Placed,ECE
242,60.9,72.6,65.5,6.79,49,49,3.1,75.9,2,0,0,0,5,Female,No,No,NotPlaced,ME
243,85.1,73.7,73.4,8.18,90,82,3.5,81.0,0,0,2,2,2,Male,Yes,No,Placed,CE
244,68.5,77.6,74.0,7.35,70,74,3.2,77.6,1,1,3,0,10,Male,Yes,Yes,Placed,IT
245,81.7,81.2,77.5,8.31,75,67,3.1,83.8,0,1,3,2,6,Female,Yes,Yes,Placed,CE
246,67.6,74.1,83.9,7.67,76,53,3.6,84.2,0,0,1,2,1,Female,No,No,NotPlaced,ME
247,80.1,68.1,68.4,7.41,67,69,2.7,81.4,0,0,3,3,4,Female,Yes,No,Placed,CS
248,65.6,68.5,67.8,6.93,66,56,4.1,79.7,0,0,2,0,0,Female,No,No,NotPlaced,EE
249,92.4,98.4,82.6,7.9,79,83,3.8,90.1,0,0,1,3,5,Male,Yes,Yes,NotPlaced,CS
250,75.8,76.5,68.0,8.6,83,76,3.6,91.4,0,1,3,2,5,Male,Yes,Yes,Placed,ChemE
251,67.1,66.4,75.7,6.98,72,62,2.9,91.6,1,2,1,2,17,Female,No,Yes,Placed,ME
252,74.2,69.9,68.6,7.5,72,64,3.3,87.2,0,2,3,5,10,Female,No,Yes,Placed,ME
253,69.4,76.1,70.5,7.06,77,72,3.1,91.8,0,4,2,6,17,Male,No,No,NotPlaced,IT
254,80.3,60.2,65.7,6.5,57,46,2.8,70.0,1,0,0,0,3,Female,No,No,Placed,CE
255,72.9,63.6,73.8,7.46,67,54,3.4,81.0,1,2,3,1,12,Female,Yes,No,Placed,CE
256,69.8,78.4,66.5,8.37,72,75,4.0,90.6,0,0,5,3,0,Male,No,No,Placed,IT
257,51.0,60.0,50.1,5.7,55,43,1.7,63.6,1,0,0,0,0,Male,No,No,NotPlaced,CE
258,71.2,87.1,73.3,7.54,58,66,5.0,80.2,1,4,2,1,26,Female,Yes,No,Placed,CS
259,74.4,68.3,64.5,6.67,81,69,3.4,71.4,2,0,1,0,9,Female,No,No,NotPlaced,CE
260,72.6,78.7,79.3,8.14,77,69,4.9,89.1,0,2,1,1,14,Male,No,No,Placed,CS
261,60.6,67.8,58.4,6.4,82,77,3.6,80.3,0,1,4,0,11,Female,No,No,NotPlaced,ECE
262,64.6,55.0,53.3,6.78,60,55,2.9,74.2,1,2,2,2,17,Female,No,No,NotPlaced,CE
263,74.7,65.7,58.5,7.02,62,61,2.6,70.1,0,0,1,1,3,Female,Yes,Yes,Placed,EE
264,79.4,78.3,66.0,7.25,85,100,3.4,93.6,0,3,3,2,21,Male,Yes,No,Placed,CS
265,84.1,78.6,68.7,7.44,62,72,2.8,83.6,0,3,4,2,14,Female,No,Yes,NotPlaced,CE
266,70.1,81.0,63.8,7.0,65,75,3.5,83.3,0,1,3,0,5,Male,Yes,Yes,Placed,ChemE
267,76.4,58.5,63.3,6.64,61,68,2.8,76.8,1,1,2,0,7,Male,No,Yes,Placed,ME
268,92.3,77.9,78.6,9.02,82,75,4.0,83.2,0,0,5,4,0,Female,No,Yes,Placed,CE
269,74.4,65.3,70.2,7.3,68,61,2.6,81.8,0,0,0,2,0,Male,No,Yes,NotPlaced,ECE
270,87.6,71.8,82.5,8.56,93,100,2.9,96.1,0,0,4,9,3,Female,No,Yes,Placed,CS
271,68.8,75.5,65.3,7.46,82,63,4.5,77.6,0,1,2,3,5,Male,Yes,Yes,Placed,EE
272,85.5,75.4,75.4,7.03,46,54,2.6,63.9,2,1,3,1,6,Female,No,No,NotPlaced,ME
273,74.7,79.3,69.9,8.16,88,63,3.6,74.1,0,1,5,2,4,Male,Yes,Yes,Placed,IT
274,81.8,77.3,69.0,8.34,73,57,3.1,86.7,0,2,4,3,20,Female,Yes,No,Placed,EE
275,89.0,91.1,87.0,9.03,91,80,4.8,99.6,0,2,4,3,12,Male,Yes,Yes,Placed,ECE
276,70.3,83.7,74.6,8.26,91,86,4.4,86.2,0,2,1,2,12,Female,Yes,Yes,Placed,CE
277,61.8,54.5,59.0,6.04,51,68,3.0,65.7,0,0,1,0,0,Female,No,Yes,NotPlaced,ME
278,83.3,57.0,72.5,8.69,96,86,4.6,82.6,0,1,1,10,6,Male,Yes,Yes,Placed,IT
279,60.9,56.2,56.2,6.78,63,62,3.9,74.5,0,0,0,1,1,Male,No,Yes,Placed,CS
280,80.1,79.4,77.1,8.63,92,78,4.1,84.8,0,0,3,1,1,Male,Yes,No,Placed,EE
281,85.8,73.4,69.8,7.35,73,70,2.4,76.1,1,0,1,2,0,Male,No,No,Placed,CS
282,63.6,66.0,63.7,7.31,66,60,5.0,78.5,1,2,0,0,11,Female,No,Yes,Placed,CS
283,59.8,62.6,66.1,6.27,52,38,3.0,69.8,0,0,1,0,0,Male,No,Yes,NotPlaced,ME
284,61.2,56.2,67.2,7.29,62,88,3.3,91.4,0,3,1,1,17,Female,Yes,Yes,Placed,ECE
285,77.1,61.3,63.6,7.43,69,63,3.4,81.0,0,1,2,0,6,Male,Yes,Yes,Placed,ECE
286,91.4,87.8,69.7,8.86,79,62,2.0,73.6,0,1,1,1,7,Female,No,No,Placed,CE
287,75.7,77.9,74.5,7.98,78,71,3.9,74.7,0,1,2,2,10,Male,Yes,Yes,Placed,EE
288,86.2,68.1,73.3,7.92,74,77,4.1,94.0,0,2,0,0,17,Male,Yes,No,Placed,ChemE
289,75.3,71.0,67.4,7.59,68,64,4.0,88.3,1,2,3,2,15,Male,Yes,No,Placed,CE
290,67.4,75.4,65.2,6.94,77,84,2.2,67.7,3,1,3,3,7,Female,No,No,NotPlaced,IT
291,54.5,57.0,50.9,5.66,39,44,2.9,69.6,1,1,2,0,12,Male,Yes,Yes,NotPlaced,ChemE
292,53.8,66.0,57.5,6.59,63,56,4.5,91.8,1,0,3,2,0,Male,Yes,Yes,Placed,ECE
293,66.1,74.0,63.0,7.06,61,47,2.7,75.2,1,0,0,0,0,Male,Yes,No,NotPlaced,ECE
294,76.0,71.2,69.2,6.3,63,67,3.5,65.0,0,0,2,0,3,Female,No,No,NotPlaced,IT
295,66.7,58.3,58.6,6.97,74,54,3.5,89.6,1,1,2,1,4,Male,Yes,Yes,NotPlaced,IT
296,60.5,67.8,48.0,6.16,52,70,3.0,82.9,2,3,2,0,24,Male,No,Yes,NotPlaced,ME
297,63.3,66.8,61.0,7.62,56,54,3.6,77.2,1,0,0,0,0,Female,No,No,NotPlaced,EE
298,95.1,72.3,79.0,7.93,55,74,4.9,94.5,0,2,2,2,10,Female,Yes,Yes,Placed,ECE
299,63.0,70.9,61.4,7.53,69,63,4.5,91.0,0,0,2,3,1,Female,Yes,No,NotPlaced,IT
300,62.0,55.7,60.2,6.75,62,53,3.5,71.6,0,0,0,0,5,Male,No,No,NotPlaced,CS
301,67.7,55.5,52.9,6.26,37,46,3.7,77.9,0,0,0,1,3,Female,Yes,No,NotPlaced,ECE
302,66.2,60.3,66.6,7.15,51,57,2.8,68.5,2,0,1,1,0,Male,Yes,No,NotPlaced,IT
303,83.9,87.9,88.1,9.63,92,69,4.4,97.5,0,3,2,0,21,Female,No,No,Placed,ECE
304,75.6,69.0,58.9,6.64,60,61,1.6,68.1,2,0,1,0,1,Male,Yes,No,NotPlaced,EE
305,46.5,45.0,48.0,5.39,39,40,3.0,78.5,1,0,0,0,2,Male,Yes,No,NotPlaced,CE
306,83.6,67.9,59.9,6.84,75,78,3.7,91.0,0,0,1,2,2,Male,Yes,Yes,Placed,ME
307,65.9,46.9,64.9,6.82,77,67,4.6,78.7,3,0,2,0,2,Female,No,Yes,NotPlaced,IT
308,73.9,70.8,66.3,7.48,76,79,3.6,80.6,0,1,1,1,6,Male,Yes,Yes,Placed,CE
309,51.1,61.2,55.9,5.43,60,63,3.9,75.2,1,0,3,0,1,Male,Yes,No,NotPlaced,ECE
310,62.9,66.7,67.8,6.9,75,62,3.9,100.0,0,2,0,0,8,Male,Yes,No,Placed,CE
311,81.2,86.0,80.1,8.23,60,54,4.4,85.3,0,0,1,1,0,Female,No,Yes,NotPlaced,ECE
312,93.6,81.1,74.6,8.39,81,70,3.7,74.8,0,2,1,3,15,Male,Yes,No,NotPlaced,EE
313,71.5,50.3,58.4,7.71,48,49,4.1,95.8,0,2,1,1,10,Female,Yes,No,NotPlaced,EE
314,67.2,71.5,54.9,7.03,63,62,2.8,73.3,1,2,1,0,19,Male,Yes,No,Placed,CE
315,80.3,77.9,69.2,8.04,84,70,5.0,77.6,0,0,3,2,0,Female,Yes,Yes,Placed,IT
316,96.7,73.4,62.9,7.81,75,79,4.4,81.0,0,3,4,0,15,Female,Yes,Yes,Placed,CE
317,67.5,64.8,69.8,6.41,76,62,2.3,81.3,1,1,2,2,4,Male,No,No,NotPlaced,EE
318,88.0,58.2,76.2,7.65,63,69,4.8,100.0,1,0,4,2,5,Female,Yes,Yes,Placed,ECE
319,65.2,67.5,59.2,6.86,69,71,3.5,75.4,0,1,2,2,6,Male,No,Yes,Placed,CS
320,61.1,68.9,69.6,6.84,72,89,3.1,73.2,1,0,2,1,3,Male,Yes,No,Placed,IT
321,80.3,74.2,77.7,8.71,48,51,3.1,90.7,0,2,0,0,18,Female,Yes,No,NotPlaced,EE
322,71.0,62.3,72.9,7.64,74,66,3.2,89.7,2,1,2,4,5,Female,Yes,Yes,Placed,IT
323,91.7,88.0,89.2,9.06,66,85,3.3,80.5,0,0,3,5,3,Female,Yes,Yes,Placed,ME
324,50.8,75.1,63.9,6.8,57,37,3.3,93.1,0,0,0,2,7,Male,Yes,Yes,NotPlaced,ME
325,59.4,63.8,48.0,5.31,55,52,2.1,62.1,1,0,0,0,4,Female,No,No,NotPlaced,ME
326,67.2,76.1,69.5,7.01,57,29,3.3,75.8,0,0,0,1,1,Female,Yes,Yes,NotPlaced,ME
327,63.8,83.0,68.5,6.68,57,38,2.8,76.9,2,2,0,2,19,Male,Yes,No,NotPlaced,CE
328,45.0,51.8,48.0,6.04,60,46,2.4,73.1,1,1,0,0,9,Female,No,No,NotPlaced,IT
329,63.0,72.3,63.0,7.58,59,73,3.4,88.3,0,1,0,2,5,Male,Yes,No,Placed,ECE
330,65.7,67.9,66.1,6.6,59,59,2.3,85.5,1,2,2,1,10,Male,Yes,Yes,Placed,ME
331,61.8,59.5,56.5,6.83,76,48,3.3,65.2,2,0,1,0,3,Female,No,Yes,NotPlaced,ChemE
332,61.0,80.1,69.4,6.93,76,80,3.9,67.0,0,1,3,0,6,Male,No,Yes,Placed,CS
333,70.9,60.1,64.3,7.3,80,82,2.0,75.6,2,0,2,2,2,Male,No,No,NotPlaced,IT
334,72.5,80.2,77.5,7.85,64,73,3.9,93.9,0,1,4,3,9,Male,Yes,Yes,Placed,CS
335,63.0,68.3,69.0,7.65,55,74,5.0,90.8,0,2,2,1,13,Male,Yes,Yes,Placed,ECE
336,60.6,64.7,57.4,7.07,56,61,4.0,78.7,2,1,0,1,7,Female,No,No,NotPlaced,ChemE
337,57.0,62.0,50.6,6.59,67,86,3.8,72.9,3,1,6,0,7,Male,Yes,Yes,Placed,ECE
338,78.9,78.5,87.3,8.46,72,63,3.5,85.2,0,0,3,4,5,Male,Yes,No,Placed,ChemE
339,56.5,57.4,54.5,6.42,54,54,4.4,70.7,0,0,1,1,0,Female,Yes,No,NotPlaced,EE
340,57.4,70.0,58.9,6.67,47,62,3.0,81.0,3,0,2,1,2,Male,No,No,NotPlaced,CE
341,61.5,71.2,67.8,6.43,70,68,2.5,84.3,1,2,3,3,11,Female,No,No,NotPlaced,IT
342,55.4,54.5,65.7,6.86,64,72,2.8,88.8,1,1,1,3,5,Male,No,Yes,NotPlaced,ME
343,89.7,79.7,81.5,8.24,65,83,3.0,85.7,0,4,3,2,18,Male,Yes,No,Placed,ECE
344,84.0,69.3,74.8,7.43,63,57,3.2,83.5,1,1,2,2,6,Female,No,Yes,NotPlaced,ECE
345,86.1,75.5,78.4,7.48,73,64,4.0,86.6,0,0,3,2,4,Male,Yes,Yes,Placed,CS
346,76.8,76.6,73.0,8.38,76,47,2.7,77.1,1,0,0,1,6,Male,Yes,Yes,Placed,EE
347,66.4,63.7,53.7,6.38,48,57,4.3,75.1,1,2,1,0,14,Male,Yes,No,NotPlaced,ECE
348,76.9,71.5,62.7,6.7,75,48,3.0,88.0,0,1,1,0,4,Male,Yes,No,NotPlaced,ME
349,60.7,72.1,61.7,6.31,72,63,1.9,87.5,0,0,2,0,0,Male,Yes,No,NotPlaced,ME
350,71.5,66.8,76.6,7.93,66,63,3.5,68.2,2,0,1,0,7,Female,No,Yes,Placed,EE
351,79.6,77.3,73.5,7.52,83,72,3.8,77.6,0,1,2,1,6,Male,Yes,Yes,Placed,CS
352,67.2,59.0,74.5,6.2,75,64,3.7,77.9,0,0,1,1,6,Female,Yes,Yes,NotPlaced,IT
353,73.8,72.1,68.0,8.2,79,63,3.4,92.9,0,2,6,2,12,Male,Yes,Yes,Placed,ChemE
354,58.3,45.6,48.0,6.21,62,68,4.1,68.9,1,1,1,1,4,Male,No,Yes,NotPlaced,CE
355,86.8,75.2,90.8,10.0,92,95,4.4,90.6,0,4,3,4,22,Male,Yes,Yes,Placed,ECE
356,79.3,62.1,77.6,6.39,54,63,3.7,91.4,1,4,0,1,30,Male,Yes,Yes,Placed,ME
357,71.8,75.1,58.0,8.35,76,55,4.0,94.4,0,1,2,2,8,Male,Yes,Yes,Placed,ECE
358,75.2,68.4,77.3,7.31,65,82,3.2,80.6,2,0,1,0,1,Male,No,Yes,Placed,ChemE
359,62.5,63.5,55.4,6.95,52,37,2.8,70.7,1,0,0,0,0,Male,No,No,Placed,ChemE
360,66.7,60.0,63.9,6.0,61,43,2.2,75.6,1,0,0,0,3,Female,Yes,No,NotPlaced,CE
361,55.7,49.1,55.5,6.86,55,77,2.6,80.7,0,1,2,2,5,Male,Yes,Yes,Placed,CS
362,62.6,74.6,71.1,7.34,68,65,5.0,93.2,0,2,4,0,13,Female,No,No,Placed,CE
363,86.6,71.5,63.7,6.85,50,58,2.4,86.8,0,2,0,0,15,Female,Yes,No,Placed,CE
364,58.2,67.8,73.1,6.62,62,60,4.2,85.9,0,0,1,1,3,Female,No,Yes,NotPlaced,CE
365,91.9,89.8,82.5,9.15,81,76,5.0,100.0,0,2,0,3,16,Male,Yes,Yes,Placed,CS
366,81.5,75.9,75.2,8.23,67,69,3.1,85.5,0,2,4,0,13,Female,Yes,No,Placed,ME
367,86.7,69.6,64.5,7.66,82,62,2.9,72.7,0,2,0,0,17,Female,Yes,Yes,Placed,ME
368,62.2,66.8,69.1,6.0,53,36,3.0,80.2,0,0,0,1,2,Female,No,Yes,NotPlaced,CE
369,84.9,68.1,77.8,7.27,54,44,2.9,68.9,2,0,0,0,2,Male,No,Yes,NotPlaced,CE
370,90.0,90.5,96.0,9.29,83,72,3.7,98.1,0,1,0,5,4,Male,Yes,No,Placed,IT
371,84.7,69.1,79.8,7.01,71,84,3.8,83.7,1,3,1,0,20,Female,Yes,Yes,Placed,ECE
372,85.2,79.5,71.6,7.72,69,57,4.1,70.3,1,1,1,0,10,Male,No,No,Placed,EE
373,85.2,81.1,70.6,7.66,62,64,4.0,87.8,1,2,3,1,8,Male,No,Yes,NotPlaced,ChemE
374,66.3,64.8,64.1,6.61,54,48,3.6,66.8,2,0,1,0,0,Female,No,Yes,NotPlaced,ME
375,76.7,74.8,72.7,7.11,50,65,4.1,72.6,3,1,0,1,8,Female,No,No,NotPlaced,ME
376,63.8,71.0,57.4,7.22,77,59,4.6,74.1,1,1,0,4,6,Male,Yes,Yes,NotPlaced,ChemE
377,70.6,72.8,60.2,7.54,78,89,2.4,78.5,1,0,3,1,5,Male,No,No,Placed,IT
378,89.1,95.1,78.3,9.33,100,83,3.8,100.0,0,3,1,0,21,Female,Yes,Yes,Placed,ME
379,63.2,79.6,73.5,7.91,77,60,2.1,83.2,0,0,0,2,3,Female,Yes,Yes,NotPlaced,ME
380,64.3,65.3,60.2,6.61,69,76,3.6,72.4,4,1,3,3,4,Female,No,No,NotPlaced,CE
381,67.3,59.7,54.7,6.76,35,25,3.0,68.8,0,0,0,0,0,Female,No,No,NotPlaced,EE
382,57.8,72.2,65.6,7.29,77,91,4.6,83.7,0,1,1,3,8,Female,Yes,Yes,Placed,ME
383,46.5,46.6,48.0,6.03,62,52,3.9,71.6,2,0,1,0,4,Female,Yes,Yes,NotPlaced,ME
384,87.7,82.0,72.0,8.18,63,60,4.3,75.4,0,1,2,1,8,Male,No,No,Placed,CE
385,87.2,94.1,70.5,8.21,72,52,3.2,92.8,0,3,1,3,20,Female,Yes,Yes,Placed,CE
386,64.5,69.6,70.0,7.37,70,70,4.3,87.1,1,1,2,1,12,Female,Yes,Yes,NotPlaced,CE
387,83.6,71.6,80.7,9.09,79,73,2.5,75.2,0,1,0,0,8,Female,No,No,NotPlaced,EE
388,75.1,71.6,74.5,6.8,79,72,2.8,78.9,3,1,4,1,9,Male,No,Yes,Placed,CS
389,75.1,68.8,58.1,6.86,65,53,2.9,63.3,2,0,1,2,0,Female,Yes,No,NotPlaced,CE
390,61.3,57.2,61.9,7.09,56,62,3.4,73.4,0,2,5,1,17,Male,Yes,Yes,NotPlaced,ME
391,65.2,57.7,60.6,7.47,73,68,2.2,84.2,2,0,2,1,3,Female,Yes,Yes,NotPlaced,EE
392,73.3,49.7,56.1,6.31,45,48,2.5,73.9,0,1,2,0,10,Female,Yes,No,Placed,ECE
393,69.7,73.9,76.2,8.1,72,49,2.9,78.2,0,0,0,1,6,Male,No,No,Placed,ChemE
394,70.3,85.0,67.6,7.91,74,62,3.2,76.0,2,1,3,0,4,Female,No,No,NotPlaced,EE
395,72.4,65.1,67.7,7.87,66,72,2.5,76.3,0,2,0,1,10,Female,Yes,No,Placed,ChemE
396,92.1,86.6,76.8,8.47,88,70,4.5,85.1,0,0,0,3,0,Female,No,Yes,NotPlaced,ME
397,61.4,65.8,60.9,7.31,45,39,1.9,85.1,1,0,0,0,2,Female,Yes,No,NotPlaced,ME
398,57.9,57.2,56.5,6.35,59,53,2.9,64.7,2,0,0,2,4,Male,No,No,NotPlaced,CE
399,74.1,71.6,63.6,7.64,65,61,3.7,89.8,2,3,1,1,18,Female,Yes,Yes,Placed,ME
400,79.3,59.6,68.8,8.11,85,74,4.7,70.2,1,1,2,3,7,Female,No,Yes,Placed,CE
401,72.3,81.9,58.2,7.71,78,74,5.0,72.8,0,1,1,0,6,Female,No,No,Placed,IT
402,67.7,70.6,61.5,7.36,53,74,3.4,89.0,0,2,5,3,13,Female,No,Yes,Placed,EE
403,70.3,75.5,70.8,7.23,61,68,4.3,83.1,0,1,1,0,7,Male,No,Yes,Placed,CE
404,59.7,66.6,69.9,7.02,81,69,2.4,81.0,0,0,0,1,2,Male,No,Yes,NotPlaced,ChemE
405,95.7,98.9,91.0,9.48,86,66,4.1,83.9,0,2,1,1,7,Female,Yes,No,Placed,CS
406,86.8,81.6,66.9,8.24,64,78,4.3,92.5,0,1,1,3,9,Female,No,No,Placed,ME
407,63.0,70.0,70.1,7.95,74,86,2.0,80.0,0,1,3,2,7,Female,No,Yes,Placed,CE
408,68.5,65.4,76.2,7.73,90,86,3.0,77.0,1,1,0,2,7,Male,Yes,Yes,Placed,ECE
409,69.4,62.8,77.1,7.54,62,54,3.8,89.8,0,1,0,1,8,Female,Yes,Yes,Placed,EE
410,54.3,50.0,50.1,5.89,47,63,3.5,69.6,3,2,1,0,13,Male,Yes,No,NotPlaced,EE
411,72.7,57.8,49.8,6.56,55,54,1.7,76.4,2,0,2,1,6,Female,Yes,No,NotPlaced,CS
412,52.1,54.5,57.6,6.36,49,67,2.9,81.9,0,0,1,2,8,Male,No,Yes,NotPlaced,EE
413,61.4,63.5,68.3,6.97,69,55,3.2,79.5,0,0,0,1,4,Male,No,No,Placed,ChemE
414,81.2,79.2,72.6,7.98,68,59,3.3,72.7,2,0,3,1,2,Male,No,Yes,Placed,ECE
415,69.6,68.8,68.0,6.96,67,51,3.9,75.9,0,0,1,4,0,Female,Yes,No,Placed,EE
416,96.4,85.5,81.8,9.08,98,71,3.6,97.4,0,1,2,4,8,Male,Yes,No,Placed,IT
417,79.4,87.1,81.7,7.58,68,68,3.9,83.0,0,1,0,0,10,Male,No,No,Placed,IT
418,76.8,75.9,75.0,7.18,76,60,3.2,79.1,1,0,0,1,1,Female,No,Yes,NotPlaced,EE
419,60.7,60.5,67.3,7.1,78,80,3.2,76.0,2,1,2,2,9,Male,No,No,NotPlaced,ECE
420,82.6,67.2,85.3,7.26,68,73,2.8,90.2,2,2,1,2,16,Male,Yes,Yes,Placed,EE
421,60.5,46.9,56.3,6.53,61,36,2.9,77.8,0,0,0,0,3,Male,Yes,No,NotPlaced,ME
422,64.1,63.1,61.6,6.54,55,67,2.8,78.4,3,0,1,3,2,Male,No,No,NotPlaced,ChemE
423,60.9,77.2,60.7,7.05,58,72,3.3,72.3,3,1,4,1,6,Female,No,No,Placed,ECE
424,61.5,68.3,48.0,5.76,46,57,2.9,76.3,3,0,1,0,4,Female,Yes,No,NotPlaced,ChemE
425,72.7,70.9,61.3,7.15,67,96,3.1,85.7,0,0,4,2,0,Male,Yes,No,Placed,IT
426,58.0,74.3,60.2,6.93,53,49,3.3,65.3,2,0,1,1,0,Female,No,Yes,NotPlaced,CE
427,69.3,72.8,82.1,7.73,69,73,4.5,89.1,0,0,3,5,2,Female,Yes,No,NotPlaced,CE
428,85.4,87.0,77.1,8.33,81,83,3.5,69.2,1,0,2,0,3,Female,No,No,Placed,CS
429,89.0,70.2,76.6,7.01,72,69,3.0,86.8,1,0,2,1,3,Female,No,No,NotPlaced,ME
430,73.3,51.4,58.7,6.77,62,43,4.5,68.4,1,0,3,1,0,Female,No,No,NotPlaced,CS
431,81.4,75.9,78.1,8.48,77,45,2.8,100.0,0,1,0,3,9,Male,No,No,Placed,EE
432,78.6,78.1,78.1,8.78,91,75,3.1,79.9,0,0,4,0,1,Male,Yes,Yes,Placed,ECE
433,71.6,90.4,63.7,7.63,65,63,3.3,81.7,0,2,3,1,12,Female,No,No,NotPlaced,ME
434,59.7,67.1,73.0,8.01,55,57,2.6,87.5,0,0,1,2,2,Female,Yes,No,NotPlaced,ECE
435,58.8,48.8,55.5,5.83,61,53,3.1,86.6,1,1,2,0,11,Male,Yes,No,Placed,ChemE
436,76.2,73.3,70.3,6.66,81,79,4.0,78.5,0,0,0,2,5,Female,Yes,Yes,Placed,IT
437,76.9,68.9,73.8,8.04,71,57,3.5,80.2,0,4,1,2,16,Male,No,No,Placed,EE
438,62.5,65.8,62.0,7.43,68,72,3.3,80.3,1,1,0,0,8,Female,Yes,No,Placed,IT
439,60.5,70.2,58.3,7.36,58,56,3.4,75.2,2,1,0,1,5,Male,No,Yes,NotPlaced,ME
440,84.9,76.8,80.9,7.9,88,100,3.7,86.6,0,0,5,6,1,Female,No,No,Placed,CS
441,52.5,70.7,65.4,6.35,51,53,2.6,64.6,2,0,1,0,0,Female,No,Yes,NotPlaced,ME
442,55.9,68.7,54.3,6.82,57,59,2.9,78.2,0,0,0,2,2,Male,Yes,No,Placed,CS
443,74.9,63.7,63.5,6.92,77,97,2.8,83.3,1,0,2,2,5,Male,Yes,Yes,Placed,CS
444,53.0,71.5,55.2,6.44,70,86,4.2,85.6,3,2,2,1,20,Male,No,No,NotPlaced,IT
445,54.3,54.0,59.4,6.12,49,52,2.4,89.2,1,0,0,1,3,Female,No,No,NotPlaced,ECE
446,79.9,82.6,76.0,6.7,76,67,2.2,73.1,1,0,5,2,1,Male,Yes,Yes,NotPlaced,CE
447,73.5,77.4,67.0,8.77,73,84,4.3,69.5,0,0,2,1,8,Female,Yes,No,Placed,IT
448,74.3,66.6,71.4,7.83,73,79,2.7,83.4,1,0,4,3,7,Female,No,No,Placed,CS
449,79.7,66.6,81.5,7.16,70,60,2.3,78.8,1,0,1,2,1,Male,Yes,Yes,NotPlaced,ChemE
450,57.1,82.4,66.7,6.89,72,49,2.9,67.4,1,0,0,0,0,Male,Yes,No,NotPlaced,IT
451,76.4,77.2,72.4,7.38,68,69,3.8,76.6,3,1,2,2,7,Female,Yes,No,Placed,CS
452,67.6,77.0,70.3,7.59,64,48,4.2,75.3,0,1,1,2,5,Female,Yes,No,NotPlaced,ME
453,69.4,64.4,72.4,6.75,64,86,3.1,57.3,3,1,1,1,9,Male,Yes,No,NotPlaced,CE
454,87.5,77.1,66.6,7.12,61,68,3.7,80.2,1,4,1,0,22,Male,Yes,Yes,Placed,ECE
455,66.3,72.0,73.1,8.09,76,80,3.9,80.3,0,0,0,3,0,Female,Yes,No,Placed,IT
456,58.3,63.9,54.4,5.26,79,57,4.0,75.3,2,1,0,2,6,Male,Yes,Yes,Placed,ECE
457,72.3,70.9,58.6,5.8,56,68,3.7,88.7,0,1,1,4,8,Male,Yes,Yes,Placed,ECE
458,59.0,68.6,66.0,6.22,60,55,3.4,69.0,1,0,0,1,2,Male,Yes,Yes,NotPlaced,EE
459,57.1,65.7,53.2,6.35,63,68,3.5,72.5,0,0,0,0,3,Male,No,Yes,NotPlaced,ChemE
460,70.2,70.3,70.2,6.8,69,67,4.2,79.1,1,0,5,1,0,Male,No,Yes,NotPlaced,CS
461,61.3,67.7,61.6,7.5,58,72,4.2,73.2,0,2,3,0,11,Male,Yes,Yes,Placed,EE
462,60.9,69.7,70.3,6.7,52,38,3.5,73.7,1,0,0,0,5,Female,No,Yes,NotPlaced,CE
463,74.6,69.4,62.7,7.37,60,75,2.3,81.6,0,2,1,4,15,Male,No,Yes,Placed,CS
464,66.0,59.7,67.6,7.09,71,62,3.5,79.5,0,0,0,3,4,Female,No,Yes,Placed,ME
465,76.6,77.6,56.2,6.64,66,79,4.0,73.6,1,0,3,1,1,Male,No,Yes,NotPlaced,IT
466,86.8,69.4,67.6,7.51,78,63,4.5,94.8,0,0,1,2,2,Male,Yes,No,Placed,ME
467,76.7,71.4,72.0,8.12,57,70,3.4,80.6,0,1,0,0,13,Male,No,No,NotPlaced,ME
468,72.0,62.0,63.4,6.65,65,66,3.9,73.8,1,1,2,1,4,Female,No,Yes,NotPlaced,ECE
469,61.8,45.0,61.4,6.77,48,48,2.8,64.6,3,0,0,0,4,Male,No,No,NotPlaced,ChemE
470,57.8,76.9,72.6,7.81,89,100,4.8,77.3,1,0,4,1,2,Male,Yes,Yes,Placed,IT
471,81.4,92.8,73.3,7.86,87,75,2.9,79.2,0,2,2,1,13,Female,Yes,Yes,Placed,ECE
472,60.6,53.8,48.0,5.54,35,66,1.9,65.2,2,0,1,3,4,Female,No,No,NotPlaced,CE
473,60.2,78.9,54.1,5.87,46,66,3.9,67.0,0,1,0,1,8,Female,No,Yes,NotPlaced,CS
474,68.6,57.7,57.1,6.14,56,33,3.3,67.0,1,0,0,0,3,Male,Yes,No,NotPlaced,ChemE
475,54.5,57.0,60.1,5.85,55,66,2.9,69.5,4,1,1,1,11,Male,No,Yes,NotPlaced,ME
476,70.4,63.3,67.5,6.74,72,77,4.7,69.4,0,1,6,3,6,Female,Yes,Yes,Placed,EE
477,87.0,75.0,58.7,7.43,69,50,3.9,94.6,0,1,1,2,6,Male,Yes,No,Placed,ChemE
478,72.2,67.8,60.1,6.31,67,75,2.8,77.3,1,0,1,1,2,Female,No,Yes,Placed,EE
479,85.5,86.0,82.0,7.62,69,38,3.5,55.7,1,0,0,0,0,Female,No,No,NotPlaced,CS
480,76.0,56.9,67.4,6.41,57,68,3.6,63.5,1,1,2,2,6,Male,Yes,Yes,Placed,CE
481,53.2,59.4,61.1,6.35,59,82,1.9,81.2,1,2,2,4,10,Female,No,No,NotPlaced,ME
482,76.0,73.5,64.9,6.8,54,57,2.9,68.2,1,1,1,1,7,Male,Yes,No,NotPlaced,EE
483,73.6,87.0,79.3,7.24,81,81,2.3,79.7,0,1,1,2,9,Female,No,Yes,Placed,IT
484,56.0,45.0,52.7,7.19,55,82,2.1,84.7,1,1,1,2,5,Male,No,Yes,NotPlaced,ECE
485,68.8,57.6,64.8,7.01,70,53,2.8,74.6,0,0,1,1,5,Male,Yes,No,NotPlaced,ME
486,73.6,58.0,58.8,5.27,52,66,2.3,60.6,3,0,1,0,0,Male,No,No,NotPlaced,ChemE
487,64.1,74.6,67.8,7.3,61,50,2.5,73.4,3,1,0,1,8,Male,Yes,No,NotPlaced,ECE
488,51.1,57.5,61.6,6.35,62,79,3.3,88.6,1,2,3,3,14,Male,Yes,No,NotPlaced,IT
489,46.0,58.6,54.7,5.76,56,48,4.0,65.2,2,0,1,0,3,Male,Yes,No,NotPlaced,CS
490,82.1,92.9,76.6,8.13,81,55,3.7,74.6,0,0,1,2,4,Male,Yes,Yes,Placed,ME
491,66.9,70.6,67.8,7.84,73,69,3.3,83.8,1,0,1,0,0,Male,Yes,No,NotPlaced,CE
492,50.1,60.7,68.6,6.77,56,57,2.9,79.9,1,0,3,1,1,Male,No,Yes,NotPlaced,CS
493,57.3,69.0,73.8,6.3,79,75,3.5,77.2,1,1,1,4,7,Male,Yes,No,Placed,ECE
494,73.2,71.4,68.6,6.85,82,94,3.5,86.8,0,1,3,1,10,Female,No,No,Placed,ECE
495,61.4,54.3,48.0,5.04,46,50,4.9,75.5,3,0,0,3,0,Male,No,Yes,Placed,CE
496,69.3,69.1,68.2,7.2,69,61,3.5,86.2,0,1,1,2,4,Male,Yes,Yes,Placed,ME
497,69.5,60.0,61.7,6.76,72,67,3.6,77.6,2,0,3,1,5,Male,No,Yes,Placed,ECE
498,71.3,53.9,49.6,6.23,48,44,3.1,81.5,1,0,1,1,1,Male,Yes,No,NotPlaced,IT
499,67.3,76.0,76.9,7.18,67,79,3.8,83.6,0,1,2,2,13,Female,No,No,Placed,CS
500,72.7,63.4,67.3,7.22,69,65,3.5,86.4,0,3,1,3,16,Male,Yes,No,Placed,ECE
501,63.0,58.5,59.8,6.63,50,50,3.9,84.3,0,1,0,1,6,Female,No,Yes,NotPlaced,ME
502,63.6,47.0,54.1,6.36,61,68,3.7,69.7,2,3,1,2,19,Male,Yes,Yes,Placed,CE
503,76.4,77.0,75.8,8.16,87,75,3.2,100.0,0,0,2,2,0,Female,Yes,Yes,Placed,EE
504,67.6,75.1,73.9,8.31,75,59,4.0,79.6,0,0,3,1,0,Male,No,No,Placed,CE
505,71.3,60.0,71.8,7.02,59,68,3.7,83.1,0,0,0,1,0,Male,No,No,NotPlaced,ME
506,79.4,67.0,74.7,7.3,72,60,3.9,78.9,0,0,0,0,8,Male,No,No,NotPlaced,ChemE
507,64.0,58.5,60.6,6.05,48,40,2.9,50.0,3,0,0,0,0,Male,No,Yes,NotPlaced,CS
508,80.2,58.3,64.9,7.57,61,59,4.3,72.6,0,0,2,2,4,Male,Yes,Yes,Placed,ChemE
509,83.3,68.8,73.1,8.07,74,62,3.5,89.2,0,0,2,3,0,Male,No,Yes,Placed,ECE
510,67.7,79.4,64.5,6.89,78,69,2.4,93.1,0,0,2,1,5,Female,Yes,No,NotPlaced,CS
511,74.3,71.6,77.5,9.21,74,76,5.0,89.2,0,2,1,0,15,Male,Yes,Yes,Placed,IT
512,53.5,62.5,58.6,6.75,64,41,3.3,69.4,1,0,2,2,8,Female,No,No,NotPlaced,ChemE
513,60.3,65.9,69.3,7.14,65,59,4.7,74.8,1,0,1,0,6,Male,Yes,Yes,NotPlaced,ME
514,89.4,80.9,77.5,8.84,91,91,4.0,88.7,0,1,4,4,9,Male,No,Yes,Placed,EE
515,64.7,58.3,68.4,7.39,57,45,3.4,73.2,1,0,1,0,2,Male,Yes,No,NotPlaced,CE
516,46.8,45.0,54.8,5.5,57,71,4.2,79.7,2,0,0,0,0,Female,No,Yes,NotPlaced,ME
517,77.7,62.8,70.3,6.13,54,68,4.2,77.4,1,1,3,2,7,Male,No,Yes,Placed,IT
518,76.2,77.3,76.7,7.84,88,66,3.4,78.1,3,0,1,1,7,Male,No,Yes,NotPlaced,ME
519,62.1,56.9,58.5,5.55,39,55,3.5,65.2,1,0,0,1,3,Female,No,Yes,NotPlaced,CE
520,68.9,69.9,68.8,6.21,78,62,2.8,74.0,1,0,1,2,0,Male,Yes,Yes,NotPlaced,EE
521,68.6,66.4,78.9,7.7,87,81,3.0,82.6,1,3,1,1,13,Male,No,No,Placed,ME
522,82.8,85.5,75.2,8.19,75,72,3.4,82.9,0,1,1,1,7,Female,No,Yes,Placed,EE
523,69.9,57.7,64.3,6.5,69,63,3.0,83.3,0,1,2,2,11,Female,No,Yes,NotPlaced,ME
524,70.2,64.9,73.1,8.08,78,69,3.8,93.5,1,1,3,3,4,Female,Yes,No,Placed,CS
525,87.9,68.9,70.3,7.94,78,61,2.1,95.4,0,0,2,2,0,Female,No,No,NotPlaced,CS
526,80.2,67.9,68.2,7.35,58,49,3.4,90.1,0,0,1,3,2,Male,Yes,No,Placed,ME
527,73.0,64.2,62.1,7.06,60,50,4.8,64.8,0,0,0,0,1,Male,Yes,Yes,Placed,CE
528,56.5,64.3,60.8,6.03,68,57,3.9,83.4,1,1,2,1,7,Male,No,No,NotPlaced,EE
529,69.4,66.3,73.1,7.68,64,66,3.9,78.8,0,1,2,3,8,Male,No,No,Placed,ECE
530,80.5,65.9,69.1,6.15,53,58,3.9,87.1,0,1,3,0,10,Female,Yes,Yes,NotPlaced,ME
531,59.6,67.6,72.4,7.93,74,65,3.1,88.5,0,0,1,2,1,Female,No,Yes,Placed,ChemE
532,70.3,72.2,66.3,7.66,67,80,4.8,75.2,0,0,4,0,3,Male,Yes,Yes,Placed,ECE
533,75.7,75.2,72.4,7.78,78,81,3.5,99.0,0,1,0,5,9,Male,Yes,No,Placed,ME
534,64.5,57.5,61.2,7.06,60,63,3.0,74.0,0,1,3,2,5,Female,Yes,Yes,NotPlaced,IT
535,72.9,75.2,65.7,7.47,80,75,3.8,95.6,0,2,3,3,9,Female,Yes,Yes,Placed,IT
536,73.5,67.8,61.0,7.85,73,51,5.0,86.9,0,0,1,2,3,Female,No,Yes,NotPlaced,ECE
537,61.0,69.0,52.5,6.61,60,44,3.0,80.5,0,0,1,0,0,Female,Yes,No,NotPlaced,CS
538,74.7,60.6,61.3,7.36,54,60,2.9,82.7,0,2,2,3,12,Male,No,No,Placed,EE
539,68.5,66.2,63.5,6.91,64,41,3.6,81.9,4,0,1,2,1,Male,No,No,NotPlaced,ME
540,72.5,78.9,69.8,6.99,53,65,4.0,86.3,1,0,1,2,1,Male,No,Yes,NotPlaced,ChemE
541,60.8,65.0,63.5,7.12,49,65,4.3,84.7,0,1,0,0,6,Female,Yes,No,Placed,CS
542,75.4,91.2,71.1,7.33,85,89,5.0,79.9,2,1,3,3,5,Female,Yes,Yes,Placed,ME
543,80.6,66.4,71.6,6.42,49,50,2.8,74.6,1,1,0,1,4,Female,No,Yes,NotPlaced,ME
544,63.1,80.5,66.3,6.96,54,51,4.2,78.6,1,1,0,0,4,Female,Yes,No,Placed,IT
545,86.3,93.5,69.2,8.23,76,78,3.8,77.0,0,1,3,3,4,Female,No,Yes,NotPlaced,IT
546,75.6,74.5,80.8,8.79,96,83,2.5,82.2,0,1,1,3,7,Female,Yes,Yes,Placed,ECE
547,50.6,62.8,61.8,5.95,57,67,2.9,75.3,2,1,1,1,12,Male,No,No,NotPlaced,ME
548,83.6,91.0,78.0,8.34,99,75,3.9,84.5,0,2,1,4,14,Female,No,Yes,Placed,CS
549,70.0,62.1,55.3,6.36,55,62,3.7,60.8,3,3,1,0,21,Male,No,Yes,NotPlaced,ECE
550,70.1,62.2,62.3,6.93,59,65,3.8,78.3,0,2,4,1,13,Male,No,Yes,Placed,ECE
551,76.4,57.1,63.2,7.37,52,59,3.2,91.0,0,2,2,1,14,Male,Yes,No,Placed,ChemE
552,77.5,70.2,79.1,7.89,77,58,3.6,87.6,0,0,0,2,3,Female,No,No,Placed,ChemE
553,75.7,92.2,73.6,7.14,74,55,4.5,86.1,0,2,4,3,9,Male,Yes,Yes,Placed,CS
554,79.3,84.4,77.2,8.21,100,100,3.4,92.0,0,2,7,0,13,Male,Yes,Yes,Placed,ECE
555,86.1,58.3,60.9,7.04,73,71,3.1,75.7,1,0,2,0,2,Female,No,No,NotPlaced,IT
556,63.7,61.5,78.4,7.47,52,50,3.3,78.8,3,0,1,1,3,Male,No,Yes,NotPlaced,ECE
557,58.4,45.0,59.9,6.92,68,50,3.7,81.5,2,1,1,1,5,Female,No,No,NotPlaced,ME
558,81.8,98.0,89.7,9.01,82,81,4.1,85.1,0,1,2,2,9,Male,Yes,Yes,Placed,ECE
559,64.9,58.0,53.4,6.35,52,76,3.1,77.2,1,2,2,0,9,Male,No,Yes,Placed,CE
560,62.4,72.8,66.1,7.22,76,54,2.7,81.4,0,1,2,1,8,Male,No,No,NotPlaced,IT
561,94.6,80.0,84.6,8.55,83,78,2.9,89.1,0,3,4,1,25,Female,No,No,Placed,ChemE
562,75.8,81.0,60.8,7.3,79,70,3.0,78.1,0,1,2,2,4,Male,Yes,Yes,NotPlaced,CE
563,73.7,65.4,71.4,7.24,67,71,3.1,79.2,0,1,6,2,8,Male,Yes,No,Placed,ECE
564,80.1,77.4,72.5,8.27,82,52,3.9,74.8,0,1,1,0,7,Female,No,Yes,Placed,EE
565,73.7,74.2,73.0,7.25,79,72,3.8,86.1,0,1,1,2,6,Male,Yes,Yes,Placed,IT
566,52.6,45.0,56.1,5.19,35,49,3.2,73.0,1,0,0,0,0,Male,No,No,NotPlaced,ME
567,75.7,67.5,69.6,7.67,94,72,4.5,82.1,0,4,4,2,23,Female,No,Yes,Placed,CS
568,59.9,50.2,48.0,5.08,54,55,3.7,66.7,4,1,0,1,9,Male,No,No,NotPlaced,CS
569,70.3,77.2,67.8,8.14,77,94,4.5,67.0,1,0,4,1,5,Female,No,Yes,NotPlaced,ECE
570,53.4,68.8,57.0,5.96,60,87,4.1,68.5,2,0,2,0,4,Male,No,No,NotPlaced,ME
571,87.3,80.9,87.1,8.33,53,78,4.3,95.2,0,1,0,2,6,Male,Yes,Yes,Placed,ECE
572,74.9,72.4,69.9,7.94,80,60,4.3,94.8,0,1,0,3,8,Female,No,Yes,Placed,ECE
573,64.3,80.1,84.3,8.43,65,60,3.8,93.7,0,0,3,1,6,Male,Yes,No,Placed,CE
574,77.5,78.5,66.3,7.81,75,71,4.2,95.4,0,1,1,4,6,Male,Yes,Yes,Placed,EE
575,99.0,91.7,87.5,9.66,87,66,3.7,89.3,0,0,2,3,5,Male,Yes,Yes,Placed,CE
576,66.0,76.8,69.1,7.29,53,51,1.8,64.0,2,0,1,1,0,Female,Yes,No,NotPlaced,CE
577,70.3,70.5,76.0,7.33,73,62,4.7,84.3,1,0,1,0,3,Male,Yes,Yes,NotPlaced,CE
578,70.7,82.6,69.0,8.73,74,80,4.1,90.1,0,3,0,0,20,Female,No,No,Placed,CE
579,78.2,76.0,75.4,8.64,68,64,4.1,95.8,0,1,3,3,9,Male,Yes,No,Placed,CE
580,60.2,76.6,64.8,7.26,68,69,4.7,87.1,3,0,2,1,3,Male,No,Yes,Placed,CS
581,77.7,65.5,68.2,8.02,72,92,4.3,88.3,0,1,1,2,5,Female,No,Yes,Placed,CS
582,52.0,47.3,53.5,5.0,35,62,1.4,89.6,0,1,2,1,7,Male,Yes,No,NotPlaced,CE
583,69.9,78.4,69.5,7.04,64,71,2.7,74.8,0,1,6,0,13,Male,No,Yes,NotPlaced,CE
584,67.7,64.4,62.8,8.01,72,69,3.0,79.7,0,0,0,2,2,Male,Yes,No,Placed,ECE
585,99.0,99.0,94.2,9.52,98,94,4.7,100.0,0,2,4,2,13,Female,Yes,No,Placed,CS
586,78.1,65.8,83.4,7.94,92,58,2.5,82.7,0,1,1,2,6,Female,No,No,Placed,ChemE
587,72.6,67.5,69.0,7.92,81,62,3.2,81.2,0,0,3,1,3,Female,Yes,Yes,Placed,IT
588,81.6,81.6,76.3,8.54,88,83,4.0,87.9,0,2,4,1,15,Female,Yes,Yes,Placed,ECE
589,70.1,88.0,64.0,7.37,63,57,2.9,63.8,3,0,3,1,2,Female,No,Yes,NotPlaced,IT
590,75.9,71.5,76.3,7.26,66,83,4.1,85.7,0,1,3,2,7,Male,Yes,Yes,Placed,ECE
591,90.8,84.3,81.0,9.38,82,66,3.1,89.2,0,0,0,1,5,Female,Yes,No,Placed,IT
592,98.1,99.0,78.4,9.08,100,95,5.0,88.4,0,3,4,1,24,Male,No,Yes,Placed,CE
593,81.8,52.5,54.2,5.72,68,64,2.2,86.4,3,1,3,1,12,Male,No,Yes,Placed,ChemE
594,57.8,45.0,70.7,6.58,70,83,3.0,72.7,0,1,8,1,9,Female,Yes,No,Placed,CS
595,77.0,87.4,70.2,7.42,71,64,4.0,79.8,0,1,1,1,6,Male,Yes,Yes,NotPlaced,CE
596,65.1,71.4,59.3,7.27,67,82,2.1,72.0,0,1,3,2,14,Male,No,No,NotPlaced,ME
597,91.5,71.6,71.9,7.8,54,62,3.2,82.1,0,3,0,1,19,Female,No,Yes,NotPlaced,ME
598,81.6,79.5,82.7,8.41,76,63,2.0,83.7,0,2,1,3,13,Female,Yes,No,Placed,CE
599,45.0,62.7,64.9,5.6,51,60,2.3,61.8,1,1,0,0,5,Female,Yes,Yes,Placed,ChemE
600,70.7,64.1,63.9,7.1,70,61,2.6,81.5,0,4,1,2,25,Male,No,Yes,NotPlaced,IT
601,69.5,66.2,66.7,6.24,59,85,3.2,72.9,0,1,4,3,8,Male,No,No,Placed,CS
602,69.7,77.6,60.0,6.63,45,45,4.0,69.2,3,0,0,1,2,Male,Yes,Yes,NotPlaced,EE
603,46.5,45.0,48.7,5.53,53,50,3.0,85.4,0,0,2,0,1,Male,No,No,NotPlaced,CE
604,59.7,58.1,48.5,5.45,39,37,3.3,79.6,2,0,0,1,0,Female,Yes,No,NotPlaced,EE
605,63.1,52.7,69.0,7.38,53,57,4.3,61.3,1,0,1,0,0,Female,No,Yes,NotPlaced,ChemE
606,51.0,65.0,49.6,5.0,54,47,3.7,80.3,2,0,3,0,1,Female,No,Yes,NotPlaced,EE
607,74.5,72.3,63.2,7.68,79,80,5.0,90.4,0,0,5,3,8,Female,Yes,Yes,Placed,EE
608,72.1,63.4,63.9,7.64,87,91,2.6,91.3,0,0,2,5,7,Female,No,No,Placed,CS
609,70.6,48.0,62.6,6.06,56,61,3.0,71.9,0,0,1,1,7,Female,No,Yes,NotPlaced,CE
610,63.3,57.5,55.9,6.59,58,71,4.2,74.1,2,0,4,2,0,Female,No,Yes,NotPlaced,ECE
611,76.2,71.1,76.4,6.99,70,82,2.6,90.2,0,1,6,1,8,Male,No,Yes,Placed,CS
612,69.0,85.6,78.3,8.12,81,100,3.0,80.8,0,0,4,2,9,Female,Yes,Yes,Placed,CE
613,87.7,67.1,79.0,7.86,82,80,3.2,74.8,0,0,3,3,0,Female,Yes,No,Placed,ECE
614,69.9,67.3,70.5,7.76,67,54,3.3,80.5,0,0,0,0,2,Female,No,No,Placed,ECE
615,85.9,73.9,73.3,7.9,64,58,1.7,65.4,2,0,3,0,2,Female,No,Yes,NotPlaced,EE
616,62.8,51.7,57.3,5.98,37,48,2.8,63.4,1,0,0,0,3,Female,Yes,Yes,NotPlaced,ECE
617,66.4,58.7,55.8,6.37,57,55,3.8,91.7,1,0,1,1,2,Male,No,No,NotPlaced,CS
618,82.2,67.4,76.1,8.14,79,69,3.3,87.6,1,1,0,1,9,Male,No,No,Placed,ECE
619,58.1,75.3,75.5,8.29,68,71,2.1,78.6,0,0,0,2,0,Male,No,Yes,Placed,ECE
620,50.3,47.1,48.0,6.54,40,57,3.7,68.8,1,0,1,0,2,Male,No,Yes,NotPlaced,ECE
621,91.5,85.3,87.2,9.25,93,57,4.0,83.5,0,0,2,2,0,Male,No,No,Placed,ME
622,84.5,70.6,68.4,7.21,64,60,3.5,94.2,0,3,3,0,13,Male,Yes,Yes,NotPlaced,CE
623,82.2,70.3,85.6,8.9,88,72,4.5,90.9,0,0,1,2,2,Male,Yes,Yes,Placed,EE
624,59.5,80.6,83.1,8.1,80,67,4.1,95.0,0,0,3,1,3,Female,Yes,Yes,Placed,CS
625,67.8,69.6,71.0,7.05,70,48,3.4,90.7,0,0,1,0,3,Female,Yes,No,Placed,ME
626,75.2,75.6,72.4,8.61,74,59,4.2,88.8,0,1,0,1,8,Male,Yes,Yes,Placed,EE
627,89.3,78.8,84.7,8.75,71,72,4.7,92.8,0,4,2,3,23,Male,No,No,Placed,CS
628,78.9,74.9,76.0,7.75,59,72,3.4,97.1,0,1,2,1,7,Male,Yes,Yes,Placed,EE
629,63.5,71.4,68.5,7.89,71,77,3.9,78.1,1,0,2,1,3,Female,No,No,NotPlaced,EE
630,78.3,69.9,64.9,7.56,88,86,4.1,71.1,2,0,3,0,3,Male,Yes,Yes,NotPlaced,ME
631,73.6,57.7,66.6,6.72,74,80,3.2,78.5,0,1,7,2,9,Female,No,No,Placed,ME
632,81.5,98.4,89.5,8.95,99,80,4.4,87.1,0,1,4,4,6,Male,No,Yes,Placed,IT
633,85.3,73.1,72.0,8.2,68,61,4.1,91.5,0,3,0,1,16,Male,Yes,Yes,Placed,CS
634,69.1,71.7,63.7,6.4,83,51,3.1,97.4,0,0,2,2,5,Male,Yes,Yes,Placed,EE
635,61.9,70.7,54.2,5.96,59,36,2.9,83.2,0,1,0,0,7,Female,No,Yes,NotPlaced,EE
636,71.2,70.6,77.4,8.18,75,66,3.3,88.2,0,1,0,1,7,Male,Yes,No,Placed,CE
637,68.5,70.5,69.6,6.96,73,54,3.1,90.4,0,0,0,4,0,Male,Yes,No,Placed,CS
638,63.6,45.0,60.7,6.08,50,55,2.2,68.3,0,1,1,0,8,Male,No,Yes,NotPlaced,IT
639,54.5,49.4,61.6,7.48,59,34,3.2,77.0,0,0,0,2,4,Male,Yes,No,NotPlaced,ChemE
640,62.1,50.2,48.0,5.0,45,62,4.7,80.8,1,0,2,1,1,Female,Yes,Yes,Placed,EE
641,75.4,73.7,79.1,8.3,66,72,4.2,92.9,0,0,6,5,1,Female,No,Yes,Placed,ECE
642,77.5,87.9,73.9,8.2,67,42,3.5,79.1,0,1,2,1,8,Male,Yes,Yes,Placed,CS
643,56.5,59.4,55.9,5.93,46,55,4.6,82.7,1,0,4,2,0,Female,No,No,Placed,EE
644,76.5,69.4,73.8,9.39,68,70,3.9,85.6,0,0,2,3,8,Male,No,No,Placed,IT
645,52.5,71.9,61.9,7.02,75,41,4.6,96.2,2,1,0,1,7,Male,Yes,Yes,Placed,CS
646,56.6,50.7,58.6,6.39,53,79,3.6,76.0,0,0,2,2,6,Female,No,No,NotPlaced,CS
647,61.0,80.0,64.6,7.47,85,72,3.9,90.8,0,1,2,3,8,Female,Yes,Yes,Placed,EE
648,63.7,68.2,80.4,7.38,60,77,3.1,94.7,0,1,4,3,10,Female,Yes,No,Placed,CS
649,63.1,94.9,67.4,7.47,70,71,2.3,74.9,1,0,1,2,2,Male,No,No,Placed,CS
650,90.3,75.3,73.8,8.9,77,84,2.3,81.8,0,0,1,5,0,Male,Yes,No,Placed,ECE
651,57.3,63.6,59.9,7.07,80,73,2.6,81.5,0,1,3,2,8,Male,No,No,NotPlaced,ChemE
652,80.5,80.8,66.9,8.4,78,56,2.9,85.2,0,1,3,2,9,Male,Yes,No,Placed,ECE
653,86.1,74.4,73.4,7.92,61,55,2.8,84.9,0,0,0,0,5,Male,Yes,Yes,NotPlaced,CE
654,72.5,55.7,59.4,7.1,59,68,2.1,70.9,1,0,1,1,4,Female,No,No,NotPlaced,CE
655,68.9,86.6,73.0,6.5,81,79,3.3,89.4,0,1,1,1,7,Male,Yes,Yes,Placed,ME
656,63.4,58.1,63.7,7.52,67,50,5.0,76.8,0,0,3,0,0,Male,No,No,NotPlaced,ChemE
657,68.0,59.0,56.7,6.72,57,62,4.3,86.2,1,1,0,1,5,Female,Yes,Yes,Placed,CE
658,80.0,60.9,57.6,6.2,48,57,3.6,79.2,2,0,0,1,0,Male,No,Yes,NotPlaced,ME
659,73.7,70.1,78.6,7.75,62,76,4.2,91.8,0,2,1,4,18,Male,No,Yes,Placed,ME
660,73.4,60.6,60.4,7.51,70,67,3.5,80.9,0,1,1,1,9,Male,No,Yes,Placed,CS
661,92.6,81.9,77.3,7.78,59,68,2.9,74.0,1,0,5,1,0,Female,No,Yes,Placed,CS
662,85.0,83.1,76.9,9.11,79,73,4.3,90.4,0,2,1,1,9,Female,Yes,Yes,Placed,CS
663,82.0,71.8,65.3,7.98,71,89,3.4,77.3,1,1,2,3,5,Female,Yes,No,Placed,IT
664,85.2,84.9,76.3,8.57,72,64,4.0,80.3,0,0,1,1,2,Female,No,No,NotPlaced,CE
665,76.8,64.6,77.9,6.84,71,61,3.3,96.4,1,0,2,2,5,Male,Yes,Yes,Placed,EE
666,55.8,55.4,51.7,6.5,55,59,3.8,62.8,3,0,1,0,4,Female,No,No,NotPlaced,CE
667,59.4,65.1,67.7,6.95,70,62,3.1,71.8,2,1,2,2,9,Male,No,Yes,NotPlaced,ChemE
668,67.2,76.3,74.1,7.18,75,44,4.2,86.1,0,0,0,4,0,Female,Yes,No,Placed,ME
669,73.8,63.0,61.1,6.75,96,73,3.2,79.3,1,0,3,1,3,Male,Yes,Yes,NotPlaced,ME
670,90.1,80.4,86.6,8.96,92,76,2.9,92.3,0,0,3,2,2,Male,Yes,No,Placed,CS
671,91.0,63.1,82.9,7.83,83,76,3.8,79.7,0,1,1,0,9,Female,Yes,Yes,Placed,ECE
672,58.9,50.3,51.0,6.55,50,49,2.0,62.1,1,0,1,1,3,Female,Yes,No,NotPlaced,CE
673,85.6,67.3,74.1,8.38,79,54,2.8,74.3,0,0,0,1,0,Male,No,No,NotPlaced,EE
674,74.6,57.3,66.6,6.89,79,60,4.7,86.4,0,2,2,2,13,Female,Yes,No,NotPlaced,ECE
675,74.4,76.4,72.8,7.61,68,67,3.9,80.4,1,0,1,2,3,Male,Yes,No,Placed,CS
676,75.8,99.0,73.4,8.12,67,68,4.6,79.7,0,2,0,0,10,Male,Yes,No,Placed,ME
677,62.0,72.5,72.7,8.1,64,60,3.6,63.3,2,0,3,1,2,Female,No,Yes,NotPlaced,CE
678,72.5,74.4,66.6,7.87,59,76,3.2,86.1,0,1,2,2,4,Male,Yes,Yes,Placed,CE
679,69.8,62.3,62.6,7.75,62,68,4.1,80.2,1,0,3,1,4,Male,Yes,No,Placed,EE
680,80.4,61.7,69.0,7.38,59,60,3.6,79.8,0,0,0,4,6,Male,No,Yes,NotPlaced,ME
681,81.7,87.0,70.7,7.37,74,75,2.3,77.4,1,2,2,3,11,Male,Yes,No,Placed,CS
682,67.4,57.4,69.7,7.6,64,58,2.8,75.5,1,1,1,1,6,Female,No,No,Placed,ME
683,99.0,69.4,86.2,8.82,82,61,2.9,78.6,0,2,1,0,12,Male,No,Yes,Placed,IT
684,86.7,86.3,86.5,8.55,78,78,3.8,83.9,0,2,2,4,8,Male,Yes,No,Placed,ME
685,71.0,57.2,58.1,6.22,46,66,4.9,90.2,0,2,1,3,15,Male,Yes,Yes,Placed,ECE
686,63.5,66.2,58.9,6.71,73,65,3.7,61.8,1,0,2,0,0,Female,No,No,NotPlaced,ECE
687,71.1,90.6,73.5,7.71,68,79,4.3,86.9,0,0,4,1,0,Male,No,Yes,NotPlaced,EE
688,66.7,70.5,67.5,7.24,70,71,3.9,77.8,2,1,0,4,10,Female,No,Yes,NotPlaced,CE
689,68.8,56.5,54.8,6.0,66,60,3.9,72.2,1,0,0,0,3,Male,Yes,No,NotPlaced,ME
690,74.4,80.0,74.0,8.1,76,65,3.2,95.7,0,2,2,0,13,Female,Yes,Yes,Placed,ME
691,62.1,84.5,61.0,5.97,65,36,2.5,85.7,0,1,0,0,8,Male,No,No,NotPlaced,EE
692,66.7,82.4,63.1,5.99,64,50,1.4,80.3,0,2,0,1,15,Male,Yes,No,Placed,ECE
693,75.0,73.8,83.6,7.82,67,76,3.9,86.5,0,1,1,2,8,Female,Yes,No,Placed,IT
694,77.9,74.5,67.3,7.04,76,60,3.1,96.4,0,0,1,2,0,Male,Yes,Yes,NotPlaced,IT
695,89.6,88.3,75.8,7.3,66,50,4.2,75.6,0,1,1,3,8,Male,No,No,NotPlaced,EE
696,83.5,87.9,83.3,8.01,75,64,4.5,90.6,0,1,2,0,12,Male,Yes,No,Placed,CS
697,78.3,71.9,70.4,7.82,77,60,4.5,86.5,0,1,0,2,10,Male,Yes,No,NotPlaced,ME
698,73.6,59.9,65.8,6.68,53,58,4.3,74.1,1,0,2,1,0,Male,Yes,Yes,NotPlaced,CE
699,65.5,62.9,61.3,6.98,66,47,4.0,74.8,0,0,3,1,0,Male,Yes,No,Placed,ECE
700,69.3,64.9,66.3,7.2,75,68,3.4,75.1,3,0,2,0,2,Male,No,No,NotPlaced,CE
701,66.0,73.9,62.7,7.04,83,74,3.7,77.5,0,1,2,0,7,Female,No,Yes,Placed,CS
702,67.2,72.6,70.9,7.29,70,72,4.7,75.0,2,1,1,2,6,Female,Yes,No,Placed,ME
703,76.3,68.3,76.4,7.42,63,54,3.8,87.0,0,0,2,0,7,Female,No,Yes,NotPlaced,ME
704,54.5,61.7,62.8,6.7,58,56,3.9,74.3,1,1,0,1,11,Female,Yes,No,NotPlaced,CE
705,56.0,47.6,58.9,6.45,52,66,3.5,77.0,1,1,5,0,9,Female,No,Yes,NotPlaced,CE
706,53.1,59.1,55.8,6.51,53,61,3.2,69.6,3,1,0,0,5,Female,Yes,Yes,NotPlaced,IT
707,77.7,69.0,77.1,7.04,60,61,3.9,95.5,0,0,2,6,1,Male,Yes,No,Placed,CS
708,52.4,45.0,53.0,5.65,61,82,2.8,72.9,1,0,4,1,4,Female,No,No,NotPlaced,ChemE
709,75.7,99.0,77.5,8.5,62,57,4.6,75.1,0,0,2,0,2,Female,Yes,No,Placed,IT
710,72.0,59.8,68.6,7.91,66,69,4.1,79.0,0,3,3,4,12,Male,Yes,Yes,Placed,CE
711,75.6,56.0,65.8,7.3,82,74,3.6,92.3,1,2,2,2,14,Female,Yes,Yes,NotPlaced,EE
712,72.8,70.6,48.1,6.84,47,48,2.9,71.7,1,1,0,0,3,Female,No,Yes,NotPlaced,IT
713,81.2,81.3,76.1,7.96,67,81,3.5,90.9,0,1,2,3,5,Female,No,Yes,Placed,ChemE
714,90.5,75.5,84.9,8.9,75,80,3.2,97.8,1,2,3,7,17,Male,Yes,Yes,Placed,CE
715,79.7,62.3,76.2,7.85,79,73,2.3,80.3,0,0,0,2,6,Female,Yes,No,Placed,CE
716,45.8,59.7,57.8,5.61,49,60,2.4,89.5,0,1,2,4,12,Male,Yes,Yes,NotPlaced,ME
717,66.6,62.4,56.7,6.76,50,37,3.4,85.9,0,2,0,0,11,Male,Yes,No,NotPlaced,ME
718,69.0,64.0,64.3,7.34,73,78,2.5,76.5,4,1,1,0,6,Female,No,No,NotPlaced,CS
719,53.1,67.5,56.3,5.84,55,54,3.0,65.7,3,0,0,0,6,Female,Yes,Yes,NotPlaced,CE
720,58.0,61.9,48.3,5.78,53,56,2.8,76.5,2,0,0,0,5,Female,No,No,NotPlaced,ME
721,79.0,82.4,69.3,7.39,78,75,3.8,83.7,0,1,2,5,10,Male,No,Yes,NotPlaced,CS
722,81.8,68.6,61.6,7.76,77,71,4.1,82.6,1,0,1,0,0,Male,Yes,No,Placed,EE
723,58.0,72.0,61.5,6.53,52,61,3.0,82.3,0,2,3,1,13,Female,Yes,No,NotPlaced,ECE
724,74.9,66.4,66.1,6.46,59,58,3.1,71.3,0,1,0,0,9,Female,No,Yes,Placed,CE
725,93.6,82.1,78.1,8.03,70,66,3.4,85.7,0,0,3,2,3,Female,No,Yes,Placed,EE
726,80.0,66.9,54.6,6.63,54,54,4.2,69.0,2,0,2,2,5,Female,No,Yes,NotPlaced,ME
727,45.0,72.2,62.7,7.41,75,59,3.9,86.2,2,1,3,3,4,Male,No,Yes,NotPlaced,ME
728,77.4,62.5,61.2,6.39,67,72,2.7,90.9,2,2,2,0,10,Male,No,No,Placed,ChemE
729,78.2,53.9,75.2,7.61,58,45,4.1,91.4,0,0,0,3,0,Female,No,Yes,NotPlaced,ME
730,67.1,78.0,81.2,8.48,96,100,4.0,88.3,0,2,5,4,19,Male,Yes,Yes,Placed,ECE
731,59.6,63.3,73.1,6.17,80,69,3.1,76.1,2,1,1,2,10,Male,No,No,NotPlaced,ME
732,74.9,66.8,65.8,7.29,55,56,4.4,78.9,1,0,3,1,5,Female,No,Yes,Placed,ME
733,62.8,63.6,56.7,5.9,49,46,2.4,71.0,0,2,1,1,11,Male,No,Yes,NotPlaced,CS
734,76.6,83.9,84.5,8.59,81,84,3.2,73.6,1,0,1,1,0,Male,No,No,NotPlaced,ECE
735,57.2,47.7,50.1,5.64,61,83,2.9,60.0,2,1,1,0,7,Female,Yes,No,NotPlaced,CE
736,88.6,91.0,76.7,8.99,92,86,3.7,85.9,0,1,4,2,10,Female,No,Yes,Placed,ECE
737,65.8,61.4,71.6,7.32,59,58,4.2,88.8,1,2,2,0,15,Male,Yes,No,Placed,EE
738,76.2,85.6,77.0,7.98,81,88,3.1,88.9,0,1,2,1,7,Female,No,No,Placed,EE
739,75.3,77.1,70.8,7.23,62,48,2.1,72.3,1,0,0,1,4,Female,No,Yes,Placed,CE
740,70.3,73.7,77.8,7.66,63,65,3.4,100.0,0,1,3,4,9,Male,Yes,Yes,Placed,ECE
741,50.8,52.6,67.4,5.5,57,55,3.2,67.0,0,0,1,1,0,Male,Yes,Yes,NotPlaced,IT
742,66.7,63.7,60.7,7.45,56,60,4.4,77.2,0,0,0,2,2,Male,Yes,Yes,Placed,CS
743,81.2,78.3,83.6,9.53,74,68,4.5,89.9,0,1,3,3,6,Female,No,No,Placed,IT
744,66.5,61.4,66.2,7.26,73,52,3.3,81.9,0,2,1,0,10,Female,Yes,Yes,NotPlaced,CE
745,52.0,60.6,67.3,6.5,64,53,2.9,94.1,0,2,1,1,21,Female,No,Yes,Placed,EE
746,72.2,63.8,69.1,7.34,66,83,3.0,86.4,0,1,4,2,8,Male,No,Yes,Placed,IT
747,66.7,45.0,62.6,6.6,62,52,3.6,89.9,0,1,0,1,6,Female,No,No,NotPlaced,CS
748,67.0,67.1,71.3,7.38,93,78,3.9,88.8,0,1,2,2,6,Male,Yes,Yes,Placed,EE
749,65.9,69.3,67.4,6.62,78,98,3.2,79.0,1,0,1,2,0,Female,Yes,No,NotPlaced,EE
750,59.9,55.6,61.1,6.34,55,90,4.1,71.7,1,4,1,2,28,Male,Yes,No,Placed,CE
751,74.7,73.0,80.1,8.53,80,90,5.0,81.6,0,0,2,3,3,Male,No,No,Placed,IT
752,76.2,47.6,67.7,7.15,48,60,2.2,91.5,0,0,3,1,3,Male,Yes,No,Placed,ECE
753,62.4,75.8,69.0,6.87,68,78,4.7,88.4,0,1,1,3,5,Female,No,No,NotPlaced,ECE
754,63.8,65.0,66.6,7.09,61,57,4.2,70.7,0,1,2,1,5,Female,No,Yes,NotPlaced,ME
755,60.4,66.0,67.6,6.67,73,79,3.7,61.9,2,1,2,1,13,Male,Yes,Yes,Placed,ME
756,68.6,59.6,57.7,6.08,58,81,3.8,75.1,4,1,4,1,11,Female,No,No,NotPlaced,ME
757,68.1,71.5,67.4,7.04,74,60,4.2,70.1,2,1,1,0,10,Female,No,No,NotPlaced,CS
758,78.9,63.5,55.6,6.66,55,68,3.3,87.2,2,2,0,1,10,Male,Yes,Yes,NotPlaced,CS
759,63.7,58.9,62.5,6.38,57,65,4.4,84.1,0,0,2,1,0,Female,No,No,NotPlaced,ChemE
760,80.8,76.4,78.0,7.21,57,69,2.8,82.5,2,0,3,2,1,Female,No,No,NotPlaced,ChemE
761,79.1,88.0,69.5,8.47,70,78,2.9,76.9,0,1,2,2,4,Male,Yes,No,Placed,CE
762,65.9,81.9,73.0,7.64,75,64,4.2,89.0,0,1,3,1,6,Female,Yes,Yes,Placed,CS
763,78.2,70.3,74.9,8.3,91,94,4.5,84.1,0,2,0,2,13,Female,Yes,Yes,Placed,IT
764,58.8,63.0,59.2,6.74,54,53,3.0,69.5,0,0,4,0,2,Female,No,No,NotPlaced,EE
765,52.9,52.3,67.4,7.49,66,52,3.0,68.9,0,0,0,0,0,Female,Yes,No,NotPlaced,ME
766,88.2,75.7,78.0,8.6,86,73,5.0,97.1,0,0,3,1,3,Female,Yes,Yes,Placed,EE
767,69.0,64.9,67.5,7.91,57,59,3.5,77.2,0,2,2,3,10,Male,Yes,No,Placed,ECE
768,83.0,93.4,84.0,9.52,87,70,3.8,83.8,0,4,4,1,18,Female,Yes,Yes,Placed,CS
769,61.1,54.1,62.2,6.39,57,63,3.8,73.8,2,0,3,2,1,Male,No,Yes,NotPlaced,CE
770,71.4,74.3,66.7,6.78,64,45,2.6,89.3,0,0,0,0,8,Male,Yes,Yes,NotPlaced,ME
771,77.7,62.1,60.0,7.23,58,49,2.9,71.6,2,0,1,1,3,Male,Yes,Yes,NotPlaced,IT
772,70.5,60.2,65.7,7.27,49,73,1.9,68.2,0,2,1,0,11,Male,Yes,No,Placed,ECE
773,71.3,64.0,65.0,7.42,75,77,3.7,81.4,0,3,1,4,22,Male,Yes,No,Placed,ECE
774,83.9,82.9,77.3,7.23,72,65,5.0,88.6,0,2,0,1,13,Male,No,Yes,Placed,ME
775,81.7,77.8,87.9,7.45,75,63,5.0,100.0,0,2,3,3,9,Male,Yes,Yes,Placed,EE
776,64.2,45.0,59.0,6.32,43,42,3.9,88.1,0,2,0,1,16,Female,No,No,Placed,ME
777,79.6,73.5,60.4,7.02,76,71,3.9,83.9,2,3,1,2,17,Male,No,No,Placed,CE
778,52.0,50.1,54.7,5.57,53,45,3.8,81.5,1,0,1,2,3,Male,Yes,No,NotPlaced,ECE
779,78.0,84.9,86.1,8.85,69,85,3.6,91.9,0,1,2,4,10,Female,No,Yes,Placed,IT
780,62.6,54.1,62.8,6.25,72,61,3.0,68.1,2,1,3,0,12,Male,No,No,NotPlaced,ChemE
781,71.9,72.1,74.5,6.88,75,85,4.1,87.5,1,1,1,2,7,Male,No,Yes,Placed,CS
782,81.6,48.3,66.8,8.39,80,55,3.5,82.6,0,4,1,1,26,Female,No,No,Placed,ECE
783,54.8,62.3,59.6,6.9,60,62,3.1,73.7,1,0,2,0,4,Female,No,Yes,NotPlaced,EE
784,71.4,62.5,71.7,7.17,66,62,3.6,70.2,1,3,0,3,21,Male,No,No,Placed,CS
785,77.4,70.2,87.2,7.78,93,74,3.9,98.8,0,0,2,0,3,Female,Yes,Yes,Placed,ECE
786,82.1,73.5,64.3,6.77,82,98,3.3,83.6,0,3,0,0,20,Male,Yes,No,NotPlaced,IT
787,74.4,64.6,64.7,6.7,65,56,3.4,81.1,1,1,1,1,6,Female,Yes,No,Placed,CE
788,87.4,82.9,88.9,8.59,80,78,4.2,85.9,0,2,2,5,15,Male,Yes,No,Placed,CS
789,81.7,67.0,72.3,7.53,50,67,3.3,91.4,2,3,2,1,21,Male,No,Yes,Placed,ME
790,83.3,99.0,94.3,9.08,99,83,3.2,91.8,0,0,2,1,5,Male,Yes,No,Placed,ECE
791,85.6,65.1,63.7,6.89,77,73,3.7,91.5,0,0,1,2,1,Male,Yes,No,Placed,IT
792,59.7,75.2,62.4,6.03,70,60,2.8,80.2,0,1,0,2,10,Male,Yes,Yes,NotPlaced,ME
793,72.9,70.7,56.9,5.68,64,48,3.7,84.0,1,1,0,1,4,Male,No,No,NotPlaced,IT
794,83.2,89.1,67.7,7.49,69,74,4.2,67.5,1,0,1,1,0,Male,No,No,NotPlaced,EE
795,80.1,84.4,70.8,7.78,74,66,4.0,90.3,0,0,1,2,4,Male,Yes,Yes,Placed,EE
796,72.0,55.4,61.8,6.33,49,51,2.7,76.7,2,1,1,0,6,Male,Yes,Yes,Placed,ChemE
797,84.1,75.6,76.8,8.09,52,59,2.4,74.5,1,3,2,0,19,Male,Yes,Yes,Placed,CS
798,69.0,64.2,68.9,7.18,54,38,2.4,64.4,1,0,1,1,0,Male,No,No,NotPlaced,ME
799,68.8,76.5,71.3,7.65,65,54,2.8,79.8,0,2,0,0,11,Male,Yes,Yes,Placed,CS
800,61.4,57.4,55.6,6.07,64,49,3.7,73.2,2,0,2,2,0,Male,Yes,No,NotPlaced,ChemE
801,65.7,62.0,53.6,7.1,72,62,3.0,87.3,0,0,0,1,0,Male,Yes,No,NotPlaced,EE
802,77.3,86.1,65.8,6.76,65,61,3.8,85.1,0,0,0,2,2,Male,No,No,NotPlaced,EE
803,87.0,75.5,82.5,8.44,83,63,3.8,82.3,0,1,1,1,8,Male,No,Yes,Placed,ECE
804,80.4,70.3,69.7,7.89,73,73,4.1,89.4,0,1,2,2,6,Female,No,Yes,Placed,ME
805,61.8,54.1,56.3,6.59,48,68,4.5,88.8,0,0,2,2,5,Male,Yes,Yes,NotPlaced,ME
806,78.0,90.3,80.6,7.38,83,75,2.6,76.4,0,1,3,1,5,Male,Yes,No,Placed,EE
807,75.6,72.8,63.0,7.91,74,63,3.0,82.9,0,1,1,2,6,Female,No,Yes,NotPlaced,ECE
808,63.7,78.2,75.0,7.14,72,51,3.4,94.6,0,1,1,2,5,Male,Yes,Yes,Placed,ME
809,56.5,61.4,66.6,6.87,52,71,3.6,71.3,1,2,3,1,10,Male,No,No,NotPlaced,ME
810,84.6,61.3,77.3,7.88,74,75,5.0,82.0,1,0,3,1,2,Male,Yes,Yes,Placed,ME
811,86.8,70.4,76.2,8.43,92,55,4.3,83.9,0,1,2,2,6,Male,Yes,Yes,Placed,CS
812,75.0,71.1,66.2,7.68,67,68,3.1,83.0,1,0,0,0,4,Male,No,Yes,NotPlaced,ChemE
813,79.8,79.3,74.1,8.48,77,64,4.0,91.3,0,0,0,0,0,Male,Yes,Yes,Placed,ME
814,62.4,48.7,58.7,6.17,39,73,3.0,79.1,1,2,2,2,17,Male,No,No,NotPlaced,ME
815,70.9,55.2,62.4,7.42,80,80,3.0,75.7,0,0,6,1,0,Female,No,No,NotPlaced,EE
816,70.6,67.5,66.6,7.09,71,51,3.5,80.2,0,0,0,1,4,Female,Yes,Yes,NotPlaced,EE
817,59.9,75.3,68.9,6.45,80,71,1.6,70.3,1,1,2,1,6,Male,Yes,Yes,Placed,ME
818,71.4,49.1,63.9,6.76,53,51,4.3,76.0,2,1,0,0,9,Male,Yes,No,NotPlaced,ECE
819,84.1,46.3,64.2,7.43,75,40,2.2,72.6,1,0,2,0,3,Male,Yes,Yes,NotPlaced,IT
820,72.2,91.4,77.0,8.41,60,44,3.2,77.9,0,0,0,0,3,Female,Yes,No,Placed,ChemE
821,84.5,72.3,89.7,8.25,100,89,3.4,100.0,0,0,0,1,5,Male,Yes,No,Placed,CE
822,62.3,59.2,60.8,6.31,46,79,1.8,80.9,0,0,0,4,7,Female,Yes,No,NotPlaced,ME
823,85.6,53.4,59.9,7.08,69,44,2.5,91.1,0,0,1,2,6,Female,Yes,No,NotPlaced,CE
824,60.0,62.2,66.5,7.42,66,65,3.2,76.5,0,0,0,3,6,Female,No,Yes,NotPlaced,CE
825,73.6,71.9,70.1,7.38,78,72,3.3,86.6,1,1,5,1,11,Male,Yes,No,Placed,EE
826,73.0,86.8,75.6,7.17,86,81,4.4,91.5,1,2,3,4,11,Male,Yes,No,Placed,CS
827,87.2,99.0,84.0,10.0,100,86,4.4,97.4,0,0,4,5,3,Male,No,Yes,Placed,CS
828,53.3,49.8,59.5,5.7,77,57,3.1,79.5,0,1,0,0,8,Male,No,No,NotPlaced,ChemE
829,73.9,52.2,65.2,7.39,82,76,4.1,83.0,0,2,2,1,13,Male,Yes,No,Placed,IT
830,75.0,71.6,61.6,6.24,69,54,4.6,87.0,1,0,2,3,6,Male,Yes,Yes,NotPlaced,EE
831,53.9,50.6,48.0,5.89,54,44,3.4,75.4,4,2,2,1,13,Female,Yes,Yes,NotPlaced,ME
832,88.9,71.3,74.4,7.93,90,68,4.1,87.1,0,1,2,5,5,Male,Yes,No,Placed,IT
833,49.1,72.5,56.7,6.4,74,75,3.2,79.7,1,0,0,0,6,Female,Yes,No,NotPlaced,CE
834,46.5,45.0,48.0,6.31,50,53,2.8,72.0,4,0,0,0,0,Female,No,No,NotPlaced,ChemE
835,63.1,63.9,59.8,7.06,69,78,3.7,66.7,1,0,3,1,1,Male,Yes,No,NotPlaced,CE
836,68.2,71.0,58.7,6.94,61,72,4.9,93.6,0,1,5,1,9,Male,No,No,Placed,CE
837,55.8,46.6,55.5,5.94,57,50,3.5,67.7,2,0,0,1,6,Female,Yes,No,NotPlaced,CE
838,74.1,84.2,66.5,7.44,71,51,3.5,87.3,0,3,1,1,18,Male,Yes,Yes,Placed,ECE
839,81.5,68.3,75.1,8.79,81,58,3.6,75.2,1,0,2,0,3,Male,No,No,NotPlaced,EE
840,76.8,63.0,57.7,6.62,75,61,2.5,83.1,0,1,1,3,7,Female,Yes,Yes,Placed,EE
841,76.6,63.0,71.5,8.05,69,32,3.8,68.1,1,0,0,0,0,Female,No,No,NotPlaced,ChemE
842,75.5,51.5,74.1,7.37,76,59,4.1,76.7,0,0,0,2,0,Male,No,Yes,NotPlaced,CE
843,73.0,68.4,69.0,7.57,70,61,3.4,72.2,1,0,4,1,5,Male,No,Yes,NotPlaced,CE
844,67.2,62.3,56.0,5.84,49,49,3.8,65.1,0,0,1,1,0,Male,No,No,NotPlaced,ME
845,90.1,66.3,76.3,7.5,79,66,2.9,77.1,0,3,0,4,18,Male,Yes,Yes,Placed,ME
846,77.7,66.0,70.2,7.42,77,74,4.0,73.2,1,2,1,2,16,Female,No,Yes,Placed,ECE
847,67.0,64.3,68.1,7.95,75,68,3.8,81.2,0,0,1,4,0,Male,No,Yes,Placed,CS
848,60.4,59.6,48.0,6.53,44,55,2.5,67.7,3,0,0,0,1,Male,No,No,NotPlaced,CS
849,68.9,59.1,58.5,6.64,49,48,4.0,77.8,1,1,1,3,7,Male,No,No,NotPlaced,IT
850,59.7,61.2,56.2,5.95,55,60,1.8,70.2,1,0,1,0,3,Female,No,No,NotPlaced,ME
851,80.8,72.9,76.8,7.78,81,77,3.0,84.1,0,0,2,2,3,Male,Yes,No,Placed,ECE
852,60.7,51.4,52.9,5.79,49,45,4.1,87.4,2,1,0,3,8,Male,No,No,NotPlaced,ME
853,83.7,86.9,68.7,7.32,85,69,2.3,64.6,0,1,3,1,12,Female,Yes,No,Placed,CS
854,65.0,62.0,72.1,7.69,60,62,3.4,75.7,1,0,4,2,0,Male,Yes,No,NotPlaced,IT
855,59.3,75.7,61.1,6.86,65,84,3.4,93.4,0,2,3,2,6,Male,Yes,Yes,Placed,EE
856,68.3,79.3,67.6,7.36,66,68,5.0,82.0,1,0,4,0,3,Female,No,No,Placed,CS
857,94.3,92.9,82.0,9.9,91,86,5.0,97.0,0,0,1,4,3,Male,Yes,No,Placed,IT
858,73.2,86.2,80.4,9.19,82,81,3.2,87.8,0,0,4,3,6,Male,Yes,Yes,Placed,ChemE
859,63.9,70.3,62.7,6.47,66,81,2.7,86.7,1,1,0,1,6,Male,Yes,No,Placed,ME
860,75.3,60.3,69.9,7.46,64,73,3.4,81.9,0,1,3,2,9,Male,Yes,No,Placed,CS
861,91.3,71.5,84.3,9.11,76,70,4.3,80.9,0,0,4,6,7,Female,Yes,Yes,Placed,CS
862,81.2,76.9,72.9,8.24,72,72,3.5,88.8,0,0,0,1,0,Male,Yes,Yes,Placed,CS
863,59.0,77.4,62.7,6.27,69,71,2.3,82.5,0,1,3,0,7,Female,Yes,No,Placed,CS
864,96.2,90.8,92.1,8.6,86,88,4.4,84.0,0,1,1,0,9,Female,No,No,Placed,ChemE
865,70.0,71.8,59.4,7.34,60,57,2.5,91.8,0,0,0,2,0,Female,No,No,NotPlaced,ME
866,72.7,76.0,72.8,7.37,60,47,2.5,71.5,2,0,0,0,7,Male,No,No,Placed,ME
867,78.2,72.3,74.2,7.86,71,94,3.8,75.1,1,1,1,1,6,Male,Yes,Yes,Placed,ECE
868,84.0,81.9,79.6,8.36,99,78,2.8,77.5,0,0,6,4,1,Female,Yes,No,Placed,ME
869,91.1,75.3,75.8,8.85,87,75,3.5,94.6,0,1,1,4,9,Female,Yes,No,Placed,CS
870,57.9,53.9,57.0,5.31,68,48,3.8,72.7,2,0,3,2,4,Female,Yes,Yes,Placed,EE
871,69.6,60.3,67.4,6.95,68,76,3.7,83.8,1,0,4,1,0,Female,Yes,No,NotPlaced,ME
872,77.7,74.3,70.1,8.52,78,92,4.0,84.8,0,0,2,2,5,Male,Yes,Yes,Placed,CS
873,75.1,76.9,68.9,7.14,61,60,2.4,80.6,2,0,0,1,5,Male,No,Yes,NotPlaced,ME
874,67.3,65.0,72.0,6.47,70,64,5.0,82.7,1,0,2,0,3,Male,Yes,No,Placed,ECE
875,80.7,82.5,79.4,7.97,78,92,3.3,88.3,0,1,4,1,4,Male,No,Yes,Placed,CS
876,66.7,72.1,67.2,7.48,63,75,3.3,72.0,1,2,5,0,9,Female,No,Yes,NotPlaced,IT
877,68.8,69.9,62.6,7.46,87,66,4.5,87.9,1,0,2,1,4,Male,Yes,Yes,Placed,CS
878,68.9,71.1,84.6,8.05,69,70,3.8,67.6,0,0,0,0,0,Male,No,Yes,Placed,CE
879,64.0,52.9,66.3,6.2,69,81,3.4,78.6,2,0,2,1,2,Male,No,No,NotPlaced,EE
880,72.3,64.2,81.0,6.99,74,73,3.6,84.4,0,2,3,0,10,Male,No,Yes,Placed,ECE
881,78.7,67.5,63.3,6.92,65,65,3.1,61.2,1,0,0,0,0,Male,No,No,NotPlaced,CE
882,70.9,65.6,60.0,6.66,52,77,3.9,69.3,1,1,2,0,13,Female,No,No,NotPlaced,ME
883,57.6,47.5,51.4,5.59,44,43,4.2,68.1,0,0,1,1,4,Female,No,Yes,NotPlaced,EE
884,78.7,83.8,84.3,7.92,96,75,3.2,76.2,1,0,2,4,5,Male,No,Yes,Placed,IT
885,83.3,79.1,83.8,8.02,75,66,4.1,69.9,0,1,1,2,5,Male,Yes,Yes,NotPlaced,ECE
886,86.9,78.1,74.9,7.43,74,70,3.8,81.1,1,1,1,0,11,Male,Yes,Yes,Placed,CE
887,74.8,84.0,77.3,6.55,69,61,4.2,81.6,1,4,1,3,24,Female,Yes,Yes,Placed,ChemE
888,52.3,66.9,62.1,6.62,60,78,3.2,69.9,2,3,2,0,13,Male,No,Yes,NotPlaced,EE
889,85.9,72.7,73.7,7.56,61,52,4.5,82.4,0,0,1,1,0,Male,No,Yes,NotPlaced,EE
890,77.1,73.1,67.5,6.84,57,68,4.3,77.4,0,1,0,0,3,Female,Yes,Yes,NotPlaced,CE
891,93.2,67.1,78.3,7.35,67,81,2.4,87.3,0,1,2,1,7,Male,No,Yes,Placed,CE
892,80.6,99.0,78.5,8.43,82,86,3.9,87.6,0,0,4,3,3,Female,No,Yes,Placed,ECE
893,76.2,63.6,72.0,7.44,70,77,4.1,87.5,0,2,1,3,11,Male,No,No,NotPlaced,CE
894,77.4,75.8,72.2,8.18,60,67,2.5,70.2,0,0,2,1,1,Male,No,No,NotPlaced,ME
895,68.3,72.1,73.4,7.72,79,64,3.5,70.2,0,0,3,1,1,Male,No,Yes,NotPlaced,EE
896,70.1,71.5,74.2,7.29,94,89,3.9,84.2,0,3,4,1,16,Male,No,Yes,Placed,ECE
897,76.6,68.0,71.7,7.95,72,87,2.2,90.6,1,0,3,2,4,Female,Yes,No,Placed,EE
898,53.3,72.8,64.4,6.53,44,60,2.6,80.8,0,0,0,0,0,Female,Yes,No,Placed,CS
899,76.2,89.6,87.4,9.15,87,79,3.8,100.0,0,4,3,3,27,Female,Yes,Yes,Placed,CS
900,73.7,64.0,61.7,6.38,74,55,1.7,75.5,0,1,4,0,10,Male,No,Yes,Placed,CS
901,82.7,91.5,66.8,8.38,76,100,4.0,95.0,0,2,3,4,10,Male,Yes,Yes,Placed,ECE
902,80.9,68.7,63.2,8.23,61,72,2.2,84.8,0,0,1,2,3,Male,Yes,No,Placed,IT
903,81.0,81.9,77.1,8.22,56,63,3.6,69.1,0,3,1,3,12,Female,Yes,Yes,Placed,CE
904,66.5,53.2,59.2,6.55,63,75,1.7,85.8,0,1,0,2,4,Female,Yes,Yes,Placed,IT
905,90.4,69.3,79.6,8.8,68,64,3.9,84.4,0,1,1,1,6,Female,No,Yes,Placed,CS
906,70.7,77.6,70.5,7.28,75,62,2.9,89.2,0,3,1,1,19,Male,No,Yes,Placed,CE
907,68.2,70.9,67.8,7.45,82,86,3.8,73.2,1,1,5,0,10,Female,No,Yes,Placed,CS
908,80.7,97.1,81.1,9.3,94,69,4.1,98.4,0,0,3,1,3,Female,No,Yes,Placed,ChemE
909,69.1,57.6,68.5,6.49,70,57,3.6,68.0,6,0,4,2,3,Female,No,No,NotPlaced,CE
910,68.5,72.1,65.6,7.29,58,71,3.6,77.8,1,1,4,6,12,Female,No,No,Placed,IT
911,47.5,53.3,49.2,6.82,58,79,3.2,69.6,2,2,3,3,12,Male,Yes,No,NotPlaced,CS
912,67.0,73.4,67.2,7.48,69,51,4.3,82.5,0,0,0,2,4,Male,Yes,No,Placed,CE
913,82.1,87.3,83.4,8.77,69,78,3.8,91.8,0,3,1,2,10,Female,Yes,No,Placed,ECE
914,79.0,76.4,63.7,7.19,76,72,3.6,95.3,0,3,8,4,28,Female,No,No,Placed,ChemE
915,65.9,61.1,62.2,6.69,74,72,3.7,82.6,0,0,4,5,2,Male,Yes,Yes,Placed,CS
916,75.0,66.5,68.3,7.68,69,55,2.6,88.3,0,2,1,5,10,Female,Yes,Yes,Placed,EE
917,57.9,58.6,64.0,7.02,62,50,3.7,73.9,1,0,0,0,4,Male,Yes,Yes,NotPlaced,CE
918,60.0,56.6,53.7,5.61,47,55,2.6,82.1,0,0,2,1,6,Male,No,Yes,NotPlaced,ME
919,89.0,51.6,69.6,8.28,57,39,2.0,92.5,0,1,1,2,10,Female,No,No,NotPlaced,EE
920,58.1,55.1,63.8,6.68,65,70,2.6,77.3,0,1,2,2,7,Male,Yes,Yes,NotPlaced,IT
921,66.4,70.6,62.8,6.41,63,74,3.7,82.6,1,0,3,2,4,Male,Yes,Yes,NotPlaced,EE
922,60.8,66.8,49.6,6.73,77,62,2.5,78.5,1,1,2,0,11,Male,Yes,Yes,NotPlaced,ME
923,90.9,79.5,94.4,9.13,88,91,4.6,85.7,0,0,3,3,0,Male,Yes,Yes,Placed,CS
924,47.8,56.5,55.4,5.0,44,39,3.7,70.5,2,0,1,0,2,Male,No,Yes,NotPlaced,ECE
925,80.1,53.7,61.8,6.83,50,68,2.6,75.8,2,0,3,3,0,Male,No,No,NotPlaced,ME
926,73.6,65.6,58.0,6.72,67,63,3.0,74.7,0,0,0,0,5,Female,No,No,NotPlaced,CE
927,70.5,79.8,77.1,7.2,70,64,3.8,86.2,0,2,1,1,8,Female,No,No,Placed,CE
928,64.2,60.0,61.5,6.74,70,63,4.4,82.3,1,0,2,1,1,Male,No,No,NotPlaced,ECE
929,70.4,79.1,64.8,7.24,61,96,2.6,71.5,3,1,2,1,5,Male,No,No,NotPlaced,EE
930,61.5,77.9,71.6,8.28,62,89,3.9,82.6,0,2,3,2,17,Female,No,Yes,Placed,ME
931,79.3,73.2,60.9,7.21,82,74,4.0,87.3,0,2,3,5,17,Male,Yes,No,Placed,ECE
932,66.6,76.8,67.1,6.69,80,90,3.8,79.2,0,4,2,2,18,Female,Yes,No,Placed,ECE
933,76.3,78.7,71.5,7.05,79,73,3.6,76.2,0,1,5,3,7,Male,Yes,No,Placed,CE
934,97.6,99.0,93.0,9.05,100,87,4.0,89.3,0,0,0,2,3,Male,Yes,Yes,Placed,CS
935,74.3,59.5,62.7,7.18,71,75,2.9,80.5,3,0,3,2,1,Male,No,Yes,NotPlaced,ME
936,61.8,46.1,50.5,5.55,55,54,2.5,68.0,0,1,1,2,5,Female,Yes,No,NotPlaced,ECE
937,99.0,91.6,96.0,9.77,84,84,2.8,100.0,0,0,1,0,2,Female,Yes,No,Placed,CE
938,72.7,66.4,62.7,5.9,63,76,3.2,79.3,0,0,3,2,0,Male,Yes,No,NotPlaced,EE
939,67.3,57.2,61.6,7.68,79,70,3.6,78.7,0,1,1,0,5,Female,No,No,Placed,EE
940,85.3,71.9,68.5,7.11,77,52,3.1,76.4,1,0,0,0,1,Male,Yes,No,NotPlaced,ME
941,70.1,68.1,66.0,6.24,70,62,3.1,81.7,0,2,0,1,14,Male,Yes,No,Placed,CE
942,70.4,67.0,70.6,6.97,45,75,3.7,85.7,0,0,2,2,6,Male,No,Yes,NotPlaced,CE
943,72.5,77.8,75.8,8.16,82,75,3.3,69.1,2,1,5,2,10,Female,Yes,Yes,Placed,ECE
944,73.1,73.3,68.4,7.27,86,80,4.7,79.3,0,1,4,1,3,Male,Yes,No,Placed,CS
945,66.7,64.5,53.1,6.67,59,69,3.1,69.0,0,0,0,0,2,Female,Yes,No,NotPlaced,ChemE
946,74.9,78.3,68.5,8.15,55,52,2.7,86.7,0,1,0,1,4,Female,No,Yes,Placed,EE
947,99.0,99.0,75.1,9.23,87,70,3.6,86.2,0,2,1,1,13,Male,Yes,No,Placed,CS
948,82.8,86.2,84.9,8.8,79,63,3.1,91.0,0,0,1,2,0,Female,No,Yes,Placed,ME
949,73.1,60.6,56.5,7.58,65,82,2.4,84.7,2,4,0,1,27,Male,Yes,Yes,Placed,IT
950,49.3,45.0,51.9,5.95,35,51,3.7,65.2,1,0,1,1,0,Male,No,No,NotPlaced,CE
951,84.6,55.0,69.0,6.96,48,46,3.5,88.9,1,3,0,2,20,Male,No,No,NotPlaced,CS
952,70.4,71.7,75.2,8.08,73,48,3.3,78.9,1,0,0,2,0,Male,Yes,Yes,NotPlaced,CS
953,85.6,73.7,66.8,7.24,59,73,3.6,71.2,1,1,2,2,5,Female,No,Yes,NotPlaced,IT
954,65.9,61.2,65.7,7.02,77,63,4.0,74.5,1,0,3,1,3,Male,No,Yes,Placed,IT
955,54.2,71.7,70.1,6.85,84,61,4.4,80.0,1,1,0,0,5,Female,No,Yes,NotPlaced,IT
956,88.9,71.7,81.6,8.59,73,84,3.8,85.1,0,1,1,1,6,Female,Yes,Yes,Placed,CE
957,69.1,69.8,68.1,7.56,58,66,4.5,78.6,1,1,1,2,8,Male,Yes,Yes,NotPlaced,EE
958,69.7,78.1,71.8,8.54,71,55,3.7,100.0,0,1,0,1,11,Male,Yes,No,Placed,CE
959,74.4,64.2,56.3,6.4,76,47,5.0,86.1,0,0,1,1,1,Female,No,Yes,NotPlaced,ME
960,80.8,77.7,74.2,7.79,74,65,3.8,82.2,0,2,4,1,8,Female,No,Yes,Placed,ECE
961,62.9,53.2,64.6,5.76,50,60,3.1,85.3,1,1,1,1,9,Male,Yes,Yes,NotPlaced,CS
962,80.2,60.0,72.1,7.64,56,39,3.4,100.0,0,0,0,2,2,Female,Yes,Yes,NotPlaced,EE
963,80.1,81.2,80.4,8.55,73,74,3.8,78.6,0,0,1,0,5,Female,No,Yes,Placed,CS
964,64.9,60.3,52.8,6.15,50,60,3.3,63.4,3,0,0,0,2,Male,Yes,No,NotPlaced,ME
965,57.9,63.6,57.7,6.18,67,64,3.7,76.2,2,1,0,4,6,Male,Yes,Yes,NotPlaced,CS
966,66.9,65.9,60.4,6.05,54,68,3.1,90.9,1,0,2,1,5,Female,Yes,No,NotPlaced,ME
967,53.3,51.8,55.5,5.74,51,41,3.7,84.0,0,2,1,1,7,Male,No,Yes,Placed,ME
968,65.5,70.4,74.8,7.72,79,85,4.6,72.2,1,2,1,0,11,Male,Yes,Yes,Placed,ME
969,65.6,62.4,57.9,7.03,58,47,2.9,81.3,2,0,1,4,2,Female,Yes,No,NotPlaced,CE
970,60.0,61.8,54.2,6.97,57,64,3.1,80.1,2,0,3,2,9,Female,Yes,No,NotPlaced,CS
971,74.0,63.6,57.1,6.81,69,78,3.9,84.9,0,1,3,4,7,Female,Yes,No,Placed,IT
972,54.3,63.3,62.8,7.04,54,53,2.9,77.0,2,0,2,1,0,Female,No,Yes,NotPlaced,CE
973,77.1,61.0,64.8,6.69,69,59,3.4,79.7,2,1,0,0,6,Female,No,No,NotPlaced,ME
974,47.5,45.0,48.0,5.0,41,48,3.1,69.1,1,0,0,0,3,Female,Yes,Yes,NotPlaced,IT
975,45.0,49.6,52.7,6.56,61,74,2.4,83.8,0,0,3,0,2,Female,No,Yes,NotPlaced,EE
976,67.5,78.1,69.1,8.02,68,75,2.3,81.8,0,2,7,4,12,Female,No,No,Placed,CS
977,55.7,54.3,54.1,5.7,79,78,2.2,68.7,4,0,4,1,7,Male,No,No,NotPlaced,ME
978,65.9,55.9,64.7,6.02,59,56,4.4,97.2,0,1,0,2,11,Female,No,Yes,Placed,ChemE
979,66.3,70.1,72.0,6.69,46,52,2.4,65.3,1,1,1,0,6,Male,No,No,NotPlaced,EE
980,59.7,77.9,73.4,7.13,67,66,3.2,81.0,1,1,1,3,6,Male,No,No,NotPlaced,CE
981,68.1,68.0,68.3,7.65,65,61,2.6,81.2,1,0,2,0,4,Male,Yes,Yes,Placed,EE
982,62.5,60.5,62.0,6.7,64,79,3.9,71.0,1,2,4,2,8,Female,No,No,Placed,IT
983,61.3,63.9,60.2,5.54,46,39,2.6,79.6,1,0,0,0,1,Female,Yes,Yes,NotPlaced,ME
984,73.4,72.3,77.6,7.66,80,76,3.9,87.8,0,1,1,1,12,Female,No,No,Placed,IT
985,85.5,78.2,80.5,8.58,80,91,3.9,91.4,0,3,4,5,14,Female,Yes,No,Placed,CS
986,59.1,78.2,68.8,7.07,67,66,2.6,76.4,0,0,3,2,0,Male,Yes,Yes,NotPlaced,CE
987,77.3,77.9,75.4,7.75,81,70,4.1,80.9,1,1,5,3,10,Female,No,Yes,Placed,IT
988,85.6,71.7,70.6,7.27,75,53,2.7,95.7,0,0,2,2,0,Male,Yes,No,Placed,ChemE
989,75.3,69.7,70.4,6.31,85,62,3.5,67.3,0,0,1,0,3,Female,Yes,No,Placed,EE
990,62.8,88.2,62.9,6.49,63,70,2.6,68.2,1,0,1,1,2,Male,No,Yes,Placed,CE
991,74.6,79.6,73.5,8.68,82,94,3.8,87.0,0,4,5,2,26,Male,Yes,No,Placed,EE
992,77.3,74.4,60.8,7.0,63,46,3.0,67.8,2,0,2,0,5,Male,No,No,NotPlaced,ME
993,77.4,61.5,62.2,6.11,64,57,2.9,74.5,1,0,1,0,0,Female,No,Yes,NotPlaced,IT
994,64.6,74.7,75.4,8.15,86,83,3.4,88.7,0,3,3,3,12,Male,Yes,No,Placed,IT
995,66.0,70.3,75.4,7.58,62,58,3.6,90.4,0,0,2,1,0,Male,Yes,No,NotPlaced,CE
996,75.9,78.3,68.7,7.67,90,66,3.6,75.6,1,0,1,1,0,Male,Yes,No,Placed,CS
997,67.3,61.1,51.6,6.99,48,67,2.4,83.4,1,1,0,0,6,Female,Yes,No,NotPlaced,IT
998,84.5,83.7,85.2,8.25,82,67,4.4,73.8,0,0,1,3,3,Female,No,No,Placed,EE
999,82.2,60.3,71.8,6.93,68,59,4.0,80.1,0,0,0,2,0,Male,Yes,No,NotPlaced,CS
1000,72.3,71.7,77.3,8.69,65,65,2.9,80.9,0,1,1,0,6,Female,No,No,Placed,ECE
1001,73.5,56.2,67.9,7.17,76,87,3.8,100.0,0,0,3,1,4,Male,Yes,No,Placed,CS
1002,88.1,84.7,78.7,8.92,65,73,3.0,90.9,0,0,3,2,7,Female,No,Yes,Placed,CS
1003,69.5,56.4,65.6,6.11,58,61,3.7,80.9,2,0,2,2,8,Male,Yes,No,NotPlaced,CE
1004,72.0,92.7,76.7,7.58,81,94,3.7,87.7,0,4,4,2,20,Male,Yes,Yes,Placed,ECE
1005,79.0,78.7,78.8,8.72,87,86,4.4,93.1,0,0,2,5,0,Male,No,Yes,Placed,IT
1006,69.4,80.7,81.0,8.08,81,70,2.8,71.4,3,1,1,1,9,Female,No,No,NotPlaced,CS
1007,76.4,70.3,52.4,6.61,50,59,2.9,84.0,2,2,0,2,11,Female,Yes,Yes,Placed,IT
1008,62.6,65.6,63.4,6.57,70,62,1.8,60.5,1,1,3,1,5,Female,Yes,Yes,NotPlaced,EE
1009,73.6,68.4,70.0,8.11,83,72,3.4,75.7,0,0,3,2,0,Male,Yes,Yes,Placed,CE
1010,94.8,87.5,87.4,8.84,87,77,3.9,93.0,0,1,0,1,16,Male,No,Yes,Placed,EE
1011,63.9,78.9,74.6,7.66,68,68,3.9,74.1,1,0,2,0,0,Male,No,Yes,NotPlaced,ME
1012,65.2,78.8,64.0,6.61,47,55,3.2,75.4,2,0,0,2,2,Male,Yes,Yes,Placed,CS
1013,55.7,57.6,67.1,6.52,53,59,3.8,78.6,2,0,3,1,9,Female,No,Yes,NotPlaced,ECE
1014,75.8,72.7,64.6,7.8,62,61,4.4,76.8,0,1,4,2,6,Female,Yes,No,Placed,ChemE
1015,78.6,71.9,80.4,7.52,90,75,4.0,91.1,0,0,6,1,7,Female,No,Yes,Placed,EE
1016,74.4,68.3,64.2,8.09,86,90,3.2,81.8,0,1,3,3,7,Female,Yes,No,Placed,IT
1017,66.2,84.3,67.5,6.79,82,58,2.9,86.8,2,2,1,2,12,Male,Yes,No,NotPlaced,ChemE
1018,72.1,62.1,66.8,7.16,61,47,2.3,67.5,1,0,0,0,3,Female,No,No,NotPlaced,EE
1019,69.6,54.8,62.4,6.77,77,67,2.5,80.2,1,1,4,3,5,Male,No,No,NotPlaced,IT
1020,59.4,47.5,48.0,5.68,39,46,2.8,70.9,2,0,0,0,2,Female,No,Yes,NotPlaced,ECE
1021,84.9,81.9,82.1,7.59,79,74,4.0,86.9,0,2,5,2,10,Female,Yes,Yes,Placed,ECE
1022,68.9,74.8,84.3,9.18,61,61,3.1,74.2,0,0,1,1,5,Male,No,No,NotPlaced,IT
1023,61.4,59.7,63.8,6.78,69,81,5.0,79.7,0,2,1,4,16,Male,Yes,Yes,Placed,ME
1024,60.4,63.5,52.2,6.41,60,53,3.0,69.5,2,0,1,0,5,Male,No,Yes,NotPlaced,CE
1025,77.0,63.1,74.2,8.11,71,78,3.5,81.0,0,3,1,2,17,Female,Yes,Yes,Placed,CS
1026,74.5,77.4,69.2,7.77,81,72,4.0,97.2,0,0,2,4,4,Male,Yes,Yes,Placed,ECE
1027,67.0,63.1,66.8,6.64,78,67,2.3,82.9,0,0,0,1,2,Male,Yes,No,Placed,ChemE
1028,99.0,93.2,82.1,8.23,72,71,4.6,89.8,0,4,4,3,22,Male,Yes,No,Placed,EE
1029,62.1,65.9,52.7,6.55,83,64,2.8,70.1,2,1,2,0,8,Female,Yes,No,NotPlaced,EE
1030,90.6,77.8,75.7,7.97,87,79,3.7,81.0,0,0,6,0,2,Male,Yes,No,Placed,ECE
1031,64.8,61.5,65.6,7.1,78,69,3.2,80.1,0,0,2,1,2,Female,Yes,Yes,Placed,ECE
1032,61.2,60.2,73.9,7.98,69,78,5.0,89.4,0,0,3,1,4,Female,No,No,Placed,ECE
1033,70.8,66.2,60.5,7.32,74,58,4.2,76.4,1,0,0,1,0,Male,No,Yes,NotPlaced,CE
1034,82.2,70.5,74.4,7.43,76,69,2.5,63.8,1,0,4,3,0,Female,No,No,Placed,IT
1035,87.1,81.7,71.3,8.76,79,69,2.8,99.6,0,1,4,5,4,Female,No,No,Placed,CS
1036,71.8,66.2,67.9,6.89,72,100,4.0,78.5,0,4,3,1,19,Male,Yes,Yes,Placed,ECE
1037,82.9,93.1,77.4,8.13,73,37,2.7,89.4,0,1,1,2,5,Female,No,Yes,Placed,CE
1038,66.6,65.9,69.2,6.99,66,41,3.3,92.6,0,2,2,2,10,Male,Yes,Yes,NotPlaced,CE
1039,80.8,65.6,70.0,8.24,68,50,3.3,81.8,1,0,1,0,0,Female,Yes,No,Placed,EE
1040,70.9,58.9,73.6,7.37,78,80,4.9,86.0,0,1,4,4,7,Male,No,Yes,Placed,ECE
1041,55.6,53.7,63.5,5.94,46,42,2.8,61.0,2,1,1,0,7,Female,Yes,No,NotPlaced,CS
1042,72.3,58.7,69.6,7.21,56,65,2.4,74.0,0,0,2,2,4,Male,No,No,NotPlaced,ChemE
1043,68.2,57.8,70.7,7.17,71,71,4.2,84.0,0,0,6,2,8,Female,Yes,No,Placed,ECE
1044,81.2,67.2,71.6,6.91,58,59,2.8,76.5,1,0,2,1,6,Male,Yes,Yes,Placed,ME
1045,77.9,81.8,62.6,7.15,81,81,2.3,76.1,1,0,1,3,0,Male,No,Yes,NotPlaced,ECE
1046,75.3,87.2,78.8,8.65,86,68,3.2,89.3,0,3,2,2,19,Female,Yes,No,Placed,ChemE
1047,62.5,58.5,69.1,6.78,83,64,3.9,76.7,0,0,2,0,0,Female,Yes,Yes,NotPlaced,ME
1048,61.0,62.9,64.6,7.06,67,84,4.7,83.7,0,0,5,2,2,Female,No,Yes,Placed,ME
1049,93.1,77.5,72.5,7.6,69,60,4.8,78.4,1,0,3,0,3,Male,No,Yes,NotPlaced,ME
1050,71.7,76.2,74.1,6.56,52,50,1.9,80.4,1,0,0,2,2,Female,No,No,NotPlaced,EE
1051,70.1,74.7,56.1,6.89,48,52,3.7,81.5,1,0,0,3,1,Female,Yes,Yes,Placed,ME
1052,72.9,72.0,90.2,8.83,79,76,3.9,88.8,0,2,1,1,8,Female,Yes,Yes,Placed,EE
1053,72.4,71.9,80.5,8.51,77,77,4.4,85.8,0,3,4,1,23,Male,Yes,No,Placed,IT
1054,74.3,68.7,68.0,7.58,69,70,3.6,90.2,0,0,1,1,0,Male,Yes,No,Placed,ChemE
1055,93.5,82.7,85.4,8.19,76,78,5.0,91.1,0,1,3,4,6,Male,Yes,No,Placed,ChemE
1056,74.9,61.7,76.2,8.5,87,64,5.0,88.1,0,2,2,1,9,Female,Yes,Yes,Placed,CS
1057,60.9,61.1,62.1,6.41,61,67,3.9,100.0,1,1,0,2,12,Female,Yes,Yes,Placed,CE
1058,72.3,48.9,62.8,6.86,76,70,3.8,79.4,0,0,2,1,3,Male,Yes,Yes,NotPlaced,IT
1059,75.0,60.5,57.6,6.4,67,74,3.9,87.8,1,1,2,0,7,Female,Yes,Yes,NotPlaced,ME
1060,76.0,87.4,69.1,7.28,66,76,4.0,87.4,1,1,1,0,6,Male,Yes,No,Placed,CE
1061,76.4,76.5,68.6,7.03,74,48,3.1,73.0,0,0,1,0,1,Male,No,No,Placed,EE
1062,66.4,61.2,64.3,7.56,62,74,4.2,86.9,0,0,0,2,1,Male,No,No,NotPlaced,EE
1063,56.3,60.1,64.0,7.31,65,83,4.2,82.4,1,0,3,3,8,Female,No,No,Placed,EE
1064,66.7,66.2,72.1,7.77,56,50,3.3,85.0,0,1,1,3,8,Male,Yes,Yes,Placed,IT
1065,50.5,64.0,63.1,5.25,55,74,4.3,79.3,0,1,1,3,12,Male,No,No,NotPlaced,EE
1066,75.2,54.0,78.1,7.55,86,67,3.1,89.3,0,0,1,2,6,Female,Yes,Yes,NotPlaced,CS
1067,56.7,59.6,58.4,6.94,61,59,2.7,79.3,2,1,0,0,12,Female,No,No,NotPlaced,ME
1068,82.5,73.8,77.2,8.6,64,60,2.9,89.0,1,0,3,4,5,Male,No,No,NotPlaced,CE
1069,72.1,63.2,67.8,7.86,76,90,3.9,77.9,1,2,1,3,16,Male,Yes,No,Placed,ME
1070,73.3,89.1,73.3,8.02,76,59,3.7,81.1,1,1,0,0,9,Male,No,No,Placed,CE
1071,89.2,69.0,84.5,9.66,73,40,3.7,88.1,0,0,0,1,4,Female,No,No,NotPlaced,ME
1072,60.8,55.9,63.9,6.45,70,79,2.9,78.0,0,1,5,1,7,Male,No,No,Placed,IT
1073,80.6,80.6,64.3,7.83,75,67,3.4,69.4,2,0,3,2,1,Male,No,Yes,Placed,ME
1074,70.2,60.6,63.7,6.8,70,76,2.9,82.5,2,1,0,2,4,Male,Yes,Yes,NotPlaced,ECE
1075,61.7,65.3,55.7,8.06,62,62,5.0,73.6,1,0,1,0,1,Male,No,No,NotPlaced,CE
1076,76.4,60.1,62.2,6.31,70,91,3.4,71.4,3,2,3,1,14,Female,No,Yes,NotPlaced,IT
1077,63.1,69.1,75.1,7.97,67,61,3.7,98.2,0,1,0,2,10,Female,Yes,Yes,Placed,CE
1078,83.4,68.6,78.2,8.29,62,42,3.2,78.2,0,0,0,1,0,Male,No,Yes,NotPlaced,ECE
1079,74.0,63.6,75.1,7.28,71,68,3.5,75.8,0,2,1,0,9,Male,No,Yes,Placed,ECE
1080,64.6,63.3,66.9,7.47,80,56,3.3,100.0,0,1,2,2,8,Male,Yes,Yes,Placed,ME
1081,55.8,63.0,55.4,7.6,66,49,2.2,74.7,1,0,0,4,3,Male,No,No,NotPlaced,ME
1082,60.6,56.0,57.4,6.16,58,49,3.3,83.3,1,0,1,1,6,Female,Yes,No,Placed,CE
1083,82.2,70.3,72.9,8.24,62,45,4.8,85.9,1,0,0,3,4,Female,No,Yes,Placed,ChemE
1084,82.4,87.9,77.3,9.25,92,82,4.3,83.1,0,3,6,4,13,Female,Yes,Yes,Placed,CS
1085,71.0,66.3,60.6,7.37,70,51,3.3,77.6,0,0,1,0,0,Male,No,Yes,NotPlaced,EE
1086,54.8,50.1,55.2,5.5,53,64,4.1,65.5,1,0,3,0,3,Male,Yes,No,NotPlaced,CS
1087,51.9,77.4,67.1,7.58,62,65,2.6,60.4,2,0,0,0,3,Female,No,Yes,NotPlaced,CE
1088,80.5,75.7,68.4,7.52,74,67,4.0,73.9,0,3,0,4,20,Male,No,Yes,Placed,ME
1089,81.7,65.5,72.4,7.14,57,55,3.1,67.1,1,1,0,0,5,Female,No,Yes,NotPlaced,ME
1090,83.9,67.8,80.1,6.88,62,55,3.5,100.0,0,0,2,0,4,Female,Yes,No,NotPlaced,ME
1091,70.9,71.1,58.7,8.09,85,73,4.3,77.2,1,2,3,5,7,Male,Yes,Yes,Placed,CS
1092,46.8,55.9,52.5,5.28,65,62,3.9,75.0,4,1,2,1,4,Female,No,Yes,NotPlaced,EE
1093,62.1,63.1,66.5,7.52,71,73,2.3,77.7,2,1,0,2,8,Female,No,No,Placed,CE
1094,53.5,58.6,48.0,6.27,69,81,3.8,67.9,1,1,1,0,9,Male,No,Yes,NotPlaced,CE
1095,75.4,50.7,60.2,6.59,52,58,2.7,65.0,2,1,0,0,6,Male,No,No,NotPlaced,ME
1096,86.5,83.1,85.1,9.55,91,66,4.3,89.8,0,1,2,2,11,Male,Yes,Yes,Placed,CE
1097,83.7,65.2,65.9,7.5,74,63,3.2,91.7,0,1,1,0,5,Female,Yes,No,NotPlaced,ME
1098,64.1,56.3,56.0,5.72,61,77,2.6,84.8,0,1,4,1,5,Male,No,No,NotPlaced,EE
1099,63.4,60.2,59.7,6.64,46,53,2.4,70.1,0,1,0,0,13,Male,Yes,Yes,NotPlaced,CE
1100,64.8,80.9,71.3,7.96,81,55,3.2,78.1,2,1,4,2,7,Male,No,No,NotPlaced,ECE
1101,74.6,69.0,57.6,7.31,57,53,3.6,86.2,0,1,2,3,6,Male,Yes,Yes,Placed,CS
1102,62.5,62.1,65.7,7.33,80,83,3.6,87.4,0,0,2,1,0,Male,Yes,Yes,Placed,CS
1103,75.1,79.6,62.4,7.41,54,50,4.2,82.4,0,0,0,1,6,Male,Yes,No,NotPlaced,ChemE
1104,69.6,78.1,73.6,7.57,56,54,3.9,73.6,0,0,0,1,5,Male,Yes,No,NotPlaced,CE
1105,78.0,81.0,69.8,8.17,88,67,4.7,96.8,0,1,3,5,7,Male,No,Yes,Placed,CE
1106,77.4,78.7,72.2,8.21,83,77,3.1,78.1,1,0,4,3,0,Male,Yes,No,Placed,EE
1107,73.2,60.8,67.3,6.88,51,62,3.5,66.7,3,0,0,0,0,Female,No,No,NotPlaced,ChemE
1108,51.7,59.9,72.3,7.91,66,49,4.0,75.5,2,0,0,0,9,Male,No,No,NotPlaced,EE
1109,92.6,72.5,77.5,7.37,72,81,4.6,84.9,0,1,1,4,10,Female,Yes,Yes,Placed,IT
1110,61.8,63.0,71.9,7.25,83,63,2.9,73.0,1,0,2,0,0,Female,No,No,NotPlaced,IT
1111,73.0,74.3,61.2,7.68,51,42,2.2,79.0,0,1,1,2,5,Male,Yes,Yes,NotPlaced,ME
1112,75.0,78.3,68.6,7.18,59,49,3.6,81.5,0,0,1,0,5,Female,No,No,NotPlaced,ECE
1113,85.0,88.6,81.3,8.09,88,78,2.4,80.2,0,1,1,0,8,Male,Yes,No,Placed,ECE
1114,66.4,60.6,54.4,6.26,54,68,4.0,94.3,1,1,1,1,7,Female,Yes,No,Placed,ME
1115,70.6,49.2,53.0,6.53,55,53,2.7,76.4,1,0,3,1,2,Male,No,No,NotPlaced,EE
1116,89.3,68.4,75.8,7.79,73,74,4.5,78.4,0,3,0,2,20,Male,Yes,No,Placed,CS
1117,84.6,62.7,79.7,7.72,88,82,3.5,73.6,0,1,2,3,9,Female,Yes,No,Placed,ME
1118,90.1,98.7,85.7,8.91,86,68,3.8,90.9,0,1,2,2,10,Female,Yes,Yes,Placed,ECE
1119,81.7,83.4,87.7,9.29,86,90,3.2,94.5,0,2,3,2,15,Male,Yes,No,Placed,CS
1120,69.0,69.6,70.8,7.61,62,52,4.2,88.1,0,0,0,2,0,Female,Yes,Yes,NotPlaced,ECE
1121,82.4,64.9,73.1,7.56,66,79,3.9,79.3,1,0,3,3,2,Male,Yes,No,Placed,CS
1122,84.5,79.1,63.8,7.14,57,59,4.2,70.9,1,0,0,2,2,Male,No,Yes,Placed,ChemE
1123,82.0,73.1,72.9,8.0,81,72,4.6,81.4,0,1,3,2,7,Male,Yes,Yes,Placed,ECE
1124,45.0,61.0,62.9,6.6,63,46,3.3,70.1,2,0,1,1,1,Female,Yes,Yes,NotPlaced,CE
1125,50.7,65.2,62.7,7.23,44,28,3.3,83.8,1,0,0,0,4,Female,No,Yes,NotPlaced,IT
1126,58.9,56.9,48.0,5.84,54,72,2.3,82.2,1,0,3,0,3,Male,No,No,NotPlaced,ChemE
1127,64.2,61.2,62.8,6.26,75,74,3.8,69.9,2,1,2,1,4,Female,No,Yes,NotPlaced,CE
1128,63.8,70.4,61.3,6.21,68,62,3.5,71.7,0,1,1,1,7,Male,No,Yes,NotPlaced,ME
1129,90.8,89.8,74.0,8.57,76,65,4.0,92.8,0,1,0,1,10,Male,Yes,Yes,Placed,EE
1130,86.6,76.4,77.9,7.58,73,73,2.9,76.6,2,1,3,0,10,Male,Yes,Yes,Placed,ECE
1131,63.8,52.9,60.1,7.18,60,65,3.2,82.7,0,1,2,1,6,Male,No,Yes,Placed,ME
1132,68.4,80.3,79.0,7.61,69,65,4.5,87.0,0,2,3,1,13,Male,No,No,Placed,ECE
1133,56.4,57.5,60.0,6.64,77,75,4.6,79.1,4,0,0,2,2,Female,Yes,Yes,NotPlaced,ME
1134,86.3,95.8,74.6,9.35,84,68,4.5,87.2,0,1,2,2,9,Male,Yes,Yes,Placed,EE
1135,66.7,72.9,51.4,6.65,63,69,2.3,74.5,0,0,1,1,2,Male,Yes,Yes,NotPlaced,ME
1136,70.8,83.6,80.6,8.06,70,66,2.4,83.4,0,1,0,1,11,Female,Yes,No,Placed,EE
1137,80.6,64.2,67.2,8.28,68,73,1.6,88.0,0,1,2,2,7,Male,Yes,No,Placed,EE
1138,59.4,66.0,65.0,7.03,61,57,4.1,62.8,1,1,0,2,9,Female,No,Yes,NotPlaced,ME
1139,45.9,60.8,66.4,6.6,60,60,4.6,93.2,0,1,2,4,8,Female,Yes,Yes,Placed,ECE
1140,67.7,65.0,60.0,6.92,75,76,4.3,76.0,2,2,1,2,9,Male,Yes,Yes,Placed,CS
1141,86.5,71.8,65.2,8.23,84,63,3.6,79.4,0,2,0,1,16,Male,No,No,Placed,ECE
1142,86.4,74.8,76.4,7.97,75,74,1.4,81.9,1,0,2,3,0,Male,Yes,Yes,Placed,CS
1143,64.7,78.4,73.9,8.09,65,66,3.2,95.0,0,1,5,5,4,Male,No,Yes,Placed,CS
1144,62.5,81.5,60.4,7.63,78,57,4.2,89.4,0,0,2,3,4,Male,Yes,Yes,Placed,IT
1145,69.4,60.3,58.0,6.58,39,31,3.2,81.3,0,0,0,1,3,Female,No,No,NotPlaced,ECE
1146,65.0,63.0,65.8,7.05,72,70,3.9,89.8,0,2,2,2,6,Female,Yes,Yes,Placed,IT
1147,78.8,55.6,59.7,7.19,64,72,4.3,87.9,0,1,0,4,9,Male,No,Yes,Placed,ECE
1148,62.7,56.1,48.0,5.91,55,32,3.9,88.6,1,0,0,1,1,Male,No,Yes,NotPlaced,CS
1149,79.9,67.0,61.3,7.11,73,67,4.3,78.1,0,2,1,2,14,Female,Yes,Yes,Placed,CS
1150,62.2,63.6,69.3,6.04,68,72,3.7,93.9,0,2,2,3,15,Male,Yes,Yes,Placed,IT
1151,80.5,70.6,79.8,8.83,67,75,4.0,81.9,0,2,2,1,15,Female,No,Yes,Placed,ECE
1152,85.0,63.2,70.9,6.93,63,72,3.3,86.1,1,0,3,3,0,Female,No,No,NotPlaced,ECE
1153,62.9,64.1,64.5,6.26,60,47,4.1,90.8,1,1,0,1,3,Female,No,No,NotPlaced,EE
1154,67.4,64.3,70.9,7.42,63,49,3.9,86.3,0,0,2,5,3,Male,Yes,No,Placed,EE
1155,45.0,56.0,48.0,5.05,53,37,4.3,74.3,3,0,0,0,0,Male,No,Yes,NotPlaced,EE
1156,50.3,49.7,63.6,5.75,59,57,3.7,85.6,1,0,0,1,4,Male,Yes,No,NotPlaced,CE
1157,78.1,94.8,84.4,8.38,93,73,3.4,86.8,0,2,1,4,14,Male,Yes,No,Placed,ECE
1158,58.9,58.4,71.8,7.09,54,51,2.1,69.3,0,1,1,0,7,Male,No,No,NotPlaced,IT
1159,51.7,60.1,77.7,6.8,48,50,3.4,68.4,2,0,1,0,1,Male,No,Yes,NotPlaced,EE
1160,45.0,45.0,48.0,5.0,44,39,2.5,69.6,0,0,0,0,0,Male,No,Yes,NotPlaced,EE
1161,65.6,90.2,79.5,8.59,73,68,4.2,83.7,0,1,2,1,8,Female,Yes,Yes,Placed,EE
1162,65.1,76.6,65.6,7.29,52,58,3.3,78.0,2,0,0,2,0,Male,No,No,NotPlaced,EE
1163,77.5,78.4,69.8,7.56,58,62,3.1,88.5,1,0,0,3,0,Male,Yes,No,NotPlaced,ChemE
1164,72.3,70.6,72.8,7.85,73,66,3.9,73.2,0,0,1,0,1,Male,No,Yes,NotPlaced,CS
1165,61.8,75.3,74.1,6.4,55,64,3.5,72.5,2,1,0,0,12,Female,No,No,NotPlaced,CS
1166,63.5,59.0,54.7,6.22,39,47,3.8,73.5,2,0,0,1,2,Male,No,Yes,NotPlaced,CS
1167,99.0,67.4,87.5,9.71,100,100,4.8,95.9,0,3,2,5,10,Male,Yes,Yes,Placed,ECE
1168,99.0,85.4,84.0,9.26,64,77,2.5,88.7,0,1,1,2,7,Female,Yes,Yes,Placed,IT
1169,76.8,70.6,68.5,8.11,70,75,4.2,85.6,0,0,3,2,2,Male,Yes,Yes,Placed,IT
1170,72.2,69.6,62.6,7.95,88,84,3.3,69.7,1,1,3,2,7,Female,No,No,Placed,IT
1171,81.3,88.1,81.1,8.49,84,77,3.6,80.2,0,1,1,1,11,Female,Yes,Yes,Placed,CS
1172,70.2,65.4,74.4,6.7,79,52,3.6,63.0,0,1,1,0,13,Male,No,No,NotPlaced,EE
1173,68.4,61.6,70.9,6.78,70,65,3.9,84.3,1,0,1,1,6,Female,Yes,No,NotPlaced,ME
1174,72.2,83.1,67.8,7.62,58,61,3.8,87.1,0,1,1,2,11,Male,No,Yes,Placed,ECE
1175,76.4,64.8,76.0,7.58,80,73,4.4,79.2,0,2,2,4,8,Male,No,Yes,Placed,CS
1176,70.7,65.0,87.8,8.18,68,75,1.9,80.7,0,2,2,3,13,Male,Yes,No,Placed,CE
1177,59.9,66.5,75.2,8.44,75,65,3.3,81.2,0,1,1,7,13,Female,No,No,Placed,CE
1178,59.6,65.1,56.4,6.62,55,70,3.0,77.3,2,0,0,1,1,Female,Yes,No,NotPlaced,IT
1179,90.9,81.5,77.9,8.02,69,56,3.3,88.1,0,2,2,2,14,Male,Yes,Yes,Placed,CS
1180,88.6,69.9,78.8,8.26,80,65,3.2,79.1,0,0,1,0,1,Male,Yes,Yes,Placed,IT
1181,55.6,45.0,48.0,5.41,35,35,3.0,66.6,4,1,0,0,10,Male,No,No,NotPlaced,EE
1182,69.5,70.9,77.6,7.2,59,87,3.5,77.4,0,1,2,1,7,Female,Yes,Yes,Placed,ECE
1183,68.0,63.1,71.3,7.63,73,67,3.3,84.1,0,3,1,0,12,Male,Yes,No,Placed,CS
1184,99.0,95.0,75.2,9.35,77,54,3.4,99.7,0,3,0,2,13,Male,Yes,Yes,Placed,ME
1185,56.8,74.3,63.7,6.52,72,61,4.3,76.1,0,3,1,2,11,Female,Yes,No,NotPlaced,CE
1186,69.2,64.9,67.7,7.29,59,59,3.1,75.4,0,1,0,0,11,Female,Yes,No,Placed,CE
1187,82.0,69.8,68.1,6.45,76,64,4.0,76.0,2,2,2,1,17,Male,Yes,Yes,Placed,EE
1188,63.5,60.3,54.6,6.56,57,43,2.9,78.5,0,0,0,0,2,Female,Yes,No,Placed,ECE
1189,73.1,84.1,82.6,8.5,71,50,4.7,85.2,0,2,2,0,15,Female,No,Yes,Placed,CE
1190,81.1,85.7,63.8,7.69,62,74,3.5,76.0,0,1,3,2,7,Male,Yes,No,Placed,ME
1191,73.1,67.5,64.5,7.48,81,81,4.2,90.2,0,3,3,0,18,Female,No,Yes,Placed,CE
1192,82.4,79.7,77.2,7.82,88,83,3.0,95.3,0,0,0,3,0,Female,No,No,Placed,ECE
1193,70.1,62.3,61.9,5.88,56,67,3.4,60.7,4,0,3,1,1,Female,No,Yes,NotPlaced,ME
1194,49.7,68.5,72.1,7.15,50,66,4.0,89.3,1,0,2,2,0,Male,Yes,Yes,NotPlaced,ME
1195,66.8,53.9,64.0,6.62,49,50,3.5,76.7,1,0,1,1,0,Female,No,Yes,NotPlaced,CE
1196,62.7,51.2,69.6,6.48,62,83,3.0,82.2,1,1,6,0,8,Male,Yes,No,Placed,CS
1197,70.2,64.6,61.8,7.47,57,49,2.9,70.5,0,1,1,0,12,Female,Yes,No,Placed,IT
1198,88.2,88.9,76.2,8.63,77,85,2.6,65.0,3,0,4,0,1,Male,No,No,Placed,IT
1199,72.2,72.1,72.4,7.69,81,75,4.3,83.9,1,0,1,1,2,Female,No,No,Placed,CS
1200,75.7,63.4,75.6,7.99,80,59,3.1,90.3,0,0,1,1,5,Male,No,No,Placed,ME
1201,74.2,64.3,72.9,7.23,63,78,3.9,94.5,1,2,2,6,19,Female,Yes,Yes,Placed,CS
1202,68.9,79.3,59.5,6.64,55,34,4.2,85.0,0,0,1,3,1,Male,Yes,Yes,NotPlaced,EE
1203,67.3,54.7,58.0,6.4,55,59,3.3,75.5,2,0,2,1,5,Female,Yes,No,NotPlaced,ME
1204,70.1,66.1,73.9,6.99,72,68,3.8,69.0,2,1,1,0,11,Male,No,No,Placed,IT
1205,85.8,81.3,85.1,8.68,76,68,3.2,82.6,0,0,2,4,5,Male,Yes,No,Placed,ECE
1206,67.9,80.2,53.2,7.27,54,54,4.0,74.2,1,1,0,2,4,Female,No,Yes,Placed,IT
1207,70.4,63.7,68.7,7.94,73,41,3.0,81.7,0,0,0,1,1,Female,No,No,NotPlaced,CS
1208,91.0,73.9,81.5,8.92,65,43,2.9,72.5,1,0,1,0,2,Female,No,Yes,NotPlaced,ChemE
1209,61.6,59.6,52.5,5.88,68,45,2.3,65.4,1,1,1,0,11,Female,No,Yes,NotPlaced,CS
1210,51.7,52.2,48.0,6.14,39,36,4.6,77.8,0,0,0,1,3,Male,Yes,No,NotPlaced,EE
1211,75.6,79.4,64.7,7.4,71,54,2.2,74.6,2,0,0,2,4,Male,Yes,No,Placed,CS
1212,70.0,76.5,72.1,7.17,78,86,3.5,82.4,0,1,3,0,6,Male,No,Yes,NotPlaced,EE
1213,74.3,56.6,61.6,6.58,50,67,3.7,72.2,0,1,1,0,3,Male,Yes,No,NotPlaced,ChemE
1214,94.4,89.3,94.2,10.0,77,63,3.3,94.7,0,1,0,2,7,Female,No,Yes,Placed,ChemE
1215,59.9,54.3,53.1,5.85,45,53,3.0,73.4,2,2,0,1,12,Female,No,Yes,NotPlaced,ChemE
1216,65.0,50.9,53.2,6.83,63,54,3.5,75.8,0,1,2,2,12,Male,No,No,NotPlaced,CE
1217,65.8,69.1,62.2,6.93,60,70,3.0,81.2,3,1,2,1,9,Male,Yes,No,NotPlaced,EE
1218,80.3,89.9,83.3,8.67,95,81,3.3,100.0,0,4,2,2,27,Male,Yes,Yes,Placed,CS
1219,66.7,69.5,48.1,5.74,64,48,2.4,87.5,1,0,0,0,7,Male,Yes,No,NotPlaced,EE
1220,64.8,80.9,74.2,8.19,93,82,4.0,77.3,2,2,3,2,9,Female,No,Yes,NotPlaced,CS
1221,45.0,71.3,59.5,6.89,55,69,2.9,74.2,0,0,5,1,7,Female,Yes,No,Placed,ECE
1222,79.9,51.0,71.1,7.51,61,67,3.7,88.6,0,1,2,1,8,Female,No,Yes,Placed,CE
1223,73.0,67.9,63.4,6.93,62,72,3.7,77.4,0,0,1,0,5,Male,Yes,Yes,Placed,ECE
1224,64.9,62.4,60.8,7.03,64,43,3.3,70.1,1,0,1,0,2,Female,No,Yes,NotPlaced,ECE
1225,86.4,78.4,71.4,7.9,85,76,3.8,85.1,0,0,2,0,4,Female,No,No,Placed,IT
1226,54.0,62.6,48.0,5.73,55,35,3.0,76.5,1,1,1,2,9,Male,No,No,NotPlaced,ChemE
1227,85.6,92.4,82.9,9.15,97,87,3.7,91.5,1,4,5,3,20,Male,Yes,Yes,Placed,CS
1228,72.8,54.5,57.4,6.89,60,65,2.5,85.3,2,2,2,1,14,Male,Yes,Yes,Placed,IT
1229,68.8,76.3,81.0,8.53,67,63,4.5,85.3,2,1,0,3,6,Female,No,No,Placed,EE
1230,55.3,60.1,53.3,6.08,55,50,3.3,78.6,0,1,1,1,8,Male,Yes,No,NotPlaced,EE
1231,70.3,60.9,68.5,8.14,69,72,3.5,76.8,1,3,0,0,22,Male,No,Yes,Placed,CE
1232,62.0,52.9,55.3,6.43,54,67,4.4,86.9,3,0,0,2,0,Male,No,Yes,NotPlaced,ME
1233,80.9,88.4,90.3,8.3,99,87,4.7,84.5,0,0,1,0,5,Male,Yes,Yes,Placed,CS
1234,81.7,84.2,76.4,9.31,76,72,3.2,85.6,0,4,5,3,27,Female,No,Yes,Placed,CS
1235,65.0,79.8,66.1,7.49,60,45,3.8,69.0,0,1,0,0,7,Female,No,No,NotPlaced,ME
1236,68.4,73.6,76.9,8.27,81,56,2.6,73.7,0,1,0,0,8,Female,Yes,No,Placed,ChemE
1237,83.2,49.9,63.9,6.88,82,90,4.8,82.5,0,4,2,2,22,Male,No,Yes,Placed,ME
1238,69.0,69.1,63.9,6.61,61,63,5.0,75.5,0,1,5,1,7,Male,No,Yes,Placed,CE
1239,71.9,65.0,64.4,7.28,42,48,3.9,100.0,0,0,0,2,0,Male,Yes,No,NotPlaced,CE
1240,60.8,74.5,78.6,8.0,51,49,3.6,72.7,1,0,0,0,7,Female,No,No,NotPlaced,CE
1241,84.6,66.3,72.8,6.47,65,59,3.6,77.3,1,2,0,2,16,Female,No,Yes,Placed,CE
1242,59.5,55.5,64.5,7.0,63,59,3.2,70.9,1,1,2,0,4,Male,No,Yes,NotPlaced,IT
1243,59.8,67.5,66.1,6.74,66,62,3.5,74.2,2,2,0,1,15,Male,No,Yes,NotPlaced,ChemE
1244,78.8,81.9,80.5,8.55,70,52,3.3,76.0,0,0,0,0,2,Female,Yes,No,Placed,CE
1245,65.8,73.7,71.3,7.28,72,82,3.7,72.1,0,2,1,1,17,Male,No,No,Placed,IT
1246,78.6,81.9,73.9,7.92,82,77,2.5,98.2,0,0,0,2,1,Female,Yes,Yes,Placed,CS
1247,48.3,47.9,53.3,5.94,63,65,3.8,79.3,0,1,2,0,8,Male,Yes,No,NotPlaced,EE
1248,75.5,63.2,60.5,6.56,49,78,2.0,82.2,0,0,2,0,0,Male,Yes,Yes,NotPlaced,ME
1249,73.5,46.0,65.7,6.01,61,59,3.1,90.6,1,3,2,1,10,Male,No,Yes,Placed,CE
1250,67.5,75.2,65.7,6.46,66,83,3.3,71.1,2,3,3,0,21,Female,Yes,Yes,Placed,ECE
1251,56.9,67.5,73.3,6.97,67,61,3.1,82.8,1,1,2,1,3,Female,No,Yes,NotPlaced,CE
1252,67.1,70.2,68.7,7.7,61,33,2.7,77.6,0,0,0,4,0,Male,No,No,NotPlaced,ChemE
1253,65.0,60.8,56.2,7.4,49,61,4.2,60.2,0,0,3,1,2,Male,No,Yes,Placed,CS
1254,50.7,60.3,48.3,5.88,66,80,3.3,71.9,1,1,3,0,8,Female,No,No,Placed,EE
1255,55.8,69.1,56.0,6.24,63,53,1.9,77.2,1,1,0,1,8,Male,No,No,NotPlaced,ChemE
1256,72.5,59.8,53.9,6.08,50,82,3.8,75.6,0,1,0,2,7,Female,No,Yes,NotPlaced,ChemE
1257,68.8,68.5,70.2,7.31,67,29,3.7,74.7,2,0,0,2,4,Female,No,No,NotPlaced,ME
1258,78.8,79.5,72.9,8.25,75,56,4.1,92.3,0,0,1,1,6,Male,No,No,Placed,ChemE
1259,85.3,62.6,74.8,8.57,72,62,4.6,81.4,0,0,3,2,3,Male,No,No,Placed,ECE
1260,75.8,69.7,76.6,8.06,62,64,2.7,68.8,0,0,2,1,3,Female,No,No,NotPlaced,CE
1261,70.8,72.6,78.1,7.15,66,51,3.6,64.7,0,1,1,1,9,Female,No,Yes,Placed,IT
1262,57.1,60.0,48.0,6.07,55,60,4.5,70.3,4,1,1,0,7,Male,Yes,No,NotPlaced,EE
1263,77.1,79.9,62.1,6.97,77,77,3.6,77.0,0,1,0,3,5,Male,No,No,Placed,IT
1264,83.8,69.0,75.4,8.04,79,56,3.1,81.1,0,1,1,1,8,Male,Yes,No,Placed,ChemE
1265,79.7,74.6,56.0,6.64,69,65,3.5,85.2,0,0,0,1,3,Female,Yes,No,NotPlaced,ChemE
1266,62.8,68.0,61.6,6.36,53,66,2.6,74.2,0,0,3,2,0,Female,Yes,No,Placed,CE
1267,58.8,69.7,68.4,6.72,66,69,2.2,73.3,0,0,3,0,0,Male,Yes,Yes,Placed,CS
1268,73.6,46.9,59.9,6.46,70,75,3.1,71.5,0,1,2,0,4,Male,No,Yes,Placed,CE
1269,85.0,81.7,78.7,8.43,82,77,4.3,96.2,0,1,2,4,11,Female,Yes,Yes,Placed,CS
1270,68.9,73.6,83.9,7.25,77,64,4.0,82.8,0,1,1,2,10,Male,No,Yes,Placed,ME
1271,68.4,58.4,53.2,5.78,65,61,2.8,72.6,0,0,3,1,9,Male,No,No,NotPlaced,CE
1272,79.7,58.0,70.2,8.07,73,98,2.5,80.5,0,3,2,0,20,Male,Yes,No,Placed,EE
1273,50.0,54.2,55.8,5.71,63,73,3.5,84.5,0,0,3,1,3,Female,Yes,No,NotPlaced,ME
1274,65.1,49.7,60.9,6.85,51,69,3.8,70.1,2,0,0,2,2,Female,No,No,NotPlaced,EE
1275,93.7,83.3,76.5,8.63,84,93,2.6,82.4,1,0,4,6,0,Male,No,No,Placed,CS
1276,66.4,65.1,60.6,6.59,53,75,4.3,75.0,0,2,5,3,17,Female,Yes,Yes,Placed,CS
1277,69.6,73.5,71.5,7.58,68,63,3.8,81.3,0,0,2,2,3,Male,Yes,No,Placed,ChemE
1278,56.8,63.8,82.3,7.45,92,64,3.5,84.0,0,1,1,0,10,Male,Yes,Yes,Placed,ChemE
1279,86.3,69.3,65.1,7.1,75,79,4.7,93.0,0,3,2,1,13,Male,Yes,Yes,Placed,IT
1280,73.9,75.5,72.3,7.91,93,72,3.6,86.3,0,3,2,3,15,Male,No,Yes,Placed,ECE
1281,62.2,77.9,68.9,7.91,74,51,3.2,83.1,3,1,1,1,4,Male,No,No,NotPlaced,CE
1282,67.8,60.2,67.1,7.36,63,79,3.2,91.4,0,4,3,3,27,Male,No,Yes,Placed,CS
1283,80.7,65.3,83.3,7.2,74,65,3.8,78.4,1,0,3,1,5,Male,No,Yes,Placed,IT
1284,80.3,76.8,67.5,8.3,69,56,3.1,71.0,1,0,1,1,1,Female,No,No,Placed,ECE
1285,69.6,79.3,74.4,7.08,80,71,3.3,91.5,0,1,4,2,5,Male,Yes,No,NotPlaced,ChemE
1286,68.9,71.1,55.3,6.18,48,41,2.9,83.6,1,1,0,1,8,Female,No,No,NotPlaced,ChemE
1287,57.4,66.7,53.8,6.61,55,66,4.8,70.3,2,2,0,0,14,Male,No,Yes,NotPlaced,ME
1288,78.4,85.8,67.9,7.62,76,42,4.0,83.8,1,0,1,1,2,Female,No,No,NotPlaced,ME
1289,75.9,79.3,73.6,7.43,61,72,3.5,88.1,0,1,4,2,6,Male,Yes,No,Placed,EE
1290,67.9,57.3,59.7,7.1,73,67,2.8,55.2,3,0,5,1,2,Male,No,Yes,NotPlaced,ME
1291,77.4,75.2,61.2,6.97,71,43,4.6,91.7,1,1,1,2,5,Male,Yes,Yes,Placed,CE
1292,53.7,61.9,61.4,5.79,43,49,1.9,67.2,2,1,0,1,7,Male,Yes,Yes,NotPlaced,EE
1293,82.6,73.6,68.7,7.98,81,90,4.0,87.9,0,2,5,5,11,Female,No,No,Placed,ECE
1294,69.3,59.3,60.1,6.64,58,66,4.2,74.9,1,0,4,3,2,Male,Yes,Yes,NotPlaced,ME
1295,88.1,90.0,86.5,8.69,100,100,3.2,77.1,0,0,4,1,0,Female,No,Yes,Placed,ECE
1296,63.9,69.6,49.8,6.48,62,56,3.5,98.5,0,0,1,0,1,Female,Yes,Yes,Placed,CE
1297,63.3,70.5,57.4,6.14,55,49,4.0,75.8,1,2,2,1,15,Male,Yes,No,NotPlaced,ME
1298,67.9,75.4,77.1,7.2,65,51,3.3,80.9,0,1,2,0,11,Male,No,No,NotPlaced,CE
1299,93.9,76.5,62.5,7.75,77,65,4.4,85.9,0,3,2,2,30,Male,Yes,No,Placed,ECE
1300,81.7,68.0,65.1,7.61,62,58,3.4,69.3,0,0,1,1,0,Female,Yes,Yes,NotPlaced,IT
1301,81.3,73.0,73.2,7.65,82,62,2.6,72.6,2,2,1,0,16,Male,Yes,Yes,Placed,CS
1302,53.8,45.0,58.0,5.0,52,50,2.7,66.8,1,0,0,0,0,Male,No,No,NotPlaced,EE
1303,60.9,70.1,64.9,6.54,65,49,3.8,86.5,0,0,1,1,6,Female,No,Yes,Placed,EE
1304,65.1,67.6,62.3,6.41,52,50,4.2,75.8,0,0,0,1,2,Female,Yes,No,NotPlaced,ECE
1305,65.6,77.4,69.8,7.15,69,73,4.4,83.6,1,0,0,3,4,Female,No,Yes,NotPlaced,CS
1306,68.1,76.9,77.0,7.73,64,60,3.7,81.7,0,0,3,1,5,Male,No,Yes,NotPlaced,CS
1307,82.9,87.5,71.2,7.36,75,71,3.5,88.3,0,2,3,1,9,Female,No,Yes,Placed,ME
1308,82.1,68.5,71.8,7.91,83,65,3.2,71.9,2,1,2,2,6,Male,No,No,NotPlaced,CS
1309,50.3,77.8,62.6,6.88,66,80,2.4,79.3,1,1,2,1,5,Female,No,No,NotPlaced,ECE
1310,57.3,72.8,58.1,7.63,57,59,2.5,72.1,3,1,2,2,5,Female,No,No,Placed,ECE
1311,87.1,85.6,66.6,7.44,59,69,4.6,94.0,0,0,3,1,10,Female,No,Yes,Placed,CE
1312,82.5,78.9,77.0,8.11,71,65,5.0,100.0,0,2,1,3,11,Male,Yes,No,Placed,CE
1313,67.4,70.2,73.8,7.14,53,57,3.6,87.2,0,1,0,0,7,Male,Yes,Yes,NotPlaced,ChemE
1314,90.5,81.3,86.6,8.32,99,86,4.2,90.4,0,0,5,1,3,Male,No,Yes,Placed,ECE
1315,70.8,65.6,72.2,7.37,70,64,2.5,86.5,0,0,1,2,0,Male,Yes,No,Placed,EE
1316,73.7,77.4,72.7,7.28,83,74,4.2,97.7,0,2,2,1,12,Female,Yes,No,Placed,EE
1317,54.7,58.3,56.6,6.55,62,51,2.3,69.5,0,0,3,0,0,Female,No,No,NotPlaced,ECE
1318,77.3,78.7,79.3,7.97,64,61,4.0,91.3,0,2,2,0,17,Male,No,Yes,Placed,ME
1319,73.6,64.9,56.5,6.77,71,68,3.2,61.1,1,0,0,1,0,Female,No,No,NotPlaced,CE
1320,68.7,61.6,66.3,7.95,66,69,2.8,94.7,0,0,0,2,0,Male,Yes,No,Placed,ME
1321,63.4,64.0,50.7,6.24,60,58,2.7,71.7,3,1,0,1,6,Female,No,Yes,NotPlaced,IT
1322,73.2,72.5,70.0,7.92,50,75,3.1,81.8,3,0,3,0,3,Male,Yes,Yes,Placed,ME
1323,86.7,84.2,82.7,8.17,74,84,3.4,82.7,0,0,1,2,8,Male,No,Yes,Placed,IT
1324,70.5,62.7,64.8,7.73,75,100,3.3,90.9,0,4,2,0,29,Female,Yes,No,Placed,ECE
1325,76.5,56.4,63.0,7.07,64,67,3.5,80.0,1,1,3,0,6,Male,No,Yes,NotPlaced,EE
1326,69.9,59.1,62.9,6.17,45,57,3.8,92.1,2,2,0,3,13,Female,No,Yes,NotPlaced,EE
1327,85.3,84.4,76.0,8.32,100,100,4.1,89.1,0,3,5,2,19,Male,No,No,Placed,CS
1328,84.3,80.2,78.6,8.49,94,83,2.8,79.6,0,1,2,2,11,Female,Yes,No,Placed,IT
1329,71.8,84.3,67.6,7.74,82,67,3.2,87.6,0,2,1,3,15,Female,No,No,Placed,CE
1330,73.5,84.1,75.0,7.35,92,77,2.8,85.4,1,1,1,0,5,Male,No,No,Placed,EE
1331,78.8,69.4,73.3,8.22,72,48,3.5,80.7,0,0,2,0,3,Female,No,Yes,Placed,CE
1332,62.5,92.8,75.9,7.94,66,90,5.0,82.5,1,1,4,6,7,Male,No,Yes,NotPlaced,EE
1333,71.0,73.0,68.6,8.34,79,80,3.4,81.7,0,3,0,0,19,Male,Yes,Yes,Placed,IT
1334,66.7,82.1,69.7,7.27,74,92,4.0,81.2,2,2,4,3,8,Male,Yes,No,Placed,ECE
1335,81.9,73.8,72.9,8.35,77,77,3.2,88.0,0,0,2,2,0,Male,Yes,No,Placed,IT
1336,77.0,75.7,76.6,7.3,77,80,2.6,70.2,2,0,1,1,4,Male,No,Yes,NotPlaced,ECE
1337,79.8,75.9,64.7,7.27,60,57,2.2,78.0,0,1,0,3,8,Male,Yes,No,Placed,IT
1338,72.8,61.5,67.7,8.21,67,71,3.0,82.7,0,0,3,2,3,Male,Yes,Yes,NotPlaced,ECE
1339,73.3,91.8,72.5,8.72,81,81,3.7,86.8,0,1,2,3,7,Female,Yes,No,Placed,CS
1340,45.0,45.6,48.0,5.47,43,51,3.2,66.2,1,0,1,1,6,Female,No,No,NotPlaced,ME
1341,69.0,61.8,60.7,6.66,61,70,4.6,77.7,2,0,0,1,3,Female,No,Yes,NotPlaced,CE
1342,83.8,66.8,66.1,8.19,78,79,3.9,98.9,0,1,1,3,6,Female,Yes,Yes,Placed,IT
1343,70.6,64.6,68.1,7.27,80,83,3.7,81.9,0,0,2,4,0,Male,No,Yes,Placed,CS
1344,70.8,64.3,60.7,5.97,71,63,4.0,79.0,1,3,0,2,16,Female,Yes,Yes,NotPlaced,EE
1345,71.0,59.4,70.8,7.48,61,58,3.0,94.1,0,0,2,1,4,Female,No,No,Placed,EE
1346,83.0,86.0,78.7,8.01,63,66,3.4,85.3,0,2,3,3,10,Male,Yes,No,Placed,ECE
1347,91.0,83.5,89.5,8.49,97,88,3.1,91.5,0,1,7,2,9,Male,Yes,No,Placed,IT
1348,77.7,59.7,62.4,6.77,40,59,4.8,65.5,1,0,0,0,4,Male,No,Yes,NotPlaced,ME
1349,61.6,62.8,55.9,5.14,53,33,3.9,83.0,0,1,0,1,6,Male,No,No,NotPlaced,EE
1350,78.9,87.0,82.1,8.01,76,96,2.2,93.2,0,0,2,2,4,Male,No,No,Placed,ME
1351,66.8,53.8,67.5,6.39,70,65,1.8,83.0,0,0,5,1,9,Male,No,No,NotPlaced,ChemE
1352,72.3,84.1,68.9,7.19,77,74,2.6,84.2,0,0,3,4,0,Female,No,Yes,Placed,CS
1353,61.4,59.2,54.1,6.52,58,55,4.0,90.9,0,0,2,4,2,Male,Yes,No,NotPlaced,CE
1354,64.1,53.5,70.9,6.33,66,66,4.3,70.8,1,0,2,3,0,Male,Yes,Yes,NotPlaced,IT
1355,77.1,77.8,68.0,7.31,80,79,4.6,75.8,1,0,1,2,0,Female,No,Yes,NotPlaced,ECE
1356,83.5,76.5,70.2,8.25,74,65,3.7,87.2,0,1,0,1,3,Female,Yes,No,Placed,EE
1357,77.5,82.3,68.3,8.14,49,59,3.4,91.7,0,0,3,0,0,Female,Yes,Yes,NotPlaced,EE
1358,77.3,79.1,72.8,8.09,86,97,2.4,100.0,0,0,4,2,5,Female,No,No,Placed,CS
1359,63.2,62.2,58.8,6.64,69,73,2.6,73.3,1,0,3,2,5,Female,No,Yes,Placed,ChemE
1360,59.3,60.3,61.6,8.52,56,54,3.8,78.4,0,0,0,2,0,Male,Yes,Yes,NotPlaced,CS
1361,77.0,60.8,70.6,6.67,66,39,4.0,80.0,0,0,1,0,4,Female,Yes,Yes,NotPlaced,CE
1362,77.6,85.3,72.3,7.34,84,58,2.7,79.7,0,1,2,0,10,Male,No,Yes,Placed,EE
1363,73.2,76.4,74.6,8.89,81,84,4.1,81.0,0,0,2,0,6,Male,Yes,Yes,Placed,IT
1364,88.9,87.9,83.9,8.3,81,59,3.0,90.0,0,2,1,1,17,Female,Yes,No,Placed,ECE
1365,59.8,64.4,48.0,5.88,45,64,3.8,82.3,2,3,5,0,14,Female,Yes,Yes,Placed,EE
1366,69.4,72.7,65.7,8.04,72,69,2.7,83.1,0,1,1,2,5,Male,Yes,No,Placed,ECE
1367,67.8,66.0,51.7,6.46,65,70,5.0,89.0,0,1,3,2,6,Female,No,Yes,Placed,ChemE
1368,78.9,72.1,70.9,7.74,72,70,3.1,73.4,2,1,1,2,7,Male,Yes,No,Placed,ME
1369,89.5,70.3,71.7,8.44,67,69,4.5,73.0,0,1,0,0,10,Male,Yes,No,Placed,ME
1370,62.2,48.7,59.8,6.29,67,71,3.9,68.2,0,0,0,2,5,Male,No,Yes,NotPlaced,CS
1371,76.2,74.7,80.0,8.42,75,59,3.3,95.2,0,0,2,3,1,Female,No,No,NotPlaced,IT
1372,73.3,74.9,76.5,7.44,82,66,4.9,73.8,0,2,3,2,10,Female,No,Yes,Placed,CS
1373,66.7,53.3,59.5,6.62,43,57,2.7,68.2,1,0,2,0,3,Female,No,Yes,NotPlaced,CE
1374,69.4,50.9,73.2,7.34,67,61,3.6,86.0,1,2,1,3,10,Male,Yes,Yes,Placed,CS
1375,73.5,50.4,67.8,6.76,52,70,4.5,76.5,1,0,2,2,0,Male,No,No,Placed,ME
1376,63.9,78.9,60.0,7.3,52,29,2.8,66.2,2,0,0,1,0,Male,No,Yes,NotPlaced,ME
1377,75.2,70.0,72.9,7.39,81,71,3.5,72.4,3,0,1,0,4,Male,No,No,NotPlaced,EE
1378,70.8,59.1,78.6,7.59,76,64,3.6,75.5,2,2,2,3,12,Male,Yes,Yes,Placed,IT
1379,45.0,50.5,63.9,5.69,54,46,3.2,75.6,0,0,1,0,0,Male,Yes,Yes,NotPlaced,ChemE
1380,76.4,69.8,73.7,6.95,68,88,4.2,77.7,0,2,2,2,13,Female,No,Yes,Placed,CS
1381,63.8,78.7,75.8,7.45,89,77,2.9,96.4,0,1,2,3,8,Female,No,No,Placed,CS
1382,68.7,65.8,68.1,6.91,63,50,4.9,88.4,0,0,0,0,0,Male,Yes,Yes,Placed,EE
1383,68.2,83.2,73.5,6.57,47,56,2.5,84.3,0,0,4,3,0,Female,Yes,No,NotPlaced,ChemE
1384,70.7,85.2,60.7,8.07,63,58,3.8,78.6,0,2,2,2,16,Male,No,Yes,Placed,ECE
1385,64.2,64.2,66.8,6.41,53,39,3.8,77.0,0,0,0,0,0,Female,No,Yes,NotPlaced,ME
1386,72.5,67.3,69.8,7.42,69,67,4.0,68.2,1,1,3,0,9,Male,No,Yes,NotPlaced,ECE
1387,73.3,71.5,62.6,6.76,83,96,4.5,89.1,0,1,2,1,8,Female,No,Yes,NotPlaced,EE
1388,73.1,61.4,64.8,8.47,58,48,3.7,81.0,0,1,0,0,10,Female,No,No,NotPlaced,EE
1389,95.0,82.0,64.0,7.68,72,59,3.6,87.6,0,2,1,5,12,Female,Yes,No,Placed,CS
1390,70.6,72.6,73.0,7.27,67,74,2.9,75.0,0,0,2,1,0,Female,Yes,No,NotPlaced,IT
1391,75.4,73.8,91.9,8.48,94,99,4.6,83.3,0,2,2,3,15,Female,No,Yes,Placed,EE
1392,54.5,57.5,58.7,6.56,59,61,4.3,66.1,1,1,2,1,5,Female,No,Yes,NotPlaced,CE
1393,75.0,72.5,62.5,7.07,68,68,4.0,76.2,1,2,1,1,9,Male,Yes,Yes,Placed,ECE
1394,46.7,45.0,60.8,5.4,69,77,4.0,79.2,4,0,1,1,1,Female,No,Yes,NotPlaced,ECE
1395,65.6,65.5,72.0,8.02,57,58,3.2,87.5,0,0,4,3,0,Female,No,No,NotPlaced,ChemE
1396,64.4,68.8,77.8,7.16,90,62,5.0,76.7,1,1,4,1,6,Male,Yes,No,NotPlaced,ChemE
1397,70.0,71.9,58.2,7.18,92,68,3.2,81.9,1,1,0,1,8,Male,Yes,No,NotPlaced,IT
1398,79.4,81.1,69.7,6.58,58,51,3.5,85.1,0,0,1,0,0,Female,No,Yes,Placed,ME
1399,71.8,80.4,85.4,8.18,90,68,4.3,90.1,0,1,0,1,3,Male,Yes,Yes,Placed,EE
1400,72.7,45.0,60.9,6.71,71,61,3.1,75.1,1,0,0,0,1,Male,No,No,NotPlaced,ECE
1401,65.6,75.1,80.9,8.44,95,93,4.0,100.0,0,0,4,3,2,Female,Yes,No,Placed,ME
1402,65.0,96.2,65.4,7.44,56,47,3.2,80.1,1,2,0,2,6,Male,No,No,NotPlaced,ChemE
1403,77.5,72.3,73.8,8.01,64,61,3.8,76.0,1,0,3,4,5,Female,Yes,Yes,Placed,ChemE
1404,63.3,45.0,68.6,7.5,64,84,4.2,74.5,0,0,1,0,3,Male,Yes,Yes,Placed,IT
1405,77.6,87.1,63.5,7.37,63,59,3.5,86.1,0,0,2,1,5,Male,No,No,Placed,ME
1406,75.4,80.9,96.0,9.47,82,84,3.9,87.0,0,2,3,3,13,Female,No,Yes,Placed,ECE
1407,61.8,69.3,64.1,6.48,62,76,3.3,60.5,2,0,4,0,0,Female,No,Yes,NotPlaced,ECE
1408,80.0,65.9,70.8,7.12,90,94,2.5,96.5,0,3,6,2,15,Male,Yes,No,Placed,ECE
1409,51.7,62.0,51.5,5.21,59,62,3.4,58.3,6,0,1,0,6,Female,No,No,NotPlaced,CS
1410,78.6,61.7,72.5,7.58,69,90,3.9,82.9,0,0,2,2,8,Male,Yes,Yes,Placed,IT
1411,69.3,60.7,62.5,6.96,76,48,4.8,93.9,0,0,0,1,4,Male,No,Yes,Placed,ECE
1412,72.0,87.5,74.9,8.1,58,37,2.5,78.6,1,0,0,0,1,Male,Yes,No,NotPlaced,ECE
1413,52.4,50.5,65.1,5.64,44,55,3.3,70.3,2,0,1,0,0,Female,No,Yes,NotPlaced,CE
1414,94.5,79.8,69.5,8.26,62,78,3.8,84.4,0,2,2,3,15,Male,No,No,Placed,CS
1415,46.0,58.4,57.0,6.37,35,49,3.3,73.2,1,0,1,1,0,Female,Yes,Yes,NotPlaced,CS
1416,63.8,73.8,67.0,7.12,82,79,3.9,84.0,0,0,2,3,1,Female,Yes,Yes,Placed,EE
1417,84.3,69.1,73.4,7.36,73,73,4.4,85.9,0,0,0,1,0,Male,Yes,No,NotPlaced,EE
1418,58.1,57.0,62.0,6.65,64,55,3.0,80.0,1,0,0,1,3,Male,Yes,No,Placed,ChemE
1419,84.6,66.2,70.6,7.02,64,60,3.1,70.5,2,0,2,0,9,Male,Yes,Yes,NotPlaced,CS
1420,77.8,59.1,48.0,6.41,44,61,3.7,89.8,2,0,1,1,0,Female,No,Yes,NotPlaced,EE
1421,65.0,70.8,60.6,7.07,56,78,3.0,70.6,0,1,3,2,9,Female,No,Yes,Placed,ME
1422,65.3,61.9,64.7,7.27,35,46,4.0,76.8,0,1,0,0,8,Male,Yes,Yes,Placed,ChemE
1423,62.6,80.0,78.4,8.28,67,63,3.9,80.4,0,2,0,2,13,Male,Yes,Yes,Placed,ECE
1424,76.5,53.9,64.2,7.12,74,83,3.9,89.9,0,3,2,4,14,Female,Yes,Yes,Placed,IT
1425,56.7,73.6,64.0,7.58,60,68,3.7,84.0,0,1,0,2,9,Male,No,Yes,Placed,ECE
1426,59.0,66.0,66.7,7.24,51,86,3.9,80.9,0,1,3,2,8,Female,Yes,No,Placed,CS
1427,63.9,64.2,63.7,6.07,66,68,3.3,85.5,1,1,1,0,7,Male,Yes,No,NotPlaced,ChemE
1428,76.5,76.5,70.3,7.63,74,64,4.8,63.7,1,0,0,0,0,Male,No,Yes,Placed,EE
1429,63.4,64.0,78.5,8.22,69,96,2.5,70.9,0,1,0,4,6,Female,Yes,No,Placed,CS
1430,67.1,68.1,66.5,7.03,55,57,4.1,89.7,0,0,2,1,1,Male,No,Yes,NotPlaced,ECE
1431,60.2,81.1,62.5,7.33,78,89,3.7,95.9,0,3,3,3,17,Male,Yes,Yes,Placed,CS
1432,70.1,72.8,66.2,7.72,53,72,2.8,78.8,0,0,1,1,0,Male,Yes,No,Placed,ME
1433,74.6,78.4,77.9,8.92,60,51,2.5,75.1,0,2,3,1,12,Male,Yes,No,NotPlaced,ME
1434,77.7,71.5,76.1,8.16,91,73,3.5,76.0,0,0,2,0,0,Female,Yes,No,Placed,ME
1435,79.6,77.4,69.2,7.8,69,73,2.5,87.5,0,1,1,1,4,Male,Yes,Yes,Placed,ECE
1436,79.5,64.7,79.5,7.95,79,88,3.8,88.7,0,2,3,2,11,Female,No,Yes,Placed,ChemE
1437,79.5,72.2,68.3,7.63,65,76,2.1,72.5,2,1,3,1,5,Female,No,No,NotPlaced,ECE
1438,64.2,58.6,54.8,5.89,69,50,3.5,77.4,0,2,1,0,9,Female,No,No,Placed,EE
1439,85.6,82.1,81.8,7.94,81,89,3.8,75.7,0,1,1,2,15,Female,Yes,No,Placed,CS
1440,64.0,56.7,64.0,6.06,66,56,3.1,60.7,4,0,0,0,0,Female,No,Yes,NotPlaced,ECE
1441,87.2,87.8,83.4,9.31,87,70,3.0,100.0,0,1,2,8,7,Female,No,Yes,Placed,ME
1442,72.5,58.7,68.6,6.82,55,72,3.2,90.6,0,0,2,4,2,Male,No,No,Placed,CS
1443,67.2,66.1,61.2,6.71,65,58,4.6,78.4,0,0,3,1,1,Female,No,Yes,Placed,ChemE
1444,68.3,70.3,63.8,7.15,64,71,4.9,84.5,0,1,3,3,10,Female,No,Yes,Placed,ECE
1445,80.0,67.3,63.3,8.2,64,69,4.0,80.6,0,0,3,4,6,Female,No,Yes,Placed,ME
1446,76.0,64.1,63.2,6.79,51,48,2.8,69.0,1,0,0,4,2,Female,No,No,NotPlaced,CE
1447,68.5,69.9,70.4,7.09,63,81,4.0,80.2,2,0,6,3,2,Male,Yes,No,NotPlaced,ME
1448,71.6,70.6,63.1,6.59,72,79,4.8,85.1,0,3,4,3,19,Male,No,Yes,Placed,CE
1449,58.1,71.1,60.0,6.62,71,81,3.4,77.8,3,2,4,2,17,Male,No,Yes,NotPlaced,ECE
1450,87.6,78.9,88.5,8.57,80,75,2.9,97.9,0,1,4,1,7,Female,No,No,Placed,CS
1451,61.8,71.0,65.9,7.68,71,49,3.4,82.8,0,0,0,1,1,Male,Yes,Yes,Placed,CE
1452,68.6,77.2,70.2,6.26,56,61,1.8,76.5,1,2,2,1,13,Female,No,No,NotPlaced,EE
1453,72.0,69.7,65.0,6.1,64,60,4.6,82.8,0,0,0,1,3,Male,No,Yes,Placed,CS
1454,79.9,54.8,76.7,8.11,54,80,3.8,88.2,0,0,2,1,1,Female,Yes,No,Placed,CS
1455,76.5,73.6,70.7,6.67,65,52,4.6,83.4,0,1,0,2,12,Female,No,No,NotPlaced,EE
1456,69.0,76.7,60.5,7.31,42,65,3.3,83.7,1,0,1,0,3,Female,Yes,Yes,NotPlaced,CS
1457,54.5,48.7,52.5,6.06,44,62,3.7,86.0,4,0,1,4,1,Female,Yes,Yes,NotPlaced,ChemE
1458,76.8,88.7,70.9,6.63,64,60,2.4,90.0,1,1,0,2,16,Female,Yes,Yes,NotPlaced,ME
1459,61.4,53.4,76.3,7.5,67,57,3.4,62.2,0,0,1,0,6,Male,No,Yes,NotPlaced,CE
1460,73.8,78.4,62.6,8.08,65,64,4.1,78.2,1,0,0,1,3,Male,Yes,Yes,NotPlaced,EE
1461,69.4,69.7,66.2,6.47,60,62,2.6,79.3,0,1,0,1,7,Female,Yes,Yes,NotPlaced,CE
1462,94.1,83.2,77.8,8.27,85,87,4.8,86.2,0,1,2,4,8,Female,No,No,Placed,CS
1463,73.3,75.3,74.9,7.73,66,68,3.5,93.1,0,3,4,2,16,Female,Yes,No,Placed,CE
1464,74.5,66.5,66.5,7.66,72,37,2.9,82.6,1,0,1,2,7,Female,No,No,NotPlaced,ChemE
1465,68.0,71.4,72.5,8.22,75,67,3.9,98.4,0,0,2,2,1,Female,Yes,No,Placed,IT
1466,77.0,84.3,70.0,8.27,78,84,2.7,86.3,0,1,3,2,6,Male,No,No,Placed,EE
1467,71.4,46.8,60.5,6.98,69,40,2.6,85.4,0,1,1,2,6,Female,Yes,No,NotPlaced,ME
1468,86.5,80.4,75.1,7.53,76,83,4.0,100.0,0,1,5,1,7,Male,Yes,No,Placed,CS
1469,70.4,69.7,71.8,7.73,59,64,2.6,86.1,0,4,2,0,21,Female,No,Yes,NotPlaced,ME
1470,61.2,69.0,74.7,7.26,67,62,4.4,84.3,0,0,2,2,3,Female,No,No,Placed,CS
1471,80.9,85.9,75.1,7.43,80,70,3.9,85.8,0,1,1,1,7,Female,Yes,No,Placed,EE
1472,65.7,99.0,70.2,8.14,63,78,3.8,100.0,1,0,4,2,6,Male,Yes,Yes,Placed,EE
1473,87.6,88.2,82.9,7.78,58,56,4.4,93.2,0,1,2,3,4,Female,Yes,Yes,Placed,CS
1474,78.4,77.2,76.3,8.82,94,78,3.9,87.9,0,2,3,2,13,Female,No,No,Placed,IT
1475,78.2,91.4,73.9,7.93,73,89,3.8,83.2,0,2,2,2,13,Male,Yes,Yes,Placed,CE
1476,73.8,47.8,71.0,7.4,68,52,3.7,82.2,0,1,1,1,10,Female,No,No,Placed,ME
1477,89.8,80.8,70.8,8.67,78,72,4.4,87.7,0,0,4,1,5,Female,Yes,Yes,Placed,ECE
1478,78.9,76.8,68.5,8.2,83,89,5.0,80.5,0,0,5,2,1,Male,Yes,Yes,Placed,ECE
1479,75.9,71.6,65.9,7.87,77,70,3.3,84.4,1,0,1,1,3,Male,Yes,No,NotPlaced,CE
1480,74.8,71.8,72.8,7.03,52,65,3.8,85.0,1,0,4,0,0,Female,No,Yes,Placed,CE
1481,75.3,65.5,62.6,7.57,63,94,5.0,75.0,1,1,1,1,6,Male,No,No,NotPlaced,ECE
1482,74.1,68.1,55.8,6.69,64,44,2.7,77.2,0,0,0,0,1,Male,Yes,Yes,NotPlaced,ChemE
1483,67.9,70.4,64.7,7.82,76,72,3.9,77.2,1,1,3,1,6,Male,Yes,Yes,Placed,EE
1484,55.6,65.9,61.7,6.86,70,62,2.2,74.2,1,0,2,0,1,Female,Yes,No,NotPlaced,ME
1485,50.6,73.2,54.2,6.02,78,67,3.6,81.7,2,0,1,4,4,Female,Yes,Yes,NotPlaced,EE
1486,45.0,60.4,51.0,6.45,53,45,4.7,61.5,4,0,0,0,0,Male,No,Yes,NotPlaced,ECE
1487,72.3,78.6,76.9,8.27,71,57,4.1,78.0,0,0,0,0,3,Female,No,Yes,Placed,CE
1488,70.0,82.1,84.6,8.26,80,94,2.4,90.0,0,2,0,6,13,Female,Yes,Yes,Placed,CS
1489,53.3,68.0,56.0,5.94,63,53,4.0,74.1,4,0,4,2,2,Male,Yes,Yes,NotPlaced,CS
1490,70.0,49.9,51.0,5.35,73,75,2.6,85.8,0,2,1,2,14,Male,Yes,Yes,NotPlaced,ChemE
1491,72.4,56.7,69.7,6.57,59,39,4.1,71.9,1,1,0,2,15,Male,No,Yes,NotPlaced,ECE
1492,82.2,81.4,88.9,9.87,100,83,2.8,88.6,0,0,4,1,0,Male,Yes,Yes,Placed,EE
1493,68.2,71.9,69.4,6.22,78,85,4.3,86.6,0,0,1,2,3,Male,Yes,Yes,Placed,ChemE
1494,84.3,75.0,71.3,6.5,66,71,3.8,66.1,0,1,0,2,7,Female,Yes,Yes,Placed,EE
1495,72.3,59.4,70.8,6.78,72,63,3.0,67.1,1,0,0,0,5,Male,No,Yes,NotPlaced,CE
1496,66.3,54.9,59.0,6.24,71,67,3.5,83.1,0,0,5,3,3,Female,No,No,Placed,ME
1497,51.8,45.0,48.0,5.0,54,56,3.3,70.6,3,0,0,0,3,Female,No,Yes,NotPlaced,EE
1498,70.5,63.1,72.4,6.97,50,59,1.6,90.9,0,0,1,6,0,Male,Yes,No,Placed,CE
1499,87.9,66.0,65.9,7.44,72,60,2.5,82.6,2,1,1,3,5,Female,No,Yes,Placed,IT
1500,71.6,53.7,71.3,7.65,73,74,3.9,76.0,0,0,0,2,7,Female,Yes,Yes,Placed,CE
1501,74.1,66.6,64.6,7.67,65,76,3.5,89.7,1,2,2,0,12,Female,Yes,No,Placed,CE
1502,45.0,45.0,48.0,5.0,41,54,2.7,58.5,4,0,3,0,2,Male,No,Yes,NotPlaced,ME
1503,64.9,66.1,62.4,7.56,62,63,2.0,86.6,0,0,4,0,6,Female,Yes,No,Placed,CE
1504,73.3,89.4,73.5,8.02,81,73,3.0,76.7,0,0,3,1,4,Male,No,No,Placed,CS
1505,83.1,65.4,75.4,8.64,61,54,4.0,93.9,0,1,1,0,6,Male,Yes,Yes,Placed,CS
1506,64.7,76.3,59.8,7.35,45,52,3.6,89.9,1,0,1,2,0,Male,Yes,No,Placed,ECE
1507,60.6,70.5,62.0,6.06,57,60,3.2,73.0,2,1,0,1,14,Female,Yes,Yes,NotPlaced,EE
1508,73.7,84.3,82.0,7.93,77,43,4.0,91.2,0,1,1,2,9,Female,Yes,Yes,Placed,ECE
1509,74.8,84.6,79.6,8.69,78,78,4.0,84.0,0,2,1,0,12,Male,Yes,Yes,Placed,ECE
1510,60.3,76.9,61.4,7.59,65,75,3.0,81.9,2,2,0,1,9,Male,No,No,Placed,CE
1511,87.3,93.0,85.1,9.18,85,70,3.1,81.0,0,0,3,1,3,Male,Yes,Yes,Placed,ECE
1512,78.3,84.8,72.0,8.06,95,60,3.9,76.4,0,0,1,1,1,Female,No,Yes,NotPlaced,ECE
1513,76.5,77.4,75.0,8.26,83,72,2.7,88.0,0,0,3,1,8,Female,No,No,NotPlaced,ECE
1514,55.3,49.9,56.1,5.53,60,83,2.9,78.9,2,0,5,2,2,Female,No,No,NotPlaced,ME
1515,65.8,73.6,58.7,6.24,57,52,3.2,87.6,2,1,2,1,11,Male,Yes,No,NotPlaced,ME
1516,64.5,85.3,69.3,6.96,53,54,3.2,70.4,2,0,1,1,2,Female,No,Yes,Placed,EE
1517,76.9,80.9,81.0,8.3,100,79,4.4,89.3,0,2,5,4,10,Female,Yes,Yes,Placed,CS
1518,62.3,59.0,68.0,6.21,41,58,2.5,74.9,1,0,1,0,0,Male,No,No,NotPlaced,ECE
1519,91.0,77.0,75.4,7.98,68,75,3.5,70.9,3,1,2,1,11,Male,Yes,Yes,Placed,ChemE
1520,86.8,75.6,83.6,10.0,90,66,5.0,90.4,0,0,3,3,2,Male,No,Yes,Placed,IT
1521,53.8,55.0,59.5,6.54,65,30,2.6,69.4,4,0,0,0,5,Male,No,No,NotPlaced,ChemE
1522,73.2,61.9,56.8,5.49,52,42,4.1,79.2,0,0,0,0,4,Female,No,Yes,NotPlaced,EE
1523,95.2,84.4,83.0,8.94,79,72,3.7,85.2,0,0,1,0,2,Female,Yes,Yes,Placed,EE
1524,79.0,66.2,66.2,7.46,63,63,3.6,86.8,0,1,1,6,15,Male,Yes,Yes,Placed,IT
1525,78.9,78.1,70.7,8.38,74,52,4.8,84.7,0,0,0,1,2,Female,No,Yes,NotPlaced,ECE
1526,62.7,65.2,59.9,7.23,79,62,2.9,97.5,0,3,0,2,10,Female,No,Yes,Placed,EE
1527,67.1,65.7,74.6,7.25,75,69,3.6,100.0,0,0,2,2,0,Female,No,Yes,NotPlaced,ECE
1528,90.2,84.1,81.9,8.24,74,81,2.7,91.2,0,0,2,2,11,Female,Yes,No,Placed,ChemE
1529,84.2,73.0,61.1,7.07,70,67,3.5,88.4,0,0,1,1,2,Male,Yes,Yes,Placed,CS
1530,53.7,50.3,59.4,5.87,59,45,3.4,55.9,2,0,1,1,5,Female,No,Yes,NotPlaced,ChemE
1531,69.0,90.1,89.5,8.92,83,80,4.8,86.4,0,2,5,2,17,Male,No,Yes,Placed,CS
1532,68.7,61.5,66.8,7.46,61,41,4.1,81.6,1,0,0,0,0,Female,No,No,NotPlaced,ME
1533,75.0,85.7,70.5,9.63,79,67,3.3,83.0,0,1,1,4,7,Male,Yes,Yes,Placed,IT
1534,73.2,76.6,68.7,8.13,61,67,4.1,81.8,1,1,1,3,11,Male,Yes,No,Placed,ChemE
1535,60.8,62.8,58.6,6.63,46,35,3.0,87.4,0,1,0,0,10,Female,Yes,No,NotPlaced,ME
1536,87.8,85.3,92.1,7.71,81,80,5.0,84.3,0,1,1,2,7,Male,Yes,Yes,Placed,EE
1537,73.2,77.1,73.4,7.93,71,65,3.7,75.0,0,1,3,2,6,Male,Yes,Yes,Placed,IT
1538,55.3,53.4,53.4,6.2,70,67,2.9,66.2,2,0,2,1,0,Female,No,No,NotPlaced,CE
1539,60.6,65.3,54.5,6.34,56,54,4.8,90.6,0,0,3,2,0,Male,Yes,No,Placed,CS
1540,45.0,55.3,62.5,5.85,54,62,3.0,87.9,0,0,0,1,0,Female,No,No,NotPlaced,ChemE
1541,77.5,72.4,70.7,8.79,73,66,3.1,76.7,1,2,2,4,13,Male,Yes,No,Placed,CE
1542,81.0,80.5,75.6,9.19,84,71,3.5,79.5,1,0,2,2,2,Female,Yes,No,Placed,ECE
1543,61.3,53.9,63.2,7.58,72,77,4.8,72.9,0,3,4,2,9,Male,No,Yes,Placed,EE
1544,63.3,66.5,60.6,7.01,72,56,4.5,84.8,3,2,2,1,19,Male,Yes,Yes,Placed,CS
1545,66.4,52.1,62.0,6.77,73,69,2.3,72.9,1,1,1,1,5,Female,Yes,No,NotPlaced,ECE
1546,71.8,64.8,64.7,8.25,79,69,2.5,89.0,0,1,3,2,5,Female,Yes,No,Placed,ChemE
1547,84.1,71.1,74.1,9.12,70,52,4.3,80.9,0,1,0,2,5,Female,No,No,Placed,CE
1548,88.4,78.5,92.8,8.54,85,80,4.0,95.0,0,1,3,3,9,Male,Yes,Yes,Placed,ECE
1549,51.7,52.0,53.5,5.48,48,60,3.1,77.8,2,0,0,2,4,Male,No,Yes,NotPlaced,IT
1550,56.4,80.5,76.2,8.05,79,76,3.1,78.8,0,2,2,3,12,Female,No,Yes,NotPlaced,EE
1551,84.2,84.9,79.4,8.9,68,69,3.6,77.7,0,0,1,2,1,Male,Yes,No,Placed,ME
1552,75.3,69.4,67.2,8.02,67,46,3.6,67.8,2,0,2,0,2,Male,No,No,NotPlaced,EE
1553,78.0,87.8,80.3,8.14,88,62,3.5,81.4,0,2,1,3,12,Female,No,No,Placed,ECE
1554,84.1,99.0,65.2,8.01,69,81,3.8,81.0,0,0,2,2,4,Female,Yes,Yes,Placed,CS
1555,63.7,73.0,68.7,7.77,79,54,3.9,80.8,0,0,0,4,0,Male,Yes,No,Placed,EE
1556,80.7,89.5,78.8,8.18,85,67,3.7,88.6,0,0,2,1,0,Female,Yes,Yes,Placed,CS
1557,64.6,71.5,69.1,7.23,61,74,3.3,85.0,0,1,3,1,5,Female,No,Yes,NotPlaced,CS
1558,70.9,68.3,61.2,6.74,63,55,3.5,81.5,0,1,2,3,5,Male,Yes,No,Placed,CE
1559,63.6,55.2,66.1,7.19,87,96,2.6,84.8,0,3,1,1,17,Female,No,No,Placed,CS
1560,84.9,45.9,68.0,7.71,71,52,2.8,78.1,1,0,0,3,4,Male,No,Yes,NotPlaced,ECE
1561,76.7,62.2,74.9,8.5,88,72,3.6,94.2,0,0,0,5,0,Male,Yes,No,Placed,CS
1562,89.7,77.8,91.5,8.4,84,92,2.6,91.8,0,1,4,5,7,Female,No,No,Placed,IT
1563,82.4,96.1,78.6,8.75,78,84,3.4,91.5,0,2,0,5,15,Female,No,Yes,Placed,ECE
1564,89.2,80.0,84.1,9.36,75,74,4.3,93.4,0,0,1,1,1,Male,Yes,Yes,Placed,CS
1565,71.2,55.6,51.6,5.7,58,58,2.6,67.0,1,1,0,0,4,Male,No,No,NotPlaced,CE
1566,64.2,68.6,61.8,6.03,63,71,3.0,69.3,0,1,5,2,10,Female,Yes,Yes,Placed,ME
1567,73.6,72.3,70.0,6.82,59,50,4.0,90.1,0,1,1,2,6,Male,No,No,Placed,ME
1568,79.9,57.5,62.5,7.37,58,59,3.3,68.8,2,1,1,1,6,Male,No,No,NotPlaced,ME
1569,77.8,77.6,67.4,8.25,92,100,3.3,84.0,1,0,2,3,0,Male,Yes,Yes,Placed,ECE
1570,70.5,82.3,72.9,7.89,76,93,4.0,74.9,2,1,0,3,9,Male,No,Yes,Placed,CS
1571,76.3,90.8,77.5,7.55,90,91,4.7,80.2,1,0,1,1,3,Female,No,Yes,Placed,CE
1572,68.0,70.9,70.8,7.23,63,43,3.8,76.0,0,0,1,4,6,Female,Yes,Yes,Placed,ME
1573,72.9,83.2,78.4,6.63,64,50,3.1,79.5,1,1,0,2,8,Male,Yes,Yes,NotPlaced,EE
1574,66.2,66.7,71.8,8.08,57,57,3.2,64.5,1,0,2,0,6,Male,No,No,NotPlaced,ME
1575,63.7,76.5,54.8,6.15,60,69,3.5,73.0,0,1,1,1,6,Female,No,Yes,Placed,EE
1576,70.8,78.2,67.6,8.74,77,61,2.9,81.1,0,0,3,3,0,Male,No,No,NotPlaced,IT
1577,71.0,83.0,68.5,8.52,77,98,3.5,83.8,0,1,4,1,9,Female,Yes,No,Placed,IT
1578,75.7,82.6,77.5,8.98,72,65,4.0,88.1,0,0,1,1,3,Female,Yes,Yes,Placed,ME
1579,70.6,81.6,60.6,7.28,64,67,4.4,94.1,0,2,2,1,6,Female,No,No,Placed,CS
1580,59.5,79.3,66.4,6.86,52,69,2.8,69.8,0,0,0,3,1,Male,Yes,No,NotPlaced,EE
1581,53.5,48.5,57.3,6.13,61,59,3.6,73.9,2,0,1,0,1,Female,No,No,NotPlaced,CS
1582,79.2,68.8,68.9,7.49,72,89,3.0,86.0,1,0,1,0,2,Male,Yes,Yes,Placed,ECE
1583,86.0,95.1,75.3,7.94,82,71,4.4,94.2,0,3,3,4,20,Male,Yes,Yes,Placed,IT
1584,50.5,67.6,75.9,6.56,77,39,2.7,59.9,0,0,2,1,0,Female,No,Yes,NotPlaced,IT
1585,69.9,78.9,71.6,7.8,58,51,4.8,77.8,0,2,2,1,11,Female,No,Yes,Placed,EE
1586,78.5,58.3,65.2,7.66,66,58,4.4,80.1,2,0,1,2,0,Female,Yes,No,NotPlaced,ECE
1587,65.9,58.3,54.4,7.21,61,69,3.7,82.7,0,0,2,0,5,Male,Yes,Yes,NotPlaced,ECE
1588,79.4,69.1,73.5,7.53,76,72,4.4,77.7,0,1,2,0,3,Female,No,Yes,Placed,IT
1589,92.2,94.8,83.3,9.82,70,72,4.1,90.4,0,1,1,0,11,Female,Yes,Yes,Placed,CE
1590,70.7,82.1,84.2,7.53,82,71,4.4,84.0,0,2,2,3,11,Male,Yes,Yes,Placed,EE
1591,81.5,88.4,80.2,8.29,86,94,2.6,80.6,0,0,3,5,4,Male,No,Yes,Placed,CS
1592,70.3,55.7,70.8,7.31,81,66,5.0,77.2,2,0,1,0,5,Female,Yes,No,Placed,ECE
1593,64.2,65.1,60.9,6.74,49,77,4.0,96.9,1,2,1,8,13,Male,Yes,Yes,Placed,ECE
1594,64.6,65.2,70.5,7.52,60,70,3.7,78.2,2,0,2,3,4,Female,No,No,NotPlaced,ECE
1595,56.3,45.0,48.0,5.36,58,57,3.2,82.7,2,0,1,2,2,Female,Yes,Yes,NotPlaced,CE
1596,59.6,69.3,65.9,6.9,68,64,3.3,70.8,0,1,1,2,6,Male,No,Yes,Placed,ChemE
1597,79.9,83.9,67.9,7.66,80,95,4.9,69.3,1,0,3,0,4,Male,Yes,No,Placed,IT
1598,56.2,76.8,61.1,7.33,75,72,3.3,70.1,2,0,1,0,0,Male,Yes,No,NotPlaced,ME
1599,68.3,72.2,71.5,7.54,72,63,5.0,76.7,0,1,0,1,8,Female,No,No,NotPlaced,CE
1600,85.7,86.0,73.1,8.4,74,63,3.3,90.1,0,2,1,3,11,Female,No,Yes,Placed,IT
1601,82.1,83.0,69.8,8.12,60,64,3.5,81.5,1,0,3,2,2,Female,No,No,Placed,ECE
1602,66.1,61.4,71.5,7.31,75,79,3.2,73.3,0,1,0,5,9,Female,Yes,Yes,Placed,CE
1603,49.3,51.8,49.6,6.02,67,61,4.3,82.1,2,0,0,1,1,Male,Yes,Yes,NotPlaced,CE
1604,62.6,59.8,68.1,5.97,49,54,2.3,71.6,0,0,0,1,3,Female,No,No,NotPlaced,CE
1605,77.6,79.2,75.5,8.25,76,80,4.7,84.5,0,0,3,5,0,Female,No,No,Placed,ECE
1606,74.4,69.4,70.6,6.88,59,78,2.1,78.6,2,1,2,1,5,Female,Yes,Yes,Placed,ME
1607,67.0,65.3,70.8,7.18,77,74,3.5,77.0,0,1,3,1,8,Male,No,Yes,Placed,EE
1608,68.4,81.8,73.0,8.7,77,81,2.4,86.7,0,0,2,0,2,Female,Yes,No,Placed,CS
1609,59.3,58.7,68.6,6.56,79,78,3.6,81.3,1,1,1,2,4,Female,Yes,Yes,NotPlaced,CS
1610,75.4,89.2,76.6,7.9,80,84,4.0,91.9,0,3,3,6,15,Male,No,No,Placed,ECE
1611,76.9,59.9,76.5,8.75,73,73,4.2,78.6,0,2,1,1,11,Male,Yes,Yes,Placed,CS
1612,62.9,68.7,74.5,6.57,75,78,5.0,79.9,0,0,2,2,2,Female,Yes,Yes,Placed,CS
1613,61.9,63.4,68.3,6.44,71,85,4.1,80.3,2,0,1,1,0,Male,No,No,Placed,CE
1614,74.4,65.1,60.7,7.16,67,65,3.8,79.9,1,1,2,1,6,Female,Yes,Yes,Placed,ECE
1615,80.4,63.4,68.4,6.73,74,61,3.5,78.2,1,0,1,6,3,Male,No,No,Placed,CS
1616,83.7,68.4,74.8,8.35,95,78,4.2,90.8,0,4,2,3,29,Female,Yes,No,Placed,ECE
1617,69.7,71.7,65.7,8.09,71,41,3.6,88.8,1,0,1,0,0,Female,No,Yes,Placed,CS
1618,87.8,90.4,92.8,9.25,100,87,4.7,83.6,0,2,3,0,13,Female,Yes,Yes,Placed,CS
1619,76.5,73.6,72.5,7.06,56,62,2.3,75.0,0,0,3,0,0,Male,No,Yes,NotPlaced,ChemE
1620,68.4,55.4,70.6,6.57,53,32,2.6,74.9,0,0,0,0,1,Male,No,No,NotPlaced,ME
1621,76.2,80.8,67.6,6.75,72,60,2.7,89.7,0,3,4,3,15,Female,Yes,No,Placed,ECE
1622,83.7,74.3,75.9,7.77,63,59,3.4,82.5,0,2,2,2,17,Female,Yes,Yes,Placed,ME
1623,67.9,45.0,59.0,7.56,71,61,4.4,81.8,1,3,0,2,19,Male,No,Yes,NotPlaced,ECE
1624,58.6,60.8,65.5,6.29,54,59,3.2,62.5,1,2,0,1,10,Male,No,No,NotPlaced,EE
1625,67.7,64.9,71.1,7.21,70,67,3.6,94.2,0,3,2,2,16,Female,Yes,No,NotPlaced,ME
1626,69.3,71.1,78.6,8.35,82,93,5.0,93.3,1,2,6,7,10,Male,Yes,Yes,Placed,CS
1627,72.1,80.3,75.2,7.07,74,75,2.8,84.7,1,1,2,1,6,Male,No,Yes,Placed,CS
1628,65.2,70.7,59.7,5.75,77,71,2.8,72.1,2,0,3,5,2,Female,Yes,Yes,Placed,CS
1629,64.4,75.4,72.2,8.28,82,69,2.8,72.7,0,2,0,0,10,Female,No,Yes,Placed,IT
1630,79.2,59.5,62.7,6.59,70,43,3.6,81.2,0,2,0,1,11,Female,Yes,No,NotPlaced,ChemE
1631,83.9,82.5,70.9,8.69,99,79,4.2,90.3,0,1,1,3,6,Male,No,No,Placed,IT
1632,66.7,58.3,81.3,7.59,71,75,4.0,82.1,0,1,1,1,10,Male,Yes,Yes,Placed,CS
1633,96.6,81.9,75.9,8.89,61,45,3.5,70.4,1,0,2,1,0,Female,No,No,NotPlaced,CS
1634,76.9,89.2,75.6,7.63,86,89,2.7,100.0,0,3,3,6,11,Male,Yes,No,Placed,IT
1635,67.7,67.0,58.0,6.33,55,36,3.4,76.2,0,0,0,0,6,Female,No,Yes,NotPlaced,CE
1636,59.1,46.8,58.4,6.2,44,66,4.2,77.6,1,0,2,1,8,Female,Yes,Yes,NotPlaced,CS
1637,64.2,66.7,68.6,7.5,70,61,3.0,88.2,0,0,1,2,0,Male,No,Yes,NotPlaced,ME
1638,45.5,45.0,51.3,5.07,35,31,2.9,71.3,3,0,0,0,1,Female,No,No,NotPlaced,CE
1639,79.6,68.0,65.4,7.26,62,55,3.2,75.2,0,0,2,1,0,Male,No,No,Placed,EE
1640,82.7,68.6,75.1,7.94,79,55,3.8,86.8,0,0,2,2,5,Male,Yes,Yes,Placed,ME
1641,70.2,62.0,60.0,6.67,64,60,2.7,85.3,2,2,1,0,10,Male,No,Yes,NotPlaced,ECE
1642,66.4,83.1,73.3,8.13,82,79,4.2,80.3,0,1,4,0,9,Female,No,No,Placed,CE
1643,70.4,59.9,64.3,6.77,61,53,1.9,79.8,0,2,1,0,8,Male,Yes,No,Placed,CS
1644,74.1,75.9,82.6,8.93,82,71,3.7,86.2,0,0,2,0,5,Female,No,No,Placed,ME
1645,79.9,77.1,72.8,8.03,61,68,2.5,81.7,0,0,0,0,0,Male,No,Yes,NotPlaced,ECE
1646,50.0,45.0,53.9,6.29,51,45,3.7,76.5,1,0,2,1,0,Male,No,Yes,NotPlaced,CE
1647,65.5,65.2,66.5,7.39,65,58,3.9,79.9,1,0,0,0,5,Female,No,No,NotPlaced,ME
1648,61.2,51.0,61.2,6.66,63,56,3.6,86.3,0,0,0,2,2,Female,Yes,No,Placed,CS
1649,85.1,65.2,87.1,8.52,90,82,3.5,84.2,2,0,5,0,5,Male,Yes,Yes,Placed,CS
1650,56.2,76.3,64.6,6.58,68,51,2.9,76.7,0,1,2,3,6,Male,Yes,Yes,NotPlaced,CE
1651,83.8,73.6,80.8,7.94,86,76,3.8,87.8,0,1,4,5,11,Female,Yes,No,Placed,ChemE
1652,79.6,69.7,67.4,7.52,65,58,3.8,79.3,0,0,2,1,7,Male,Yes,Yes,Placed,ECE
1653,75.7,81.4,74.0,7.36,70,61,2.4,73.8,0,0,0,0,3,Male,Yes,Yes,NotPlaced,EE
1654,67.4,81.4,64.0,6.79,55,56,4.7,78.2,0,0,1,4,0,Male,Yes,Yes,Placed,CS
1655,75.4,71.8,78.9,7.09,61,76,4.7,88.3,1,0,0,0,3,Female,Yes,Yes,Placed,EE
1656,66.8,76.0,63.9,7.27,59,50,4.9,84.4,0,1,0,2,4,Female,No,Yes,Placed,ME
1657,62.1,58.3,61.7,6.55,65,72,3.5,81.9,2,2,2,3,20,Female,No,No,Placed,CS
1658,67.3,64.7,59.1,6.96,56,54,3.6,71.2,0,0,1,1,0,Female,Yes,No,NotPlaced,ME
1659,80.1,65.1,59.5,7.01,49,49,3.5,73.8,2,0,0,2,5,Female,No,No,NotPlaced,CS
1660,57.4,68.8,64.8,6.04,69,58,3.3,85.3,0,1,0,0,6,Male,No,No,NotPlaced,CE
1661,79.4,81.7,74.6,7.84,58,74,3.3,76.1,0,1,0,1,6,Female,No,Yes,NotPlaced,CS
1662,65.3,52.0,68.3,6.48,49,52,2.9,80.0,0,2,0,0,14,Female,Yes,No,Placed,ME
1663,61.6,53.4,56.7,5.78,45,48,3.5,73.3,2,0,0,0,0,Male,Yes,Yes,NotPlaced,CE
1664,53.1,57.7,57.7,6.69,59,59,3.7,85.0,1,1,0,1,9,Male,No,Yes,NotPlaced,ME
1665,55.0,57.7,71.1,6.99,56,50,3.7,69.9,1,1,0,0,3,Male,Yes,Yes,Placed,ME
1666,89.7,88.3,93.1,9.05,97,100,1.7,86.8,0,2,8,0,13,Male,No,No,Placed,ECE
1667,55.9,64.4,61.4,6.99,66,69,2.2,80.5,2,0,0,2,7,Male,No,Yes,NotPlaced,ECE
1668,77.7,68.5,69.4,6.92,67,58,2.7,79.9,0,0,0,0,0,Female,Yes,Yes,NotPlaced,CE
1669,54.0,55.3,66.4,5.87,64,45,4.0,77.6,0,0,0,0,3,Male,Yes,No,NotPlaced,CE
1670,74.1,78.6,80.5,7.17,66,63,3.8,87.0,0,2,2,2,18,Female,Yes,Yes,Placed,ME
1671,71.7,75.9,75.1,7.6,79,53,2.8,72.0,0,0,2,0,2,Female,No,No,Placed,ME
1672,64.4,65.5,69.6,8.23,63,39,3.6,72.8,1,0,1,0,6,Male,No,No,Placed,IT
1673,76.6,82.8,81.5,8.51,86,94,3.9,93.5,0,3,6,1,14,Male,Yes,Yes,Placed,ECE
1674,64.3,64.1,49.7,6.24,51,64,3.2,86.3,1,1,2,2,8,Female,Yes,No,NotPlaced,ECE
1675,74.1,68.2,67.3,6.67,65,72,2.9,81.5,0,0,1,0,3,Male,No,Yes,NotPlaced,ECE
1676,62.4,55.2,68.3,6.17,57,80,2.3,88.0,0,3,2,2,11,Female,No,No,NotPlaced,EE
1677,67.2,74.1,55.3,5.71,57,60,3.5,72.2,2,1,3,0,8,Female,No,Yes,Placed,EE
1678,77.8,79.9,65.3,7.82,80,88,4.3,84.7,0,1,2,3,4,Male,Yes,Yes,Placed,CS
1679,62.8,61.5,72.6,7.35,76,61,3.5,75.9,2,2,0,1,18,Female,Yes,No,NotPlaced,EE
1680,70.4,50.6,55.1,7.37,59,61,1.8,73.0,2,3,0,2,16,Male,Yes,Yes,NotPlaced,ME
1681,81.3,88.0,72.9,8.46,90,93,3.3,80.8,0,1,4,1,10,Male,Yes,No,Placed,CS
1682,55.7,83.5,63.5,7.49,54,43,3.5,76.9,0,0,1,0,1,Male,Yes,Yes,Placed,ECE
1683,83.2,88.9,73.4,8.94,84,62,3.5,85.4,0,1,2,0,16,Female,Yes,Yes,Placed,EE
1684,56.0,71.0,70.6,6.94,72,43,3.5,87.2,0,0,0,0,2,Male,Yes,No,NotPlaced,ECE
1685,76.7,90.0,84.1,9.2,82,86,3.8,80.6,0,1,1,1,12,Male,No,No,Placed,EE
1686,58.1,56.9,66.8,6.71,63,85,2.6,84.0,0,0,1,1,10,Male,No,No,NotPlaced,ME
1687,74.9,60.3,76.3,7.7,95,86,3.6,92.2,0,1,2,1,5,Male,Yes,Yes,Placed,EE
1688,64.9,63.3,78.5,6.84,60,66,3.6,90.9,1,0,0,2,0,Male,No,No,Placed,CE
1689,68.5,68.3,57.8,6.52,51,61,3.9,86.2,0,3,1,0,24,Female,Yes,No,NotPlaced,ECE
1690,66.6,69.7,65.9,6.97,61,38,4.1,89.6,0,2,0,1,6,Female,Yes,Yes,NotPlaced,CE
1691,75.3,75.3,69.0,7.44,66,71,4.0,88.3,0,1,1,1,7,Male,Yes,No,Placed,EE
1692,68.6,61.5,63.5,6.84,65,70,4.6,77.2,0,1,0,0,7,Male,No,Yes,Placed,ECE
1693,94.5,86.1,90.6,8.13,85,58,3.6,95.1,0,2,0,0,11,Female,No,No,Placed,CE
1694,55.6,66.6,68.0,7.47,59,62,2.4,82.7,0,2,4,5,17,Female,No,No,Placed,ECE
1695,74.4,61.6,60.1,6.13,48,63,2.7,85.5,0,0,1,2,2,Female,No,Yes,NotPlaced,ME
1696,76.1,80.4,77.8,8.11,87,89,2.5,92.6,0,0,1,2,5,Male,No,Yes,NotPlaced,CE
1697,62.4,59.6,65.6,6.89,74,53,2.4,71.3,2,0,0,0,4,Female,Yes,No,NotPlaced,EE
1698,56.3,62.5,56.2,5.47,50,52,3.4,75.3,2,0,1,0,6,Male,No,Yes,NotPlaced,ChemE
1699,67.5,70.9,77.9,7.59,79,57,3.1,95.9,0,1,3,1,10,Male,Yes,No,NotPlaced,CE
1700,60.7,69.8,61.3,6.51,81,69,2.2,88.3,0,1,2,3,11,Male,Yes,No,Placed,ECE
1701,73.5,65.3,62.8,7.49,74,82,2.8,86.1,2,0,3,1,3,Male,No,Yes,NotPlaced,CS
1702,77.8,87.3,74.3,8.41,73,60,4.3,94.1,1,0,1,1,6,Female,Yes,Yes,Placed,ECE
1703,63.4,80.3,70.0,8.43,79,72,3.9,84.2,1,0,2,1,0,Female,No,Yes,Placed,ME
1704,76.5,72.7,66.1,7.37,71,61,3.3,86.0,1,0,2,1,0,Male,Yes,Yes,Placed,ChemE
1705,70.6,67.2,67.3,6.95,44,57,3.2,79.0,1,0,3,3,0,Female,Yes,Yes,NotPlaced,CS
1706,59.2,84.6,62.6,7.08,62,60,4.3,87.3,0,2,0,1,11,Male,Yes,Yes,Placed,IT
1707,74.7,71.1,84.6,7.73,65,94,2.1,69.8,0,1,2,0,5,Female,No,No,Placed,IT
1708,72.5,66.8,73.0,7.63,51,40,3.4,75.8,1,1,1,0,6,Female,No,Yes,Placed,ME
1709,66.9,78.1,76.8,7.64,74,58,3.5,78.7,0,1,0,2,6,Male,Yes,No,Placed,ME
1710,76.1,56.4,73.9,7.75,68,64,4.5,88.3,1,0,1,2,3,Male,Yes,No,Placed,CS
1711,80.7,85.5,87.2,8.05,81,70,4.4,98.4,0,1,3,3,4,Female,Yes,Yes,Placed,EE
1712,72.5,74.3,68.0,6.81,67,65,2.8,61.7,1,1,2,0,6,Male,No,Yes,NotPlaced,CS
1713,45.0,46.0,48.0,5.0,44,55,4.7,85.3,3,2,2,1,15,Female,Yes,Yes,Placed,ME
1714,78.7,81.0,82.0,7.39,62,47,3.5,72.7,1,0,1,1,1,Female,Yes,No,Placed,ME
1715,61.1,66.4,55.6,6.7,78,79,4.7,92.9,0,1,2,2,7,Male,No,Yes,Placed,ECE
1716,66.5,73.0,65.9,7.82,68,49,3.7,80.8,1,0,3,1,7,Female,Yes,Yes,Placed,ChemE
1717,63.5,73.6,65.9,6.42,60,76,2.7,81.6,0,0,2,0,0,Male,Yes,Yes,Placed,EE
1718,65.8,59.1,58.9,6.41,56,78,4.0,81.7,4,0,3,1,6,Male,No,Yes,NotPlaced,EE
1719,64.2,65.0,76.6,7.87,71,58,2.9,82.8,0,0,0,1,0,Female,Yes,No,Placed,ME
1720,71.8,60.2,60.4,6.36,56,58,3.1,70.3,0,1,0,3,4,Male,No,Yes,NotPlaced,ChemE
1721,58.8,45.0,56.3,5.6,56,55,3.5,68.3,1,0,3,2,0,Male,Yes,Yes,NotPlaced,ME
1722,59.1,79.8,68.0,7.17,66,84,3.9,73.9,1,2,0,1,15,Female,Yes,No,Placed,ChemE
1723,71.0,67.1,67.2,7.21,73,74,3.1,80.0,1,2,1,2,9,Female,No,No,Placed,EE
1724,60.2,48.4,62.5,6.04,70,71,3.1,75.9,0,0,3,2,1,Male,No,Yes,NotPlaced,ME
1725,61.5,66.9,71.0,8.0,67,67,2.1,70.6,2,0,1,1,6,Male,No,Yes,NotPlaced,CS
1726,62.5,73.6,63.9,7.41,80,62,2.9,91.2,3,3,0,0,15,Male,Yes,No,Placed,ME
1727,68.3,62.2,59.3,6.45,58,80,3.0,79.9,1,2,4,1,9,Female,Yes,Yes,Placed,IT
1728,79.9,71.6,65.6,8.34,71,88,4.2,83.7,0,1,3,4,8,Female,Yes,No,Placed,CS
1729,84.7,91.8,72.1,7.74,86,83,2.3,75.2,0,0,4,1,2,Male,Yes,Yes,Placed,EE
1730,86.8,73.6,67.5,7.43,62,62,3.2,76.6,0,0,1,0,5,Male,Yes,No,NotPlaced,ME
1731,82.6,79.2,85.8,8.06,76,59,3.7,94.3,0,0,1,2,5,Male,No,Yes,Placed,IT
1732,75.0,55.2,78.5,6.9,66,59,3.1,84.4,0,2,0,0,15,Female,No,No,NotPlaced,ME
1733,60.5,67.4,62.4,6.52,51,69,2.4,74.7,1,1,0,2,9,Male,No,No,NotPlaced,CE
1734,86.0,64.6,78.6,7.76,52,68,5.0,69.0,0,1,2,0,6,Female,No,Yes,Placed,ME
1735,58.7,67.9,65.0,6.78,65,68,3.4,77.2,2,1,0,1,6,Male,No,No,NotPlaced,ECE
1736,77.9,61.3,57.4,5.9,40,49,2.7,80.8,0,0,0,0,4,Female,No,No,NotPlaced,CE
1737,84.8,73.5,69.8,6.85,70,83,4.4,94.1,0,1,0,7,8,Female,Yes,Yes,Placed,EE
1738,76.7,88.5,83.8,7.75,82,84,4.0,100.0,0,2,3,4,9,Female,Yes,Yes,Placed,EE
1739,86.5,63.7,80.5,8.25,79,87,3.2,95.6,0,2,1,3,16,Female,Yes,Yes,Placed,ECE
1740,71.8,67.1,62.6,7.08,74,71,3.6,77.5,0,1,0,1,8,Male,Yes,Yes,Placed,EE
1741,48.9,48.0,48.0,5.35,59,64,2.9,75.1,2,1,0,3,4,Male,No,No,NotPlaced,ME
1742,82.1,84.3,78.8,8.6,84,77,4.0,83.1,0,1,2,2,8,Female,Yes,Yes,Placed,CE
1743,92.7,94.4,87.6,9.03,99,89,3.7,95.8,0,0,4,1,2,Female,Yes,No,Placed,IT
1744,64.3,59.9,59.5,6.38,48,57,4.2,66.4,2,0,0,0,5,Female,No,Yes,NotPlaced,CS
1745,86.7,68.8,82.5,8.4,69,67,4.7,73.6,1,1,3,1,6,Female,Yes,Yes,Placed,ECE
1746,88.5,74.3,79.7,8.92,100,62,3.6,82.1,0,0,1,1,0,Male,Yes,Yes,Placed,EE
1747,56.6,46.7,50.1,5.88,61,72,2.5,79.0,2,1,1,1,7,Male,No,Yes,NotPlaced,ChemE
1748,71.2,64.1,53.5,6.6,64,50,2.7,78.1,2,0,1,0,8,Male,Yes,Yes,Placed,IT
1749,56.0,70.8,69.8,6.8,56,63,3.9,85.7,0,0,1,1,8,Male,No,No,Placed,CE
1750,65.8,63.6,62.5,7.42,67,50,3.0,83.7,0,0,1,0,0,Male,No,Yes,NotPlaced,CE
1751,57.1,62.7,56.8,5.61,49,47,2.8,78.8,0,0,0,2,0,Female,No,Yes,NotPlaced,CE
1752,69.8,61.4,57.8,6.73,60,71,2.0,63.2,4,0,0,1,2,Female,No,No,NotPlaced,CS
1753,81.4,65.4,64.3,6.88,79,51,2.4,74.3,1,0,1,1,2,Female,No,Yes,NotPlaced,ME
1754,69.5,54.0,62.8,6.63,75,57,3.6,79.0,2,1,3,0,9,Male,No,Yes,NotPlaced,ME
1755,80.6,78.6,77.1,8.66,83,81,3.1,89.0,0,0,4,4,3,Male,Yes,No,Placed,CS
1756,67.0,77.5,75.4,7.32,76,79,3.2,93.7,0,1,2,2,7,Male,No,No,Placed,CS
1757,77.6,80.6,75.1,7.66,71,71,4.7,75.6,0,1,2,0,6,Female,No,Yes,NotPlaced,CE
1758,67.6,65.2,69.0,6.87,58,70,3.1,87.3,0,0,2,7,0,Male,Yes,Yes,Placed,CE
1759,68.1,76.7,79.2,6.87,68,62,3.8,72.7,1,0,0,1,6,Male,Yes,No,NotPlaced,EE
1760,82.7,85.3,66.0,7.69,72,56,3.7,78.6,1,0,1,2,6,Female,Yes,Yes,NotPlaced,ECE
1761,80.8,62.7,68.0,7.52,82,73,2.7,91.2,0,0,1,1,0,Female,No,No,NotPlaced,EE
1762,60.6,67.8,62.5,7.2,70,67,3.9,83.0,1,1,0,5,3,Male,No,Yes,NotPlaced,CS
1763,62.4,73.0,74.0,7.46,67,79,4.1,93.7,0,1,4,3,12,Female,Yes,Yes,Placed,CS
1764,74.7,82.3,66.0,8.11,64,94,4.6,73.4,1,2,3,2,7,Male,No,Yes,Placed,ME
1765,84.1,85.6,93.9,8.96,87,88,4.8,99.4,0,0,3,4,1,Female,Yes,Yes,Placed,IT
1766,70.4,81.0,69.7,8.63,64,68,4.1,85.8,0,0,2,1,0,Male,Yes,Yes,Placed,CE
1767,76.4,81.0,85.4,8.9,83,75,4.4,75.1,1,1,4,4,5,Female,No,No,Placed,CS
1768,78.2,71.7,73.2,7.04,73,79,4.0,88.7,2,2,2,4,11,Female,Yes,Yes,Placed,CS
1769,72.9,75.6,59.0,7.44,68,63,4.6,61.0,3,0,0,0,3,Female,Yes,No,Placed,ECE
1770,94.0,86.1,71.2,7.94,68,64,3.0,81.4,0,1,5,5,11,Female,No,Yes,Placed,CS
1771,76.5,89.8,84.7,8.9,87,78,3.5,89.5,0,1,3,3,7,Male,Yes,Yes,Placed,EE
1772,88.0,68.8,82.6,7.72,87,74,2.8,85.3,0,1,2,2,8,Female,Yes,No,Placed,IT
1773,81.6,72.7,67.8,7.73,79,68,3.1,79.7,2,0,0,1,5,Male,No,Yes,NotPlaced,IT
1774,73.9,84.5,77.1,8.25,76,71,3.6,88.7,0,1,0,1,3,Female,Yes,Yes,Placed,EE
1775,59.4,62.3,60.1,6.22,52,62,2.5,83.7,0,0,1,0,0,Male,Yes,No,NotPlaced,ME
1776,77.2,77.9,78.6,7.75,75,53,3.9,93.0,0,3,2,1,24,Female,Yes,Yes,Placed,IT
1777,71.5,60.1,73.8,7.95,78,57,3.7,81.6,0,0,2,3,3,Female,Yes,Yes,Placed,ECE
1778,83.2,45.0,70.2,8.55,75,77,3.3,86.2,0,1,1,1,13,Female,No,No,Placed,EE
1779,78.0,66.7,75.9,8.38,77,83,2.8,82.3,0,2,3,3,9,Male,Yes,No,Placed,IT
1780,79.0,68.3,66.2,7.18,75,62,2.8,71.1,4,2,1,1,15,Male,No,No,NotPlaced,EE
1781,85.5,72.1,74.5,7.54,73,82,3.0,77.1,0,2,3,2,17,Male,No,Yes,Placed,ME
1782,81.7,71.8,66.1,7.42,75,73,2.5,74.9,1,1,3,0,10,Female,No,No,NotPlaced,ECE
1783,56.2,67.0,65.8,7.26,61,62,2.8,78.5,0,0,0,0,9,Female,Yes,No,NotPlaced,CE
1784,69.2,85.4,64.5,8.27,69,68,3.1,88.5,0,2,1,1,9,Male,No,No,NotPlaced,ME
1785,70.1,56.0,60.5,6.52,66,69,5.0,81.5,0,2,1,0,13,Male,Yes,Yes,Placed,CE
1786,51.9,45.0,57.4,5.98,70,71,2.7,78.4,1,0,2,2,0,Female,Yes,No,NotPlaced,EE
1787,59.8,59.7,62.1,7.06,73,58,4.1,78.6,0,2,0,0,15,Male,Yes,Yes,Placed,ChemE
1788,78.9,91.1,81.9,8.31,91,84,3.8,94.4,0,0,4,1,2,Male,Yes,Yes,Placed,CS
1789,78.0,79.9,82.2,7.97,78,66,4.7,93.4,0,0,3,1,4,Female,Yes,Yes,Placed,ECE
1790,71.6,79.0,73.4,6.91,61,78,3.1,66.5,0,0,1,2,1,Male,No,Yes,Placed,ECE
1791,67.0,63.7,62.2,7.13,67,77,3.4,85.4,0,0,3,1,4,Male,No,Yes,Placed,ME
1792,87.2,65.2,76.4,7.46,95,82,3.6,80.1,1,1,1,2,6,Male,Yes,No,Placed,CE
1793,56.6,45.0,48.0,6.87,63,72,2.9,69.8,2,0,1,0,5,Male,No,Yes,NotPlaced,EE
1794,72.7,63.4,69.1,6.55,48,61,4.3,88.9,0,0,0,0,0,Female,No,No,NotPlaced,CE
1795,78.6,73.1,72.8,8.17,94,75,4.5,92.3,0,0,1,1,6,Female,No,No,Placed,CS
1796,57.2,74.3,70.1,7.1,70,73,2.4,81.4,0,2,0,6,11,Female,No,Yes,NotPlaced,IT
1797,83.6,75.3,68.9,7.38,66,74,2.5,82.9,0,3,3,1,13,Female,Yes,No,Placed,ECE
1798,68.4,76.9,60.9,5.87,48,57,2.6,73.0,0,0,0,1,3,Female,Yes,Yes,NotPlaced,ME
1799,80.6,76.8,80.6,8.34,75,82,3.8,87.3,0,3,1,3,20,Male,No,No,Placed,ECE
1800,74.3,65.9,63.3,6.94,69,55,2.3,89.8,1,0,2,3,0,Male,No,Yes,NotPlaced,ME
1801,77.7,76.4,76.7,9.0,85,71,4.4,85.7,0,1,1,4,9,Female,No,Yes,Placed,ECE
1802,73.4,58.8,65.0,6.75,68,48,4.5,87.5,0,0,0,2,0,Male,No,Yes,Placed,ECE
1803,51.7,66.2,73.6,7.38,50,77,3.6,62.7,3,1,5,0,7,Male,Yes,Yes,NotPlaced,IT
1804,78.6,68.4,61.5,7.33,59,68,2.5,71.4,0,0,1,0,2,Male,No,Yes,NotPlaced,EE
1805,59.7,68.4,61.5,5.83,53,50,3.2,63.5,3,1,0,0,7,Female,No,Yes,NotPlaced,ChemE
1806,77.9,68.5,76.2,7.15,83,84,4.2,81.7,1,2,5,1,10,Male,Yes,Yes,Placed,CS
1807,58.5,59.3,63.2,7.13,58,56,2.7,80.6,1,0,2,1,5,Male,No,No,NotPlaced,CE
1808,61.9,50.8,53.6,6.57,45,67,4.3,81.8,0,2,3,2,14,Female,No,No,NotPlaced,IT
1809,60.2,61.8,64.6,6.35,62,45,4.2,81.0,1,0,0,2,0,Male,Yes,Yes,NotPlaced,CE
1810,76.4,73.2,76.8,8.6,61,77,5.0,95.0,0,1,1,2,5,Female,No,Yes,Placed,CS
1811,82.8,78.7,85.3,8.34,70,65,4.1,60.0,0,0,1,0,2,Male,No,Yes,NotPlaced,ECE
1812,73.6,49.7,55.8,6.05,67,66,2.8,81.5,1,2,4,2,10,Male,Yes,No,NotPlaced,CE
1813,68.1,69.2,83.7,8.27,81,74,3.4,79.1,0,0,1,1,3,Male,No,Yes,NotPlaced,IT
1814,66.9,54.4,56.3,6.08,46,57,4.1,71.9,3,1,2,0,4,Female,No,Yes,NotPlaced,CE
1815,81.7,89.7,77.9,8.68,88,66,4.3,79.9,0,0,5,1,9,Male,No,Yes,Placed,EE
1816,67.8,68.9,68.4,7.58,85,82,4.7,82.3,0,2,2,1,12,Male,No,Yes,Placed,CS
1817,76.2,73.0,69.2,8.38,81,86,3.4,89.1,0,3,3,3,23,Male,Yes,Yes,Placed,CS
1818,87.0,90.1,83.1,8.99,85,85,4.6,90.7,0,1,0,4,6,Female,Yes,Yes,Placed,IT
1819,60.6,50.8,64.4,6.61,61,61,2.7,71.9,1,0,2,1,2,Female,Yes,Yes,NotPlaced,CS
1820,80.5,72.5,84.0,9.15,81,81,3.2,85.9,0,3,0,3,19,Male,Yes,Yes,Placed,CS
1821,71.4,51.8,61.0,6.1,67,55,3.9,83.1,3,1,2,0,6,Female,No,Yes,NotPlaced,ChemE
1822,59.0,52.9,63.0,6.86,69,65,3.1,84.9,0,2,2,1,17,Female,Yes,No,NotPlaced,ME
1823,70.6,63.3,64.3,6.74,64,73,4.8,69.2,1,1,1,3,5,Male,Yes,No,NotPlaced,IT
1824,78.5,71.8,72.4,7.55,75,61,2.8,86.6,1,0,2,2,4,Male,Yes,Yes,NotPlaced,EE
1825,55.2,65.9,69.2,6.85,74,58,2.9,82.1,0,1,1,0,4,Female,No,Yes,Placed,ChemE
1826,77.1,78.6,74.8,7.67,66,71,3.4,80.8,2,1,2,1,8,Male,Yes,Yes,NotPlaced,EE
1827,69.6,71.5,67.5,7.42,47,63,3.6,65.7,3,0,0,0,1,Male,Yes,No,NotPlaced,ECE
1828,72.7,51.3,65.0,6.68,62,60,2.0,80.8,1,0,2,0,1,Female,No,Yes,NotPlaced,ECE
1829,65.4,48.9,77.7,8.19,44,69,2.6,76.6,1,2,0,3,10,Male,No,No,NotPlaced,ME
1830,68.1,50.2,56.1,6.45,70,56,2.8,86.7,2,0,2,1,0,Male,No,Yes,NotPlaced,ChemE
1831,45.0,47.4,48.4,5.0,45,40,4.2,74.4,3,0,0,0,3,Male,No,Yes,NotPlaced,ME
1832,84.9,83.7,76.1,9.1,84,86,4.6,88.8,0,0,4,6,0,Female,No,No,Placed,CS
1833,64.8,59.0,64.7,5.65,72,75,3.2,96.5,0,1,3,5,7,Male,Yes,Yes,Placed,ECE
1834,67.0,66.8,56.5,6.37,64,79,3.2,97.7,0,2,3,3,11,Female,Yes,Yes,Placed,CS
1835,77.4,94.7,81.3,9.13,89,69,3.6,82.6,0,1,2,1,6,Male,Yes,Yes,Placed,ECE
1836,58.4,58.2,62.9,6.35,62,66,2.9,70.6,1,1,0,2,12,Female,No,No,Placed,CS
1837,82.5,76.8,72.2,7.55,68,40,3.9,79.1,4,0,0,1,4,Male,Yes,Yes,Placed,CS
1838,86.4,86.5,63.6,7.93,72,74,4.5,80.9,0,1,1,0,8,Male,Yes,Yes,Placed,ECE
1839,68.2,45.0,48.0,5.95,47,53,3.4,68.4,4,0,0,0,1,Female,No,Yes,NotPlaced,EE
1840,76.2,84.0,66.0,6.98,73,70,2.9,87.7,2,0,1,4,4,Male,Yes,No,Placed,IT
1841,68.4,45.0,71.5,6.79,54,58,3.1,89.2,0,0,1,4,3,Female,Yes,Yes,Placed,IT
1842,74.1,62.1,72.0,7.29,58,62,2.8,87.3,0,1,1,1,12,Female,Yes,No,NotPlaced,ECE
1843,96.4,76.6,84.5,8.59,92,67,4.0,100.0,0,1,5,6,3,Male,Yes,Yes,Placed,IT
1844,63.7,45.0,50.0,6.4,56,45,3.1,74.9,4,0,1,0,1,Female,Yes,Yes,NotPlaced,EE
1845,63.1,58.3,59.1,5.56,43,48,2.9,64.8,2,0,0,0,3,Female,No,Yes,NotPlaced,CS
1846,68.6,68.0,75.7,7.48,65,60,3.7,74.2,0,2,4,0,14,Female,No,No,Placed,ME
1847,78.9,84.6,82.2,7.42,78,65,4.2,95.8,0,1,3,1,6,Female,Yes,Yes,Placed,CS
1848,62.5,62.2,53.5,6.1,49,56,2.7,71.0,0,0,0,0,4,Male,Yes,Yes,NotPlaced,CS
1849,59.5,63.8,65.9,6.22,65,67,3.1,78.0,1,2,1,1,7,Male,Yes,No,NotPlaced,ME
1850,71.2,83.1,66.5,7.88,77,90,2.7,80.6,0,1,3,0,7,Male,No,No,NotPlaced,IT
1851,72.2,75.8,65.4,7.75,83,84,2.7,69.5,0,1,3,0,8,Female,Yes,No,Placed,EE
1852,90.7,91.4,82.6,9.72,96,75,2.1,88.1,0,1,3,4,9,Male,Yes,No,Placed,EE
1853,52.9,45.4,48.0,5.0,39,56,3.6,71.1,1,0,5,1,4,Male,No,No,NotPlaced,ChemE
1854,72.3,59.8,67.4,6.34,63,78,2.2,68.8,0,0,3,3,2,Female,Yes,No,NotPlaced,ECE
1855,71.2,57.2,61.3,7.1,66,62,3.8,60.8,0,1,2,0,7,Female,No,No,Placed,ChemE
1856,76.5,74.4,69.6,7.32,55,71,4.3,82.7,0,1,3,0,12,Female,No,No,Placed,ME
1857,73.7,58.9,65.7,7.63,55,66,4.5,78.0,2,0,1,1,1,Male,Yes,No,Placed,ME
1858,45.0,66.1,63.7,6.98,69,69,3.0,88.5,0,0,1,6,6,Male,No,No,NotPlaced,ECE
1859,76.5,63.5,75.3,9.14,83,82,3.3,70.4,0,2,2,2,17,Male,Yes,No,Placed,CS
1860,85.2,79.2,83.9,8.25,86,73,3.2,84.2,0,1,3,3,10,Female,Yes,Yes,Placed,IT
1861,57.9,55.6,57.2,6.96,47,48,4.2,67.1,4,0,1,1,2,Male,Yes,No,NotPlaced,CE
1862,76.5,72.6,66.0,7.0,68,70,3.7,84.6,0,0,3,5,3,Male,Yes,Yes,Placed,CS
1863,87.1,77.3,75.3,8.59,78,71,1.9,80.1,0,3,3,0,16,Male,No,No,Placed,CE
1864,75.4,74.8,76.4,8.22,66,51,2.7,84.6,0,1,0,0,7,Male,No,No,Placed,CS
1865,78.8,82.5,93.7,8.27,73,65,3.8,89.1,0,0,4,1,5,Female,Yes,Yes,Placed,ECE
1866,74.1,67.3,85.6,6.97,65,54,4.3,77.0,0,0,2,2,5,Female,Yes,No,Placed,ChemE
1867,71.8,65.6,68.1,7.95,73,64,3.4,83.7,0,1,1,0,6,Female,No,No,NotPlaced,ME
1868,77.0,65.8,71.7,7.25,70,72,4.3,83.0,1,2,1,3,15,Male,Yes,Yes,Placed,ECE
1869,48.8,62.4,67.8,6.49,56,54,4.2,79.2,0,0,4,3,0,Female,No,No,NotPlaced,CE
1870,57.4,55.5,65.9,6.31,50,64,1.3,73.5,0,1,1,1,7,Male,Yes,No,NotPlaced,ME
1871,71.6,81.2,79.8,7.72,95,68,3.2,57.8,1,0,1,0,0,Male,No,No,NotPlaced,CE
1872,49.4,51.4,70.6,7.24,67,63,4.0,84.5,0,2,3,1,20,Male,No,No,NotPlaced,CS
1873,65.8,55.2,68.6,7.12,78,66,2.9,75.3,1,0,0,1,3,Female,Yes,No,NotPlaced,ECE
1874,49.8,72.9,54.1,6.25,46,41,3.4,80.7,2,0,0,1,1,Male,Yes,No,NotPlaced,EE
1875,66.1,63.2,71.6,7.56,67,61,3.2,70.6,2,0,1,0,3,Female,No,No,NotPlaced,ChemE
1876,75.2,69.2,77.0,8.15,72,61,3.9,73.5,0,0,3,0,0,Male,Yes,No,Placed,ChemE
1877,76.4,70.9,72.0,8.18,66,44,1.9,76.2,1,0,0,0,2,Male,No,Yes,Placed,ME
1878,63.2,68.5,54.8,6.66,59,58,3.7,71.8,2,0,1,2,0,Male,No,Yes,NotPlaced,ECE
1879,61.2,76.8,66.9,6.92,73,76,3.8,84.8,0,0,2,1,5,Female,Yes,Yes,NotPlaced,ECE
1880,80.2,70.1,73.1,7.6,73,76,4.0,77.8,1,0,1,1,6,Male,No,Yes,NotPlaced,CE
1881,67.4,45.0,48.3,5.0,45,58,3.9,72.7,2,1,1,0,5,Female,Yes,Yes,NotPlaced,CE
1882,74.8,61.7,73.0,6.91,78,70,3.2,82.8,0,1,2,3,9,Male,Yes,Yes,Placed,IT
1883,81.0,76.8,77.4,8.46,73,100,3.2,87.2,0,1,0,2,7,Male,Yes,Yes,Placed,IT
1884,57.5,56.1,54.4,6.11,75,66,3.9,70.9,1,0,2,5,0,Male,Yes,Yes,NotPlaced,EE
1885,93.0,89.4,90.0,9.87,100,80,3.2,98.4,0,1,1,2,16,Male,Yes,Yes,Placed,CS
1886,59.1,56.3,66.3,6.35,55,53,3.3,83.3,1,0,0,1,0,Male,No,Yes,NotPlaced,ChemE
1887,61.5,54.5,57.9,6.35,69,67,3.6,79.9,2,0,3,2,5,Female,No,No,NotPlaced,ME
1888,69.0,87.6,58.2,8.13,84,67,3.8,87.9,0,1,3,2,4,Male,No,Yes,Placed,CE
1889,73.9,68.8,74.8,7.76,75,68,4.8,84.0,1,1,0,1,6,Male,No,No,NotPlaced,ME
1890,64.5,93.5,68.3,6.82,72,68,2.9,88.2,0,0,5,4,2,Male,No,Yes,Placed,CE
1891,61.9,70.6,60.7,8.62,56,62,3.2,82.9,0,1,0,0,11,Male,Yes,No,Placed,ECE
1892,62.1,51.2,67.2,6.74,52,44,3.2,80.4,0,1,0,1,3,Male,Yes,Yes,Placed,CE
1893,90.7,83.1,79.6,8.12,82,77,2.6,82.6,0,0,3,0,3,Female,Yes,No,Placed,CS
1894,67.6,72.5,56.6,7.34,69,70,3.0,85.1,0,1,2,1,7,Male,No,No,Placed,EE
1895,45.0,71.9,77.9,7.6,68,64,4.5,85.2,0,0,1,1,2,Male,Yes,Yes,NotPlaced,ChemE
1896,75.1,80.3,79.8,7.96,85,78,4.0,78.4,0,3,2,2,25,Male,No,Yes,Placed,CS
1897,86.9,75.9,75.3,8.55,74,70,4.1,85.3,0,1,2,1,6,Male,Yes,Yes,Placed,ME
1898,59.3,56.2,54.0,6.11,71,79,2.7,83.2,1,0,4,2,5,Female,Yes,No,NotPlaced,ME
1899,76.0,51.5,68.3,7.59,85,57,3.3,75.1,0,2,2,0,11,Female,No,Yes,NotPlaced,IT
1900,68.1,75.8,67.3,7.4,65,53,3.8,82.7,0,1,0,1,4,Female,Yes,No,NotPlaced,ME
1901,74.6,68.3,73.4,8.61,63,60,4.4,80.8,0,0,2,1,3,Male,Yes,Yes,NotPlaced,ChemE
1902,67.0,73.4,62.3,7.44,66,67,2.8,75.1,0,0,2,3,3,Male,Yes,No,Placed,ChemE
1903,81.5,81.2,82.0,9.34,92,80,3.7,86.5,0,1,2,2,12,Male,Yes,No,Placed,ChemE
1904,85.0,79.1,79.2,8.64,76,60,2.7,80.3,0,2,0,1,11,Female,No,No,Placed,ECE
1905,93.3,90.8,77.4,7.9,90,83,4.2,94.2,0,1,0,3,5,Male,No,No,Placed,CS
1906,80.1,86.4,74.1,8.02,81,69,3.1,76.8,0,1,2,2,5,Male,Yes,No,Placed,ECE
1907,65.1,68.4,68.2,6.41,75,56,3.3,74.0,1,0,0,0,4,Female,No,No,NotPlaced,ME
1908,63.4,52.4,64.1,7.12,69,59,3.8,66.0,0,1,2,0,4,Male,No,Yes,Placed,ME
1909,74.9,55.4,64.0,7.02,64,52,3.3,84.2,0,0,1,2,0,Male,Yes,Yes,NotPlaced,CE
1910,82.1,90.6,79.5,8.11,90,77,2.8,90.0,0,2,0,1,17,Male,Yes,No,Placed,ECE
1911,72.4,60.3,70.6,6.88,68,73,2.8,75.9,1,1,2,1,8,Male,Yes,No,Placed,ECE
1912,80.5,73.7,63.2,7.75,79,93,2.0,88.7,0,0,4,0,7,Male,Yes,No,Placed,IT
1913,77.3,69.5,62.5,7.58,70,47,1.6,64.2,4,0,0,0,6,Male,Yes,Yes,NotPlaced,IT
1914,78.4,70.9,71.5,6.96,64,65,3.3,73.6,1,1,3,0,3,Female,Yes,No,Placed,EE
1915,69.2,50.8,57.7,6.02,46,65,2.9,83.9,2,1,0,2,8,Male,Yes,Yes,NotPlaced,ECE
1916,55.5,70.2,65.7,6.27,66,63,2.9,76.2,0,0,2,1,5,Female,No,No,NotPlaced,CE
1917,60.4,60.0,62.3,6.71,69,84,2.8,77.6,0,3,1,0,23,Female,No,Yes,Placed,EE
1918,68.6,82.0,72.5,7.62,94,92,3.8,98.1,0,1,3,3,4,Male,No,No,Placed,CS
1919,69.0,76.6,76.3,8.76,74,67,3.5,79.1,0,2,2,1,12,Female,No,No,Placed,CS
1920,80.7,82.6,59.5,7.46,60,63,3.0,69.1,3,1,3,0,4,Male,No,No,NotPlaced,CE
1921,61.6,78.1,61.2,8.22,63,74,2.9,71.8,1,0,5,2,4,Female,No,Yes,Placed,CS
1922,56.8,79.5,66.3,6.44,50,43,3.9,78.0,0,0,0,0,2,Female,No,Yes,NotPlaced,EE
1923,72.8,84.5,68.8,7.89,60,64,3.2,81.4,0,1,4,0,13,Male,No,No,NotPlaced,ME
1924,56.4,57.9,58.0,5.82,51,65,3.8,80.6,0,0,1,4,1,Male,Yes,Yes,NotPlaced,ME
1925,82.8,59.4,63.4,7.41,50,73,3.1,72.9,2,1,3,3,8,Female,Yes,No,Placed,CS
1926,65.0,55.4,55.5,6.78,69,60,1.9,71.9,0,0,3,1,0,Male,Yes,No,NotPlaced,IT
1927,75.2,72.0,60.7,7.35,69,65,4.0,73.8,0,0,2,0,5,Male,Yes,Yes,NotPlaced,ChemE
1928,60.8,64.2,65.1,7.37,76,46,3.1,90.3,0,0,1,2,0,Female,Yes,Yes,Placed,CS
1929,71.0,81.8,78.6,9.09,67,61,3.0,82.3,0,1,0,1,7,Male,No,No,NotPlaced,ME
1930,76.5,74.0,78.1,8.0,100,74,3.9,93.3,0,2,3,1,8,Male,No,Yes,Placed,ME
1931,55.2,60.3,59.9,6.15,56,59,4.0,64.4,3,0,1,0,2,Female,No,Yes,NotPlaced,ME
1932,63.2,63.1,60.4,7.64,59,89,3.4,89.4,0,0,3,1,7,Male,Yes,No,Placed,IT
1933,64.7,70.9,70.6,7.7,53,79,3.1,81.0,0,0,2,1,3,Female,No,Yes,Placed,ECE
1934,64.4,61.9,58.0,6.62,51,52,4.8,72.2,1,1,1,1,9,Female,No,No,NotPlaced,ME
1935,77.5,78.0,79.0,8.46,83,78,3.8,89.1,0,4,1,1,12,Female,No,Yes,Placed,CS
1936,54.9,52.3,61.0,7.4,67,69,1.9,76.2,0,0,1,2,10,Female,No,No,NotPlaced,IT
1937,51.8,45.0,48.0,5.49,42,51,3.2,74.6,2,0,1,0,0,Male,No,Yes,NotPlaced,CE
1938,66.2,61.8,65.5,6.1,61,45,2.9,72.3,0,0,1,1,1,Male,Yes,No,Placed,EE
1939,63.4,50.6,50.7,5.0,50,54,3.2,71.5,3,0,2,2,0,Male,No,Yes,NotPlaced,CE
1940,57.7,58.2,75.9,8.06,61,71,2.8,79.4,1,0,1,0,1,Male,No,Yes,NotPlaced,ECE
1941,66.9,75.8,59.8,7.49,76,54,3.1,88.9,2,0,0,1,2,Male,Yes,Yes,NotPlaced,CE
1942,72.7,81.2,73.5,9.27,72,85,3.6,93.8,0,2,1,1,18,Male,No,No,NotPlaced,IT
1943,68.4,62.7,73.1,7.76,61,71,4.3,81.0,0,2,1,1,16,Male,Yes,Yes,Placed,ChemE
1944,79.4,61.5,64.7,6.86,68,72,3.6,80.6,0,1,4,1,8,Male,No,No,NotPlaced,ME
1945,86.7,93.0,87.9,8.95,89,73,3.5,91.5,0,1,2,4,7,Male,Yes,No,Placed,IT
1946,69.8,53.8,65.4,7.46,64,72,3.5,83.2,0,2,1,1,12,Female,No,No,Placed,ME
1947,55.9,62.5,63.4,6.51,52,75,3.0,80.8,3,4,2,4,27,Female,Yes,No,Placed,ECE
1948,80.4,74.0,68.5,7.07,58,67,3.1,80.3,2,0,1,0,6,Male,Yes,No,NotPlaced,CE
1949,52.9,74.7,66.3,6.63,73,67,3.6,74.0,0,0,2,1,5,Female,No,No,NotPlaced,CE
1950,62.3,73.1,64.3,5.63,59,56,4.3,71.6,0,0,1,0,4,Female,Yes,Yes,Placed,CE
1951,69.4,67.8,71.2,7.38,86,91,4.0,77.3,0,1,2,2,3,Female,Yes,Yes,Placed,IT
1952,47.4,65.2,52.7,5.1,63,75,2.0,75.0,0,0,1,1,6,Female,No,No,NotPlaced,ECE
1953,80.2,72.2,66.3,6.99,66,68,4.1,87.1,1,0,2,0,1,Male,Yes,Yes,NotPlaced,ME
1954,49.9,53.7,63.5,6.58,56,70,2.8,62.2,1,0,0,0,5,Male,Yes,No,NotPlaced,EE
1955,73.1,78.5,71.5,8.48,71,68,4.2,100.0,0,1,0,2,7,Male,Yes,Yes,Placed,IT
1956,70.7,72.7,68.4,6.28,74,74,4.3,93.2,0,3,4,3,20,Male,Yes,Yes,Placed,IT
1957,57.0,71.9,56.6,5.96,59,58,3.8,77.8,3,0,1,1,4,Male,No,Yes,NotPlaced,ChemE
1958,67.8,88.8,82.7,8.46,78,70,5.0,100.0,0,2,4,1,18,Male,No,Yes,Placed,IT
1959,72.2,66.0,67.0,7.36,72,72,4.5,78.5,3,1,2,2,10,Male,No,Yes,Placed,IT
1960,54.8,60.1,64.6,6.26,60,90,3.9,79.2,3,1,1,0,7,Male,Yes,Yes,NotPlaced,CE
1961,77.2,71.8,65.1,7.48,51,49,3.1,77.0,2,0,0,3,0,Male,Yes,No,NotPlaced,EE
1962,82.4,79.2,72.9,7.91,72,97,4.3,85.4,0,0,4,1,0,Male,Yes,Yes,Placed,IT
1963,73.2,53.3,65.4,6.54,63,73,3.4,84.2,0,1,2,2,10,Female,Yes,No,Placed,CS
1964,89.3,99.0,80.7,10.0,72,61,3.9,82.3,0,0,1,0,4,Male,Yes,Yes,Placed,ME
1965,76.9,65.6,69.3,7.0,54,54,3.0,85.7,0,1,2,1,11,Male,Yes,No,NotPlaced,IT
1966,59.5,72.6,63.7,6.76,51,51,2.4,64.9,1,1,0,0,7,Male,Yes,No,NotPlaced,ECE
1967,73.7,46.7,49.4,7.16,59,51,3.0,64.8,1,0,1,0,1,Female,No,Yes,NotPlaced,ECE
1968,78.4,73.8,76.8,8.67,74,60,4.4,83.2,0,3,0,3,20,Male,No,No,NotPlaced,EE
1969,70.2,74.9,59.8,6.99,56,68,3.8,83.5,0,1,0,0,10,Male,No,No,NotPlaced,ECE
1970,71.8,57.0,64.6,6.82,75,62,3.2,90.6,1,1,1,0,4,Male,Yes,No,NotPlaced,EE
1971,61.7,58.0,73.5,6.07,68,67,3.3,86.1,0,1,0,2,12,Female,Yes,No,Placed,CE
1972,58.1,63.1,48.0,6.08,61,40,3.4,58.9,4,1,1,0,6,Male,Yes,No,NotPlaced,EE
1973,63.8,45.0,55.7,5.9,58,66,3.8,67.0,2,1,2,1,6,Male,No,No,NotPlaced,CS
1974,73.4,74.4,62.3,7.17,66,57,4.5,76.1,0,0,1,0,5,Female,Yes,No,Placed,ME
1975,64.7,69.1,51.4,5.69,50,73,3.0,92.4,0,2,2,2,13,Male,Yes,Yes,Placed,ECE
1976,66.3,76.5,55.5,6.89,42,76,3.6,82.6,0,2,2,1,14,Female,No,Yes,NotPlaced,CE
1977,67.1,65.0,67.3,6.76,65,60,4.1,70.1,0,1,2,1,6,Female,No,No,NotPlaced,IT
1978,69.0,55.6,59.3,6.15,36,42,3.4,83.1,0,0,0,0,0,Male,No,Yes,NotPlaced,CE
1979,61.8,64.7,57.0,7.53,66,39,3.1,72.4,1,1,0,2,6,Female,No,No,NotPlaced,EE
1980,65.7,65.4,57.3,6.54,70,57,4.2,87.1,1,0,6,1,4,Female,Yes,No,Placed,CS
1981,49.6,69.9,65.0,7.43,75,90,2.9,68.9,0,1,2,0,11,Male,No,Yes,Placed,IT
1982,73.7,62.9,56.8,6.45,51,46,3.4,68.0,2,1,0,0,10,Female,No,Yes,NotPlaced,ME
1983,49.4,64.3,51.6,5.31,57,82,3.0,62.1,5,0,0,1,0,Male,No,Yes,NotPlaced,CE
1984,72.9,75.1,77.0,8.48,78,68,4.8,79.8,1,1,1,3,7,Male,Yes,No,Placed,CS
1985,65.8,75.7,64.6,6.13,68,70,3.7,92.4,1,1,1,0,6,Female,No,Yes,NotPlaced,EE
1986,75.0,69.0,77.6,7.55,62,67,4.2,78.4,0,1,4,1,7,Female,Yes,No,Placed,ECE
1987,87.6,68.1,61.9,7.05,45,48,3.8,90.1,1,1,0,0,6,Male,Yes,No,NotPlaced,CE
1988,56.4,69.5,62.0,6.09,73,89,3.2,90.5,0,1,1,2,8,Female,Yes,No,Placed,CE
1989,64.7,72.9,65.1,7.1,69,65,3.0,80.1,1,1,2,3,5,Male,No,Yes,Placed,ECE
1990,71.7,66.6,71.2,7.5,73,69,3.5,84.7,1,1,1,1,7,Male,No,Yes,NotPlaced,EE
1991,47.9,54.1,53.0,6.42,41,40,3.6,63.9,1,0,0,0,0,Female,No,Yes,NotPlaced,CE
1992,89.0,87.2,74.4,9.32,76,61,3.6,88.2,0,0,1,1,0,Male,Yes,Yes,Placed,ECE
1993,63.2,75.0,68.4,6.21,66,74,3.6,81.3,1,0,3,4,0,Female,No,Yes,NotPlaced,ChemE
1994,75.5,67.2,61.0,7.42,66,70,4.4,79.9,0,1,4,3,5,Male,No,Yes,Placed,ECE
1995,83.5,78.2,87.3,8.59,100,67,4.6,99.3,0,0,1,1,2,Female,Yes,Yes,Placed,CE
1996,66.4,54.1,62.9,6.13,57,52,3.9,70.0,0,0,2,3,2,Male,No,No,Placed,IT
1997,67.0,91.1,73.1,8.04,69,71,3.2,73.1,0,1,2,1,6,Male,Yes,Yes,NotPlaced,CS
1998,84.7,53.2,65.5,7.33,71,70,3.5,75.5,0,1,2,0,11,Male,Yes,Yes,Placed,EE
1999,80.4,83.1,89.2,9.67,90,43,2.8,85.9,0,1,2,2,8,Female,No,No,Placed,IT
2000,82.6,87.4,88.0,8.33,82,64,4.0,89.1,0,2,5,4,10,Female,Yes,No,Placed,CS
2001,63.4,67.1,73.6,7.18,69,61,4.1,82.5,0,2,2,1,13,Male,Yes,No,Placed,CE
2002,78.6,77.3,73.3,7.09,51,57,3.3,76.9,0,0,2,1,1,Male,No,Yes,NotPlaced,IT
2003,73.6,73.2,70.0,7.37,59,42,3.6,76.4,0,0,0,0,4,Male,No,Yes,NotPlaced,ECE
2004,63.4,66.1,71.0,7.75,63,53,3.1,89.2,1,1,1,1,8,Female,Yes,Yes,Placed,EE
2005,83.3,86.3,80.3,8.55,74,75,4.5,71.3,0,0,2,4,3,Male,Yes,Yes,NotPlaced,CS
2006,78.3,73.5,77.8,8.18,82,71,4.9,78.4,0,0,0,2,5,Female,No,Yes,Placed,IT
2007,66.4,54.9,60.2,7.26,70,82,3.9,82.7,1,1,4,3,7,Male,No,Yes,Placed,CS
2008,77.5,83.5,66.9,7.38,80,61,3.3,87.8,1,1,2,6,6,Male,No,Yes,Placed,IT
2009,73.8,63.4,85.3,7.8,65,63,3.8,76.2,0,1,4,2,6,Male,No,Yes,NotPlaced,CE
2010,76.8,70.6,70.8,7.15,69,56,3.8,84.5,0,0,0,4,4,Male,Yes,No,Placed,ECE
2011,66.2,77.4,69.1,7.01,49,71,4.1,70.7,1,1,1,0,4,Male,Yes,Yes,Placed,ECE
2012,69.4,45.0,65.8,7.16,64,64,1.6,72.8,0,1,2,0,14,Female,Yes,No,NotPlaced,CE
2013,78.1,76.1,77.2,8.69,89,76,4.0,97.4,0,3,0,0,19,Male,Yes,Yes,Placed,ME
2014,59.2,78.5,83.6,7.39,64,83,3.4,80.4,0,1,1,1,11,Female,No,Yes,Placed,CS
2015,65.1,61.3,68.8,6.81,56,74,4.7,93.1,0,2,2,1,9,Female,No,Yes,Placed,ECE
2016,61.4,65.9,62.8,6.57,60,51,4.1,84.6,1,0,0,0,3,Female,No,Yes,Placed,ECE
2017,84.1,73.5,69.4,7.88,82,62,3.3,68.3,0,2,0,2,11,Female,No,No,NotPlaced,ChemE
2018,66.3,77.2,74.6,7.96,93,75,4.4,95.1,0,3,3,4,21,Male,No,Yes,Placed,ChemE
2019,68.9,50.3,53.3,5.8,66,56,4.4,73.1,1,0,0,0,4,Male,No,Yes,NotPlaced,CE
2020,69.4,74.6,65.7,6.73,65,74,3.5,100.0,1,2,0,1,14,Male,Yes,Yes,Placed,ME
2021,68.2,64.6,53.8,6.75,57,38,3.6,60.6,1,0,0,1,1,Male,No,Yes,NotPlaced,EE
2022,59.4,58.1,53.9,7.7,84,58,4.2,84.3,0,0,3,1,0,Male,Yes,Yes,Placed,EE
2023,72.6,69.4,82.1,8.37,78,64,4.3,100.0,1,0,0,1,7,Female,Yes,No,Placed,EE
2024,71.9,63.9,71.3,7.34,62,65,3.1,84.3,0,1,1,1,4,Female,Yes,No,NotPlaced,ME
2025,84.9,68.9,64.6,7.52,70,58,4.1,89.1,0,0,2,0,0,Female,No,Yes,NotPlaced,ECE
2026,76.3,84.0,79.1,8.71,73,64,3.2,92.9,0,4,3,2,21,Male,Yes,Yes,Placed,EE
2027,79.2,70.3,71.1,7.86,58,51,4.1,85.4,1,0,2,0,0,Female,Yes,No,NotPlaced,ME
2028,59.9,51.9,51.1,5.44,48,50,2.4,76.5,0,0,1,0,2,Male,No,Yes,NotPlaced,CS
2029,75.3,65.5,68.9,6.72,57,58,4.0,76.3,2,0,0,0,0,Male,No,Yes,NotPlaced,CS
2030,71.2,79.9,75.6,8.1,64,58,2.6,82.6,0,1,0,1,9,Male,Yes,No,NotPlaced,ChemE
2031,86.5,70.3,68.8,6.42,83,83,3.7,79.8,2,0,1,0,1,Male,Yes,Yes,Placed,CS
2032,97.1,86.7,86.2,8.04,80,52,3.9,94.7,0,1,2,2,7,Male,Yes,No,Placed,IT
2033,80.9,66.4,74.5,7.67,76,58,3.4,79.6,0,0,1,1,0,Male,Yes,Yes,Placed,CS
2034,57.2,46.4,62.2,5.92,69,48,3.4,77.6,2,0,0,1,6,Female,Yes,No,NotPlaced,ChemE
2035,56.3,60.4,51.0,5.76,63,64,3.2,91.0,0,2,0,3,9,Female,No,Yes,NotPlaced,CE
2036,79.3,79.6,79.6,7.55,80,90,4.7,92.4,0,2,1,1,13,Male,No,Yes,Placed,EE
2037,61.1,55.4,52.3,5.97,53,71,3.3,67.6,1,1,0,3,15,Female,No,Yes,NotPlaced,ME
2038,76.1,78.1,64.3,7.57,67,93,3.8,82.6,0,1,2,3,9,Female,Yes,No,Placed,ECE
2039,55.2,65.0,54.9,6.8,54,80,3.4,80.6,2,2,1,2,12,Male,Yes,Yes,Placed,ECE
2040,69.8,50.9,67.4,6.61,66,48,3.2,74.4,1,0,1,2,6,Male,Yes,No,NotPlaced,ECE
2041,74.9,82.5,74.8,6.62,66,67,2.6,83.6,1,1,1,2,8,Female,Yes,Yes,NotPlaced,ECE
2042,95.0,78.4,85.8,9.13,100,87,3.8,79.4,0,2,3,3,7,Female,No,Yes,Placed,ECE
2043,57.0,49.4,55.7,5.35,47,49,2.8,68.0,2,0,0,0,0,Female,Yes,No,NotPlaced,CS
2044,67.7,75.3,69.1,7.0,58,58,3.6,71.7,1,1,2,1,11,Male,No,Yes,NotPlaced,ME
2045,54.8,63.1,59.1,6.83,64,70,2.8,91.9,0,0,2,3,6,Male,Yes,Yes,NotPlaced,CS
2046,68.2,65.0,69.2,7.83,55,59,3.7,81.8,0,0,0,2,0,Female,No,No,Placed,ECE
2047,67.6,64.2,65.1,6.64,50,49,4.6,82.4,5,2,0,1,17,Male,Yes,Yes,NotPlaced,ChemE
2048,81.2,67.9,83.8,7.81,80,68,4.3,90.1,0,2,0,3,9,Male,Yes,Yes,Placed,ECE
2049,70.5,67.6,73.2,8.31,53,61,4.6,81.8,2,0,1,2,1,Female,Yes,Yes,Placed,CS
2050,64.9,76.8,73.2,6.71,66,40,2.7,72.4,2,2,0,1,13,Female,Yes,Yes,Placed,CS
2051,79.7,68.3,67.5,7.62,66,58,3.9,77.3,2,0,0,1,0,Male,No,No,NotPlaced,EE
2052,78.5,71.9,73.1,7.75,86,75,3.3,90.3,1,0,2,7,1,Female,Yes,Yes,Placed,CS
2053,57.5,54.8,63.5,6.34,69,66,3.2,79.0,0,0,0,3,6,Female,No,Yes,Placed,ME
2054,82.0,73.1,74.4,7.47,92,50,2.8,77.7,0,0,1,2,6,Male,Yes,Yes,Placed,CS
2055,65.5,53.3,63.8,6.53,50,59,3.9,89.5,0,2,0,1,15,Female,No,No,NotPlaced,ME
2056,59.4,55.4,52.6,6.11,43,58,2.0,90.1,2,0,0,3,0,Male,No,No,NotPlaced,ME
2057,76.0,79.9,75.3,7.54,97,79,4.0,75.2,0,1,2,2,10,Male,Yes,No,Placed,CS
2058,68.4,59.2,55.5,7.38,63,58,3.7,78.8,0,2,2,2,11,Female,No,Yes,Placed,ECE
2059,77.1,64.4,67.6,7.59,63,80,3.2,80.9,1,0,7,2,1,Male,No,Yes,Placed,ECE
2060,69.2,59.7,56.8,7.36,52,60,4.0,73.6,1,4,2,0,19,Female,Yes,No,Placed,ME
2061,62.4,69.7,56.4,5.83,50,50,4.1,81.1,1,1,1,2,9,Female,Yes,No,NotPlaced,ME
2062,67.9,87.8,76.0,7.27,61,51,3.8,74.7,2,1,3,1,7,Male,Yes,Yes,NotPlaced,ChemE
2063,77.8,81.0,74.8,8.85,74,72,2.8,91.5,0,1,3,1,4,Female,No,Yes,Placed,EE
2064,65.6,70.2,58.9,6.54,52,79,3.3,77.4,0,2,2,2,11,Male,Yes,No,Placed,ChemE
2065,68.8,66.6,72.1,7.79,67,59,3.3,83.6,0,0,1,2,4,Male,Yes,Yes,Placed,CS
2066,50.5,50.5,53.6,5.95,58,65,4.0,80.0,0,1,0,0,4,Male,Yes,Yes,Placed,IT
2067,70.8,73.0,72.3,6.33,61,64,4.1,79.0,1,1,0,0,9,Male,Yes,No,Placed,ME
2068,75.6,47.1,58.3,6.99,64,72,3.8,90.3,0,0,2,2,3,Female,Yes,Yes,Placed,CS
2069,78.4,99.0,78.7,9.48,92,86,5.0,95.8,0,0,3,5,0,Female,Yes,No,Placed,CS
2070,60.2,55.7,59.8,6.39,58,55,3.4,81.5,0,2,1,0,6,Female,Yes,Yes,NotPlaced,ME
2071,76.5,64.0,80.2,7.34,84,72,3.0,82.6,0,2,3,1,12,Female,No,No,Placed,CS
2072,85.0,78.6,73.2,7.38,80,75,3.5,94.5,0,1,3,2,8,Male,Yes,Yes,Placed,ME
2073,79.1,74.8,64.4,6.4,54,67,3.8,84.9,0,2,4,2,11,Male,Yes,Yes,Placed,EE
2074,65.8,62.8,64.0,6.73,64,63,3.4,78.5,1,1,0,0,4,Female,No,No,Placed,EE
2075,85.1,70.7,71.2,7.5,69,74,2.8,75.1,1,1,0,0,3,Female,No,No,NotPlaced,CE
2076,83.6,82.5,76.0,8.02,66,65,4.2,85.8,0,2,0,3,8,Female,Yes,No,Placed,CS
2077,65.7,58.6,55.6,6.16,50,64,2.6,79.0,0,2,1,1,8,Female,Yes,No,NotPlaced,EE
2078,59.2,56.6,72.1,6.96,56,62,2.4,78.2,1,2,0,2,9,Female,No,Yes,NotPlaced,CS
2079,82.1,79.1,81.9,7.87,71,65,3.3,83.4,0,2,1,0,12,Female,No,Yes,Placed,CE
2080,81.7,74.8,68.5,8.13,59,39,4.2,85.7,0,0,0,1,3,Male,No,No,Placed,ME
2081,71.8,53.4,70.5,7.74,60,65,2.6,85.4,0,2,2,2,16,Female,Yes,Yes,Placed,CS
2082,47.4,70.9,60.0,6.59,60,66,3.4,83.0,0,0,2,1,0,Female,Yes,Yes,Placed,EE
2083,65.9,50.1,55.5,7.12,64,72,2.0,90.8,0,1,3,1,5,Female,Yes,No,Placed,IT
2084,87.9,89.9,84.4,9.27,100,100,4.6,94.6,0,2,3,0,12,Female,Yes,Yes,Placed,CS
2085,90.6,91.5,77.4,7.28,67,69,2.6,94.7,0,0,5,2,0,Male,Yes,No,Placed,CS
2086,76.4,77.1,73.7,7.14,71,63,3.2,77.8,0,2,1,3,11,Female,No,No,Placed,ChemE
2087,51.1,45.0,54.9,6.43,46,56,1.9,75.9,1,0,0,2,5,Male,No,Yes,NotPlaced,ME
2088,55.6,66.0,52.1,6.62,41,65,3.8,62.6,0,0,0,1,3,Male,No,Yes,NotPlaced,ChemE
2089,73.4,87.7,69.1,7.95,49,51,3.1,77.3,0,0,3,1,5,Male,No,No,Placed,CE
2090,72.9,45.0,52.6,5.0,59,86,4.9,87.1,4,0,3,2,6,Female,Yes,No,NotPlaced,ECE
2091,52.8,45.0,70.7,6.54,60,57,3.4,76.2,3,0,0,0,0,Female,No,Yes,NotPlaced,ME
2092,63.3,80.6,71.3,7.06,73,61,3.3,75.1,0,1,1,1,6,Male,Yes,Yes,NotPlaced,EE
2093,73.2,78.5,66.2,7.42,69,56,3.8,81.4,0,0,2,2,9,Male,No,Yes,Placed,ME
2094,86.7,73.2,63.3,7.1,71,86,3.6,81.7,0,0,4,0,5,Female,No,No,NotPlaced,ME
2095,62.0,45.0,50.6,5.65,44,49,3.3,91.5,0,1,1,0,12,Male,Yes,Yes,NotPlaced,CE
2096,66.6,56.4,57.6,5.72,58,50,4.2,72.4,0,1,0,0,9,Female,No,Yes,NotPlaced,CE
2097,66.6,75.4,68.8,7.28,73,58,2.7,86.7,0,1,2,0,5,Male,Yes,Yes,Placed,CE
2098,64.6,90.3,65.4,7.66,76,79,4.1,73.3,0,2,1,1,10,Male,No,No,Placed,CS
2099,66.0,64.8,67.9,7.16,53,55,3.4,65.7,2,0,0,1,3,Female,No,No,NotPlaced,EE
2100,64.7,64.3,69.6,5.97,65,57,2.5,84.2,0,0,1,1,0,Male,Yes,No,NotPlaced,ME
2101,67.3,47.6,70.0,6.86,70,73,3.3,75.8,0,0,0,1,1,Male,Yes,No,NotPlaced,ECE
2102,71.0,78.4,76.4,7.55,68,77,3.8,70.5,1,2,3,2,10,Female,No,No,NotPlaced,ChemE
2103,83.7,85.5,80.8,8.13,79,79,3.6,90.0,0,2,0,0,11,Male,No,Yes,NotPlaced,ME
2104,59.6,65.4,54.7,7.28,62,44,3.2,73.4,2,0,1,0,7,Female,Yes,Yes,NotPlaced,ME
2105,72.0,86.9,71.9,7.99,79,83,4.8,81.8,0,2,1,2,7,Male,Yes,Yes,Placed,CS
2106,64.6,65.4,79.4,6.99,77,67,3.5,89.6,0,0,0,4,6,Male,No,Yes,Placed,ECE
2107,72.2,66.8,65.8,7.26,77,64,3.7,82.1,0,0,4,0,3,Male,Yes,Yes,Placed,CS
2108,86.0,82.9,73.0,8.53,97,90,3.5,89.8,0,1,2,2,9,Female,Yes,Yes,Placed,EE
2109,73.4,71.6,65.1,5.97,56,55,4.2,91.8,2,1,1,0,7,Male,Yes,Yes,Placed,EE
2110,88.6,84.7,79.9,7.82,76,47,4.5,92.9,0,0,0,1,4,Female,No,Yes,Placed,ECE
2111,54.2,62.8,59.1,7.09,68,74,4.1,80.5,1,0,0,3,0,Male,No,Yes,NotPlaced,ME
2112,77.1,77.5,76.9,7.75,84,77,5.0,94.7,0,2,5,3,16,Female,Yes,No,Placed,EE
2113,58.8,61.7,52.3,6.64,65,82,4.3,73.2,0,2,0,2,12,Male,No,Yes,NotPlaced,ME
2114,51.4,57.2,56.7,6.73,65,59,3.5,71.6,1,3,5,1,19,Female,No,Yes,NotPlaced,ME
2115,73.3,86.5,65.0,8.95,64,58,3.2,86.4,0,1,0,0,6,Male,No,No,NotPlaced,ECE
2116,78.3,60.7,57.8,7.05,68,71,2.5,69.0,0,1,1,1,7,Male,Yes,Yes,Placed,ME
2117,72.3,78.8,81.5,7.95,87,82,3.9,81.7,0,1,1,2,12,Female,No,No,Placed,CE
2118,65.4,64.4,51.0,7.36,84,64,4.5,78.6,0,0,1,1,4,Male,No,No,Placed,ECE
2119,73.2,79.3,68.5,7.68,76,73,4.5,72.3,0,1,2,1,8,Female,Yes,No,NotPlaced,CE
2120,79.5,70.1,67.0,7.37,93,82,2.0,77.4,0,4,3,2,25,Female,Yes,No,Placed,CS
2121,67.1,83.5,69.1,6.9,65,73,3.6,87.2,0,2,2,4,12,Female,Yes,No,Placed,IT
2122,72.8,68.8,57.7,7.58,80,61,3.7,78.3,1,2,2,0,12,Male,No,Yes,NotPlaced,EE
2123,48.9,70.6,58.3,6.47,55,38,3.3,81.7,0,0,1,3,2,Male,Yes,Yes,NotPlaced,ChemE
2124,79.1,68.1,68.9,6.9,85,82,3.4,80.4,1,0,2,2,0,Female,No,Yes,NotPlaced,CS
2125,80.8,75.3,78.5,7.59,87,95,4.7,93.3,0,2,2,2,16,Female,No,Yes,Placed,ChemE
2126,77.9,69.0,68.2,8.04,64,67,3.6,73.9,1,0,0,0,0,Female,No,No,Placed,CS
2127,48.2,61.8,49.7,6.21,66,66,3.6,64.6,3,1,2,0,7,Male,No,Yes,NotPlaced,ME
2128,68.6,62.7,65.9,7.6,62,61,2.9,76.4,1,0,1,1,0,Male,No,No,NotPlaced,ME
2129,75.6,61.6,61.2,6.74,65,54,4.2,66.5,1,0,0,2,1,Female,No,No,NotPlaced,EE
2130,50.8,52.1,53.3,5.99,36,60,3.3,73.1,1,0,2,1,2,Female,No,No,NotPlaced,EE
2131,67.1,67.4,62.1,7.02,66,66,4.1,73.5,4,0,0,3,6,Male,Yes,Yes,NotPlaced,ChemE
2132,80.8,82.5,90.4,9.48,65,56,3.8,100.0,0,1,1,2,7,Female,Yes,No,Placed,EE
2133,66.7,65.9,62.9,7.7,64,66,4.6,84.1,0,0,2,2,2,Male,No,No,NotPlaced,EE
2134,82.1,61.0,67.5,7.87,60,68,4.0,77.4,1,0,0,1,5,Male,Yes,Yes,NotPlaced,CS
2135,63.3,75.9,68.0,7.33,70,86,4.7,92.1,0,0,3,4,0,Female,No,No,Placed,CE
2136,77.8,83.4,74.3,7.54,72,62,2.8,89.3,0,1,0,1,7,Male,Yes,Yes,Placed,ChemE
2137,85.2,89.9,85.1,8.52,73,66,3.9,100.0,0,0,3,2,4,Female,Yes,Yes,Placed,ECE
2138,78.8,71.1,66.5,7.4,82,78,3.1,77.1,0,1,7,2,9,Male,No,Yes,Placed,ECE
2139,67.8,61.5,63.3,6.87,67,78,4.3,83.7,1,0,0,1,0,Male,Yes,Yes,NotPlaced,EE
2140,75.4,63.3,66.8,7.31,70,73,2.9,78.6,0,0,0,1,3,Male,No,No,NotPlaced,EE
2141,79.0,79.2,71.8,8.2,75,92,3.8,86.2,0,2,4,1,9,Male,Yes,Yes,Placed,ME
2142,62.2,58.2,60.8,6.28,59,57,3.2,79.2,1,0,1,0,5,Female,No,No,NotPlaced,CS
2143,63.9,53.7,57.7,7.13,58,51,2.9,85.7,0,2,1,1,7,Female,No,No,Placed,ME
2144,59.9,45.0,48.0,5.67,50,48,1.2,68.2,1,0,2,1,8,Male,No,No,NotPlaced,ME
2145,60.4,48.6,48.0,5.19,58,41,4.6,76.1,0,1,1,3,6,Female,Yes,Yes,NotPlaced,CE
2146,48.2,50.8,48.0,6.2,60,45,2.9,66.5,2,1,1,0,8,Female,No,No,NotPlaced,CS
2147,71.8,70.5,65.9,7.3,75,86,3.5,70.3,2,1,2,2,7,Female,No,No,NotPlaced,ChemE
2148,80.9,72.0,73.6,7.79,66,44,2.8,71.1,0,0,1,1,0,Female,No,Yes,NotPlaced,EE
2149,82.5,67.7,67.2,6.97,77,73,3.9,89.9,2,0,2,1,0,Male,Yes,No,Placed,CS
2150,63.9,70.1,60.5,7.86,72,79,3.7,74.6,1,0,2,0,4,Male,Yes,No,NotPlaced,ME
2151,78.4,85.1,70.3,8.37,72,67,3.6,75.9,0,3,1,1,19,Male,Yes,No,Placed,ChemE
2152,78.1,78.0,70.0,8.01,81,65,4.1,82.2,0,0,1,3,0,Male,No,Yes,Placed,ECE
2153,69.7,53.6,58.4,7.14,69,48,4.7,81.9,1,1,2,2,7,Male,Yes,Yes,Placed,CS
2154,59.2,59.1,69.3,7.07,61,57,3.9,83.4,2,1,1,1,7,Male,Yes,No,NotPlaced,ME
2155,70.0,82.3,66.1,6.45,57,25,3.0,70.5,2,0,0,0,2,Female,No,Yes,NotPlaced,CE
2156,82.0,89.7,79.1,8.17,87,93,3.4,89.5,0,1,3,1,5,Female,Yes,Yes,Placed,CE
2157,55.0,66.8,65.7,5.62,62,72,3.0,72.5,4,2,3,0,11,Female,No,Yes,NotPlaced,CE
2158,80.3,73.0,65.9,7.14,60,76,3.4,88.5,0,2,2,3,12,Male,Yes,No,Placed,CS
2159,53.7,68.1,66.3,7.63,56,68,3.6,86.0,2,1,2,2,12,Female,Yes,Yes,Placed,CS
2160,76.9,69.1,71.7,6.87,70,80,4.0,76.0,1,0,1,0,0,Male,No,No,NotPlaced,ME
2161,60.5,83.8,71.7,8.86,84,84,3.4,72.8,0,1,3,1,9,Female,No,No,Placed,CE
2162,73.4,80.7,71.4,8.49,61,61,4.3,84.3,0,1,2,3,11,Female,Yes,Yes,Placed,ECE
2163,71.0,71.7,60.0,6.92,46,56,3.3,93.3,0,0,1,0,0,Male,No,Yes,NotPlaced,ChemE
2164,76.6,64.5,71.2,7.55,62,48,2.9,81.3,0,2,2,1,12,Male,Yes,No,Placed,ChemE
2165,61.2,56.4,63.2,6.22,51,47,3.3,78.1,0,1,0,0,5,Male,Yes,No,NotPlaced,CE
2166,66.4,60.6,57.6,6.8,73,69,3.6,79.7,2,2,1,1,9,Female,Yes,No,Placed,IT
2167,80.3,82.4,68.5,7.91,78,37,3.6,84.7,1,0,0,0,2,Male,No,No,NotPlaced,ME
2168,74.8,67.8,62.4,6.63,53,57,4.2,82.5,0,1,2,1,6,Male,Yes,Yes,NotPlaced,CS
2169,93.6,85.6,76.6,8.79,89,86,3.4,87.9,0,1,6,0,7,Female,No,Yes,Placed,ME
2170,45.0,48.3,48.0,5.0,60,45,1.7,68.8,2,0,0,0,1,Male,No,Yes,NotPlaced,ECE
2171,70.9,59.1,71.0,6.98,61,80,4.5,85.1,0,2,4,2,10,Male,Yes,Yes,Placed,CS
2172,73.7,96.3,94.1,9.55,82,76,3.2,82.5,0,3,6,2,20,Male,No,No,Placed,EE
2173,58.1,61.4,62.0,7.3,75,73,2.1,77.9,0,1,0,2,6,Male,No,Yes,NotPlaced,ECE
2174,64.7,64.0,63.6,7.65,66,58,4.8,84.0,1,0,1,2,5,Male,Yes,No,NotPlaced,ME
2175,87.0,72.7,79.8,8.1,79,71,4.5,73.5,0,0,1,2,1,Female,Yes,Yes,Placed,EE
2176,56.3,57.4,55.6,6.56,55,56,2.4,81.7,0,2,0,1,7,Male,No,Yes,Placed,ME
2177,64.1,63.2,54.6,7.72,66,56,3.4,81.4,1,0,0,1,0,Female,Yes,No,NotPlaced,ChemE
2178,69.5,53.7,59.2,6.91,65,72,1.9,67.3,0,0,1,0,6,Male,Yes,No,NotPlaced,ME
2179,75.8,65.2,76.1,8.36,83,72,2.9,97.0,0,0,0,2,4,Male,No,Yes,Placed,EE
2180,51.7,62.2,66.8,7.1,59,71,4.6,79.6,0,0,1,3,1,Female,Yes,Yes,NotPlaced,IT
2181,53.4,62.2,60.6,5.1,72,93,3.2,75.5,0,0,2,2,4,Male,No,Yes,NotPlaced,ME
2182,78.1,83.3,70.5,7.54,92,91,4.2,79.4,0,0,2,1,2,Female,Yes,Yes,Placed,ECE
2183,77.2,79.9,66.5,7.34,75,48,4.2,81.1,2,1,1,2,4,Male,Yes,No,Placed,ME
2184,71.9,70.0,74.7,7.4,74,61,3.3,86.9,0,0,0,1,6,Female,Yes,Yes,Placed,EE
2185,80.9,73.2,72.2,8.03,97,92,3.2,90.5,0,0,7,2,5,Female,No,No,Placed,CS
2186,81.5,72.0,73.3,7.79,73,72,2.6,71.9,0,0,1,2,1,Female,Yes,No,NotPlaced,ECE
2187,73.0,68.5,60.1,6.06,60,33,4.8,74.1,0,1,0,2,11,Male,No,Yes,NotPlaced,EE
2188,72.2,81.7,67.7,7.77,72,36,2.6,75.0,2,0,0,1,4,Female,No,No,NotPlaced,ME
2189,78.9,82.9,82.6,9.13,80,71,3.8,84.2,0,0,1,0,4,Female,Yes,No,Placed,ME
2190,62.5,67.4,74.0,7.38,84,79,4.0,79.6,1,3,2,2,21,Male,Yes,Yes,Placed,ECE
2191,74.3,81.9,72.0,8.73,72,78,4.3,80.7,0,1,1,3,4,Female,No,No,Placed,CS
2192,74.7,79.4,77.8,8.24,75,81,4.0,91.9,0,2,1,1,12,Male,Yes,Yes,Placed,ECE
2193,67.8,59.9,68.7,6.77,55,69,2.8,83.1,1,0,1,0,5,Female,No,Yes,Placed,ME
2194,83.4,66.2,64.9,6.67,42,35,2.2,59.5,1,1,0,0,8,Female,No,No,NotPlaced,CS
2195,77.8,68.2,72.5,6.89,63,69,3.8,88.8,0,0,0,0,1,Female,No,No,NotPlaced,CS
2196,70.0,74.3,72.1,7.15,70,74,3.6,63.0,2,1,0,0,7,Male,Yes,No,NotPlaced,ME
2197,75.6,77.9,67.3,7.77,64,66,5.0,88.3,1,1,1,4,10,Male,Yes,Yes,Placed,CS
2198,53.9,54.7,60.4,5.9,44,54,1.9,82.2,1,0,1,2,0,Female,Yes,No,NotPlaced,CE
2199,87.1,91.3,82.6,7.51,58,80,3.7,95.9,0,0,3,0,1,Male,No,Yes,Placed,CS
2200,88.2,78.9,70.7,8.58,78,87,3.2,82.8,0,2,2,1,15,Male,Yes,Yes,Placed,CS
2201,77.9,70.3,71.9,7.76,71,81,3.3,85.6,0,2,0,1,12,Male,No,No,NotPlaced,EE
2202,95.8,84.6,73.2,8.46,100,90,3.7,80.1,0,1,4,2,7,Male,No,No,Placed,CS
2203,82.2,64.8,72.4,7.89,73,84,3.9,99.2,1,1,3,1,5,Female,Yes,No,Placed,EE
2204,74.9,77.8,76.7,7.45,88,76,5.0,74.7,2,1,3,3,9,Male,Yes,Yes,Placed,CS
2205,69.4,70.3,54.0,7.41,56,59,3.2,67.7,2,0,1,0,1,Male,Yes,Yes,NotPlaced,ME
2206,74.1,72.5,65.9,7.93,85,89,3.4,88.6,0,1,2,1,6,Female,No,Yes,Placed,CS
2207,76.4,71.7,63.5,7.12,72,64,3.3,84.9,0,2,0,1,17,Female,No,No,Placed,ME
2208,55.8,46.2,48.0,5.56,48,66,2.1,69.6,3,1,2,0,5,Female,Yes,No,NotPlaced,ME
2209,59.3,67.0,57.8,5.96,65,63,3.1,58.6,2,3,2,1,18,Male,No,Yes,NotPlaced,CS
2210,70.7,68.4,77.1,6.78,66,59,2.9,87.2,0,1,1,0,9,Female,No,No,NotPlaced,ECE
2211,46.1,53.8,48.0,5.25,43,58,2.6,75.7,1,1,1,0,6,Female,No,Yes,NotPlaced,ChemE
2212,77.6,80.5,91.0,8.7,71,87,3.6,75.8,0,2,4,1,21,Male,No,Yes,Placed,ME
2213,62.6,70.8,73.6,7.65,94,75,4.3,89.8,0,2,4,4,8,Male,Yes,Yes,Placed,CS
2214,64.5,61.1,60.2,5.5,59,52,4.3,60.8,1,1,0,0,4,Male,No,No,NotPlaced,IT
2215,62.4,62.9,61.3,5.85,52,62,3.2,60.4,1,1,1,0,10,Male,No,Yes,NotPlaced,CE
2216,82.7,83.7,73.4,8.62,87,76,3.8,77.3,1,0,2,0,0,Male,Yes,No,Placed,ECE
2217,94.4,85.7,82.1,9.05,84,74,5.0,100.0,0,2,0,2,12,Female,Yes,Yes,Placed,CE
2218,60.5,55.7,57.7,6.73,72,53,4.3,87.4,0,0,1,2,4,Male,Yes,Yes,NotPlaced,EE
2219,50.6,47.6,54.7,6.03,51,62,3.4,75.6,0,0,2,1,0,Female,Yes,No,Placed,CE
2220,62.4,68.9,65.1,7.69,64,39,2.8,68.7,2,0,1,0,2,Female,No,No,NotPlaced,ECE
2221,74.6,64.7,62.1,6.64,58,67,2.8,90.2,1,0,2,1,1,Male,Yes,No,NotPlaced,CE
2222,79.6,59.5,68.3,7.44,84,98,3.5,84.2,0,1,3,3,6,Female,No,No,NotPlaced,IT
2223,95.3,89.6,90.0,8.72,81,57,3.9,85.4,0,1,1,6,8,Female,Yes,No,Placed,ChemE
2224,72.7,60.6,53.7,5.36,70,74,3.9,75.8,0,1,0,3,11,Male,No,Yes,NotPlaced,CE
2225,75.3,72.3,69.4,8.19,84,89,3.9,87.4,0,1,2,2,6,Male,No,Yes,Placed,ME
2226,83.2,80.5,88.1,8.57,100,63,2.8,85.6,0,2,3,2,16,Male,Yes,Yes,Placed,ECE
2227,71.2,78.0,81.1,9.21,82,77,4.3,82.7,2,3,2,3,18,Female,Yes,No,Placed,ME
2228,59.0,54.0,70.4,6.15,49,44,3.3,65.3,1,0,1,0,4,Male,No,No,NotPlaced,CS
2229,58.3,55.0,58.0,6.37,52,70,4.1,81.5,2,0,3,0,0,Female,No,Yes,NotPlaced,IT
2230,60.7,72.7,73.8,6.94,69,76,3.5,76.1,1,1,7,2,10,Female,Yes,Yes,Placed,ECE
2231,67.8,81.4,76.9,7.51,69,94,4.7,91.0,0,1,2,4,5,Male,No,Yes,Placed,IT
2232,61.0,62.5,59.8,6.48,73,63,3.3,77.3,3,0,1,0,0,Female,No,No,NotPlaced,IT
2233,75.3,76.4,69.0,7.45,60,68,3.8,78.7,0,0,2,1,0,Female,Yes,No,Placed,EE
2234,57.8,61.1,62.6,6.83,60,56,4.5,91.7,0,0,2,1,0,Female,No,Yes,Placed,IT
2235,58.7,47.2,51.6,6.2,48,69,3.6,73.3,2,1,1,0,9,Male,No,Yes,Placed,CE
2236,64.3,60.6,48.0,5.5,45,58,3.9,80.0,0,2,1,1,12,Male,Yes,No,NotPlaced,ChemE
2237,50.8,58.8,59.1,6.94,48,78,1.9,65.5,0,3,8,0,25,Female,No,No,Placed,ECE
2238,75.7,53.0,53.5,6.71,72,88,3.8,86.7,0,1,2,2,7,Male,No,No,Placed,ECE
2239,62.9,58.8,52.0,5.99,55,63,3.7,65.3,5,0,3,0,1,Male,No,No,NotPlaced,EE
2240,63.6,45.0,48.0,5.83,67,74,2.2,72.8,2,0,0,0,2,Female,Yes,Yes,NotPlaced,ME
2241,76.6,66.5,72.4,7.59,74,73,3.7,77.5,2,2,1,0,9,Male,Yes,Yes,Placed,EE
2242,81.7,82.0,82.9,8.84,96,86,3.7,88.0,0,0,2,3,0,Female,Yes,Yes,Placed,IT
2243,74.1,76.4,79.6,7.38,59,49,3.5,76.6,2,0,1,1,5,Male,No,No,NotPlaced,CE
2244,59.8,76.0,69.3,6.99,65,46,3.1,97.0,0,0,0,0,3,Male,Yes,Yes,NotPlaced,EE
2245,67.8,67.0,59.6,6.99,85,63,2.5,71.9,0,0,3,2,4,Male,No,No,NotPlaced,EE
2246,75.1,70.0,77.4,7.89,67,78,1.8,83.0,0,0,4,2,3,Male,No,No,NotPlaced,ME
2247,76.4,78.4,76.0,8.09,70,82,3.5,65.6,1,0,4,1,0,Male,No,Yes,NotPlaced,CE
2248,68.8,54.1,50.2,6.65,55,54,3.9,63.9,3,0,1,0,0,Female,No,Yes,NotPlaced,ME
2249,79.1,65.6,67.4,6.91,72,80,3.4,83.4,1,1,3,1,7,Female,No,No,NotPlaced,CS
2250,54.5,58.8,60.8,6.71,52,32,3.9,66.6,1,0,2,0,4,Female,No,Yes,NotPlaced,EE
2251,80.4,63.6,57.3,7.39,69,57,4.1,79.5,0,1,2,0,5,Male,No,No,NotPlaced,ME
2252,82.8,77.2,72.1,8.9,92,100,4.3,84.6,0,0,2,2,3,Male,Yes,Yes,Placed,CS
2253,45.0,47.3,50.6,5.0,35,25,3.5,71.5,1,0,0,0,4,Male,No,No,NotPlaced,EE
2254,67.0,76.4,63.4,7.08,84,67,4.5,86.6,0,1,3,2,12,Female,Yes,No,NotPlaced,CS
2255,68.7,55.8,71.7,6.54,77,59,2.5,76.7,0,0,2,0,5,Male,No,Yes,NotPlaced,ChemE
2256,68.4,71.5,75.9,7.26,76,62,5.0,80.9,0,2,1,2,9,Female,Yes,Yes,Placed,EE
2257,72.9,90.1,81.7,7.94,84,62,3.7,83.1,0,1,0,2,13,Male,Yes,Yes,Placed,EE
2258,66.5,80.3,77.0,7.67,74,77,3.5,96.0,0,1,2,1,8,Female,No,Yes,Placed,ECE
2259,78.8,79.5,75.6,8.33,76,96,3.9,100.0,0,4,3,2,18,Female,Yes,No,Placed,ME
2260,53.1,55.7,53.6,5.2,68,78,2.6,74.5,3,0,6,1,7,Male,No,No,Placed,CS
2261,84.8,77.7,82.4,7.6,68,80,3.0,87.2,0,1,0,2,4,Female,Yes,No,NotPlaced,ME
2262,53.9,73.7,66.6,7.12,85,62,3.8,100.0,0,1,0,3,11,Male,Yes,Yes,Placed,ECE
2263,75.4,83.8,76.8,6.92,60,72,2.4,85.5,0,2,0,0,6,Male,Yes,No,Placed,EE
2264,67.4,69.7,58.4,6.7,73,69,3.7,78.5,5,0,1,0,2,Female,No,Yes,NotPlaced,ChemE
2265,80.3,75.6,80.7,9.28,99,77,3.6,90.8,0,3,1,4,10,Female,Yes,No,Placed,CS
2266,76.7,64.2,70.1,8.33,71,75,3.9,98.4,0,1,6,0,9,Male,Yes,Yes,Placed,CS
2267,63.2,58.8,64.7,7.47,54,62,3.8,81.8,0,4,3,0,19,Male,Yes,Yes,Placed,ECE
2268,57.0,45.0,59.9,5.41,54,44,3.3,65.6,0,0,0,0,3,Female,No,Yes,Placed,ME
2269,80.0,83.9,74.3,7.26,90,87,3.2,88.3,0,1,2,1,3,Female,Yes,Yes,Placed,EE
2270,66.6,47.5,59.6,6.38,62,65,3.3,74.3,0,0,1,2,9,Female,No,No,NotPlaced,IT
2271,60.7,60.1,55.3,6.63,54,54,3.2,86.3,0,4,0,2,28,Female,Yes,No,Placed,EE
2272,56.9,58.6,64.2,7.03,79,71,3.0,70.1,0,0,0,3,0,Female,No,Yes,NotPlaced,ECE
2273,58.4,45.0,53.8,6.21,65,42,1.8,76.6,4,0,0,0,0,Male,Yes,No,NotPlaced,CE
2274,75.1,88.0,72.3,8.12,63,44,3.0,78.0,1,0,1,1,0,Male,Yes,Yes,Placed,ME
2275,65.1,62.1,67.5,7.52,74,70,3.0,70.6,3,2,2,4,12,Female,No,Yes,NotPlaced,CE
2276,84.7,97.2,76.5,8.22,89,78,3.3,85.5,0,4,1,1,20,Male,No,Yes,Placed,CS
2277,61.2,72.9,58.4,6.38,60,57,3.7,62.5,1,0,3,2,1,Female,No,Yes,NotPlaced,ChemE
2278,74.8,70.6,73.1,6.98,62,83,4.8,87.0,0,0,2,1,4,Male,Yes,No,NotPlaced,EE
2279,93.5,56.5,79.9,6.26,63,58,4.0,75.8,0,1,3,3,5,Female,No,No,Placed,EE
2280,65.4,54.6,64.0,5.43,35,25,3.4,68.0,0,0,0,0,2,Male,No,Yes,NotPlaced,ChemE
2281,84.3,90.8,70.3,8.03,71,49,3.4,77.8,1,0,0,1,0,Male,Yes,Yes,NotPlaced,EE
2282,66.5,63.3,61.5,6.9,57,66,3.3,82.9,2,0,1,0,4,Female,No,Yes,NotPlaced,CS
2283,76.6,73.0,76.0,7.27,92,84,3.7,71.3,0,2,1,5,10,Male,No,No,Placed,ME
2284,71.3,60.1,66.9,7.31,71,64,3.8,81.9,3,2,2,2,9,Female,Yes,No,Placed,CS
2285,71.5,72.7,64.9,5.94,64,54,2.5,72.3,0,0,2,0,0,Male,No,Yes,NotPlaced,CE
2286,81.8,76.6,78.7,7.31,89,80,2.7,77.8,1,1,0,1,9,Male,Yes,No,Placed,EE
2287,80.4,80.9,73.7,8.03,80,72,3.7,77.6,0,2,2,2,14,Female,No,No,Placed,ME
2288,62.2,78.8,62.4,7.83,66,64,3.0,80.8,0,0,0,3,0,Female,Yes,Yes,NotPlaced,EE
2289,51.5,68.1,60.1,7.15,66,59,3.1,70.0,1,1,0,1,12,Male,No,Yes,NotPlaced,ECE
2290,75.5,73.5,66.9,7.2,72,80,3.7,88.8,0,2,1,1,10,Female,No,Yes,Placed,EE
2291,56.9,49.8,71.2,6.65,68,64,4.3,71.5,1,0,4,8,0,Male,No,Yes,NotPlaced,ECE
2292,89.8,75.9,79.5,9.17,88,73,2.8,83.9,0,0,5,2,7,Female,No,No,NotPlaced,ME
2293,90.3,74.2,82.7,9.23,83,80,3.6,81.3,1,1,1,2,11,Female,No,No,Placed,ChemE
2294,71.2,70.6,71.8,7.99,71,69,4.9,86.5,0,1,2,1,4,Female,Yes,Yes,Placed,CS
2295,79.6,80.5,59.8,6.74,76,92,3.7,85.5,0,1,3,1,4,Female,Yes,Yes,Placed,ME
2296,59.4,70.6,56.3,6.26,53,58,4.5,86.1,1,0,0,3,0,Male,Yes,No,Placed,IT
2297,65.0,65.3,57.6,6.37,53,54,3.6,70.4,0,0,1,1,0,Female,No,Yes,NotPlaced,EE
2298,69.5,71.1,77.7,7.68,61,81,2.4,51.7,2,0,2,0,0,Male,No,Yes,NotPlaced,ME
2299,54.4,45.4,52.3,6.47,50,58,1.8,70.2,3,0,1,1,4,Female,No,No,NotPlaced,ECE
2300,52.7,53.3,50.8,5.68,57,78,4.0,65.7,3,1,4,2,4,Female,No,Yes,NotPlaced,IT
2301,61.2,66.9,58.5,8.0,72,62,2.9,96.3,0,0,0,0,0,Male,Yes,No,Placed,CE
2302,62.0,59.8,59.6,7.13,77,64,3.4,78.6,0,3,0,1,14,Male,Yes,Yes,Placed,EE
2303,60.2,45.0,48.0,5.0,37,50,2.6,68.2,4,1,1,0,7,Male,No,No,NotPlaced,ChemE
2304,67.2,73.1,69.7,8.06,91,88,2.4,99.3,0,1,3,5,8,Male,Yes,Yes,Placed,CS
2305,50.9,45.0,58.0,5.87,55,67,4.0,74.1,1,1,2,2,5,Male,No,No,NotPlaced,EE
2306,61.9,72.1,65.4,7.22,63,68,3.5,79.8,0,1,2,3,4,Female,Yes,Yes,NotPlaced,CS
2307,63.7,76.6,60.5,8.05,61,51,2.8,60.9,0,0,1,1,6,Male,No,No,NotPlaced,IT
2308,63.7,61.1,57.1,7.14,61,60,3.1,76.5,0,1,2,1,12,Male,No,No,NotPlaced,EE
2309,82.8,85.2,79.7,8.91,72,50,4.4,87.5,0,0,1,1,5,Female,No,Yes,Placed,CE
2310,76.4,69.1,79.0,7.11,85,70,3.6,83.6,0,1,3,3,6,Female,Yes,No,Placed,CE
2311,58.8,55.7,51.8,6.44,67,59,2.6,81.0,0,0,3,1,4,Female,Yes,No,NotPlaced,CE
2312,67.5,77.4,71.2,7.35,67,75,2.8,78.1,0,1,2,1,7,Male,Yes,Yes,NotPlaced,ME
2313,81.3,74.6,75.0,8.54,89,100,5.0,80.3,0,2,4,3,13,Male,No,Yes,Placed,ECE
2314,75.3,90.7,73.6,8.23,63,83,3.2,77.8,1,2,1,1,7,Male,No,No,Placed,ECE
2315,85.2,76.1,69.5,7.56,67,79,2.3,72.6,1,1,4,0,11,Male,No,Yes,Placed,ECE
2316,75.6,76.8,73.3,8.11,80,76,4.3,77.8,0,0,7,3,4,Female,No,No,Placed,CS
2317,88.8,99.0,96.0,9.04,69,55,2.3,86.8,0,0,0,1,5,Male,Yes,No,Placed,CE
2318,45.0,69.2,55.7,6.12,45,56,3.4,79.6,2,0,0,3,0,Male,Yes,No,NotPlaced,ChemE
2319,66.0,58.1,53.3,6.13,60,59,3.2,92.8,1,1,2,2,5,Male,No,No,NotPlaced,ME
2320,55.2,59.3,77.3,7.26,55,61,3.0,67.9,2,0,2,2,2,Female,Yes,Yes,NotPlaced,CE
2321,64.8,54.4,58.6,6.59,77,54,2.8,69.8,0,0,0,0,6,Female,No,Yes,NotPlaced,EE
2322,83.7,80.8,80.5,8.97,84,75,3.9,83.8,0,0,2,1,0,Male,No,Yes,Placed,CS
2323,83.3,69.8,85.8,6.89,72,85,2.6,86.2,1,0,2,2,1,Male,Yes,Yes,Placed,ME
2324,52.7,45.1,48.0,6.07,55,40,3.4,78.1,2,0,0,0,1,Female,Yes,No,NotPlaced,ECE
2325,71.3,70.9,67.2,6.86,72,76,3.6,92.8,1,0,2,3,0,Female,No,Yes,Placed,CS
2326,75.2,75.1,61.0,7.46,62,56,3.6,76.9,1,2,1,1,13,Male,Yes,Yes,NotPlaced,CE
2327,59.2,78.3,61.7,6.32,77,66,3.5,93.5,1,0,0,2,0,Male,No,No,NotPlaced,CE
2328,72.3,66.0,56.7,7.27,42,39,3.4,67.2,0,0,0,0,5,Male,No,Yes,NotPlaced,ECE
2329,67.0,64.8,59.3,6.16,50,59,3.5,77.0,1,0,1,1,1,Female,Yes,Yes,NotPlaced,ME
2330,65.8,49.5,63.2,6.59,65,56,3.5,67.6,3,0,1,1,3,Male,No,Yes,NotPlaced,CE
2331,89.3,83.0,74.3,8.33,60,48,2.6,75.4,1,1,1,0,10,Male,No,No,NotPlaced,ME
2332,92.7,80.3,74.6,8.92,87,95,3.4,93.8,0,1,2,2,5,Male,Yes,Yes,Placed,EE
2333,45.0,54.9,55.6,6.13,58,64,3.4,70.6,2,0,3,0,2,Male,No,No,NotPlaced,CE
2334,79.7,70.1,67.8,7.76,62,62,4.7,71.6,5,0,1,2,4,Male,No,Yes,NotPlaced,CE
2335,66.9,67.8,81.9,7.32,68,49,3.1,90.3,0,1,1,2,4,Female,No,Yes,NotPlaced,CE
2336,67.9,47.3,55.6,6.16,56,62,3.8,79.0,1,1,1,0,9,Male,No,Yes,NotPlaced,CE
2337,69.5,58.8,60.3,7.45,66,60,2.7,75.6,0,0,1,1,5,Male,No,Yes,NotPlaced,IT
2338,49.5,58.9,66.1,7.42,62,58,4.2,85.3,1,1,1,4,3,Female,Yes,No,NotPlaced,CE
2339,72.5,60.9,58.0,7.68,72,65,2.9,80.3,0,0,1,3,4,Female,No,No,Placed,ChemE
2340,66.9,75.7,71.3,6.29,68,53,3.8,65.9,0,2,0,1,12,Male,No,Yes,NotPlaced,ME
2341,64.9,63.1,59.8,6.88,57,48,4.9,79.6,0,1,1,0,5,Female,No,Yes,NotPlaced,ECE
2342,51.1,45.3,48.0,5.35,35,28,3.7,78.3,2,0,0,0,0,Male,No,Yes,NotPlaced,EE
2343,71.4,68.2,66.2,6.94,66,75,4.0,78.8,1,0,7,3,3,Male,No,Yes,NotPlaced,ECE
2344,62.3,69.3,66.8,6.68,62,65,3.1,92.7,0,3,3,0,9,Female,No,No,Placed,CS
2345,73.8,79.3,63.1,6.38,55,54,4.5,86.1,0,0,1,1,0,Male,Yes,Yes,NotPlaced,ChemE
2346,67.1,84.8,68.4,8.07,64,63,3.8,88.2,0,0,2,2,1,Female,No,No,NotPlaced,ECE
2347,80.7,61.1,80.7,7.27,76,80,3.6,77.9,0,0,3,2,6,Female,No,Yes,Placed,ECE
2348,80.0,78.9,66.0,6.78,72,64,3.1,100.0,0,0,3,4,3,Male,Yes,Yes,Placed,CE
2349,64.1,60.9,48.0,5.94,53,70,3.0,69.9,2,2,4,1,17,Female,No,Yes,NotPlaced,ME
2350,93.5,99.0,92.0,10.0,87,71,2.8,89.1,0,3,1,2,15,Female,Yes,Yes,Placed,ChemE
2351,62.7,59.9,59.6,6.63,69,76,3.5,83.6,1,0,2,1,2,Male,Yes,No,Placed,CS
2352,56.3,66.0,55.3,6.01,60,32,3.0,65.6,0,0,0,0,0,Female,No,No,NotPlaced,ME
2353,74.6,79.7,84.5,8.79,88,58,3.5,85.4,0,1,0,2,6,Female,No,Yes,Placed,ECE
2354,61.3,66.2,61.3,7.05,51,60,4.3,70.2,2,0,1,0,0,Female,No,No,Placed,IT
2355,62.5,58.9,57.3,7.08,59,64,4.3,92.4,0,1,0,1,4,Male,Yes,Yes,Placed,ME
2356,56.1,50.7,59.1,6.31,48,68,3.4,75.6,0,2,0,1,11,Female,Yes,Yes,Placed,EE
2357,74.9,65.6,59.4,5.64,72,86,2.3,81.6,1,0,0,2,3,Female,No,Yes,NotPlaced,CE
2358,49.0,58.8,58.9,6.7,53,39,2.6,67.0,1,0,0,0,0,Male,No,No,NotPlaced,EE
2359,76.0,55.1,63.5,6.75,72,69,4.8,70.0,2,0,1,0,2,Male,No,Yes,NotPlaced,ChemE
2360,54.8,67.6,72.7,6.75,60,66,4.3,78.0,1,2,1,1,16,Female,No,No,NotPlaced,ChemE
2361,62.8,46.3,75.7,7.67,56,41,2.3,69.2,1,1,1,0,6,Male,No,No,NotPlaced,CS
2362,74.2,74.2,73.0,8.29,82,78,3.0,76.8,0,0,2,2,4,Female,Yes,No,Placed,ECE
2363,56.2,48.4,53.8,5.98,55,64,3.9,82.6,1,0,1,2,1,Female,Yes,No,NotPlaced,CS
2364,94.9,97.1,92.7,8.99,86,95,4.9,97.6,0,2,2,0,16,Male,Yes,No,Placed,CE
2365,72.0,61.8,69.8,6.88,67,58,2.7,84.3,0,3,1,1,23,Female,Yes,No,Placed,IT
2366,72.7,73.3,79.1,7.86,66,66,3.0,89.9,0,0,4,5,0,Female,No,Yes,Placed,CS
2367,79.3,58.7,53.3,5.84,74,73,3.5,59.1,0,1,2,0,6,Male,No,Yes,Placed,ChemE
2368,64.9,68.8,60.7,6.4,40,54,3.6,72.5,2,0,0,1,0,Male,No,Yes,NotPlaced,IT
2369,73.0,76.1,60.2,7.29,84,83,3.6,78.4,1,0,2,1,5,Female,No,Yes,NotPlaced,ECE
2370,55.5,63.9,57.5,6.35,50,52,5.0,75.7,1,1,1,4,7,Female,No,Yes,NotPlaced,ME
2371,63.1,64.6,62.4,7.46,39,53,3.1,75.4,1,0,2,1,4,Female,Yes,No,Placed,CS
2372,63.8,72.1,60.3,7.94,52,74,2.9,69.7,1,0,2,2,2,Female,No,No,NotPlaced,ChemE
2373,80.4,67.1,75.9,8.45,66,54,3.8,78.0,0,0,0,1,5,Female,No,No,Placed,CS
2374,60.4,49.6,51.4,5.69,48,58,2.3,88.1,1,0,2,1,0,Male,No,No,NotPlaced,CS
2375,78.6,54.6,70.1,6.79,77,89,3.9,81.2,0,1,4,2,4,Male,No,Yes,Placed,ME
2376,49.4,64.5,50.0,5.32,43,48,1.8,75.4,1,0,2,1,2,Female,Yes,No,NotPlaced,EE
2377,75.4,61.0,70.7,6.74,76,67,3.3,83.3,0,0,2,6,2,Female,No,No,Placed,ECE
2378,73.1,80.0,60.9,7.33,72,84,3.4,74.9,1,1,4,0,9,Female,No,Yes,Placed,CE
2379,87.6,87.7,76.8,8.27,87,79,3.8,70.6,1,1,1,1,5,Female,Yes,No,Placed,ME
2380,70.0,76.3,75.8,7.38,81,85,3.6,79.5,0,0,3,2,5,Male,Yes,No,NotPlaced,ChemE
2381,58.8,66.9,71.8,6.37,65,54,3.8,85.8,1,1,1,1,4,Male,No,Yes,NotPlaced,ChemE
2382,73.2,58.5,68.4,7.49,67,84,3.3,84.2,1,0,3,1,0,Male,Yes,No,Placed,CS
2383,79.2,83.6,69.8,7.44,76,61,3.7,72.2,0,0,0,0,3,Female,No,Yes,Placed,ChemE
2384,58.2,57.0,66.9,5.85,50,45,3.3,80.0,1,1,0,0,6,Female,No,No,NotPlaced,IT
2385,74.7,76.1,65.8,7.58,64,73,5.0,86.5,0,1,2,3,4,Male,Yes,Yes,Placed,IT
2386,73.7,57.9,57.3,7.16,55,49,2.7,77.4,5,0,1,0,1,Male,Yes,No,NotPlaced,EE
2387,63.9,52.6,63.2,6.63,70,72,3.9,75.2,2,0,4,0,5,Male,No,Yes,Placed,ME
2388,53.9,77.6,62.9,6.27,67,49,4.5,83.5,0,0,1,3,8,Male,Yes,Yes,NotPlaced,CE
2389,83.6,88.2,84.7,9.24,96,66,3.8,87.8,0,0,0,3,4,Male,Yes,No,Placed,IT
2390,60.6,66.7,62.8,6.84,67,66,3.0,67.2,2,0,0,0,1,Female,Yes,No,NotPlaced,ECE
2391,68.9,45.9,60.1,7.8,65,59,4.1,82.0,0,3,2,3,13,Female,No,Yes,Placed,CS
2392,60.6,57.3,55.6,6.31,64,43,2.5,67.8,0,0,1,0,0,Male,No,No,NotPlaced,EE
2393,76.2,79.5,72.6,7.28,73,68,4.4,82.1,0,1,3,0,6,Female,Yes,Yes,Placed,EE
2394,67.2,68.0,65.7,7.55,59,65,3.5,87.6,0,0,1,1,4,Male,Yes,No,Placed,ChemE
2395,81.4,74.0,63.4,7.83,65,91,4.2,95.9,0,4,3,3,16,Male,Yes,Yes,Placed,IT
2396,57.0,58.1,59.5,6.33,59,42,3.8,66.8,2,0,1,1,2,Female,No,No,NotPlaced,ChemE
2397,85.1,81.1,77.4,7.98,69,66,4.4,87.8,0,0,1,2,5,Female,Yes,No,Placed,IT
2398,78.5,59.2,75.7,7.8,62,75,3.7,66.1,0,0,6,0,8,Female,No,Yes,NotPlaced,ECE
2399,81.4,71.4,79.6,7.23,62,74,3.4,71.0,0,2,2,1,12,Male,Yes,No,Placed,CE
2400,79.3,94.7,81.8,8.09,88,73,3.6,77.2,1,1,0,3,9,Male,No,No,Placed,EE
2401,70.0,56.8,80.4,7.25,72,79,3.5,75.5,0,2,3,5,11,Female,No,Yes,Placed,CS
2402,84.3,76.7,72.3,8.11,84,78,4.4,100.0,0,4,4,1,22,Male,No,Yes,Placed,CS
2403,82.5,74.2,77.7,9.03,80,75,2.4,94.8,0,3,2,1,21,Male,No,Yes,Placed,ECE
2404,72.4,78.4,74.8,8.51,82,89,4.3,100.0,0,4,3,3,28,Female,Yes,No,Placed,CE
2405,70.8,74.8,77.6,7.62,74,64,2.9,82.2,0,3,1,3,17,Female,Yes,No,Placed,CE
2406,61.6,56.6,66.5,6.98,54,53,2.6,83.3,1,1,3,2,6,Male,Yes,Yes,NotPlaced,CE
2407,61.8,68.4,54.9,7.42,78,70,2.0,79.0,0,0,0,2,6,Male,No,No,NotPlaced,EE
2408,99.0,80.2,73.3,8.57,80,88,4.6,97.0,0,2,3,5,16,Female,Yes,No,Placed,CE
2409,58.2,65.7,73.4,6.76,65,76,3.2,77.4,2,0,3,1,0,Female,Yes,Yes,NotPlaced,CE
2410,57.6,58.8,56.7,6.86,62,55,2.4,77.8,2,2,0,0,11,Female,Yes,No,Placed,IT
2411,75.6,64.0,67.4,6.96,75,56,2.5,79.3,0,0,0,0,0,Male,No,Yes,Placed,ECE
2412,72.5,57.7,76.5,8.22,65,57,3.0,89.9,0,1,1,1,6,Male,No,No,NotPlaced,EE
2413,57.3,64.2,58.6,5.64,64,66,4.1,84.7,0,0,2,1,3,Female,No,Yes,Placed,IT
2414,80.1,85.1,78.8,7.96,80,75,5.0,79.3,1,0,1,0,0,Female,Yes,Yes,Placed,CS
2415,75.0,50.9,70.5,6.78,65,69,2.8,82.9,0,2,2,2,9,Male,Yes,Yes,Placed,ECE
2416,68.8,78.3,70.9,8.18,67,64,3.4,76.2,1,0,0,1,0,Female,No,Yes,NotPlaced,CE
2417,73.5,67.4,56.9,6.46,63,67,2.6,85.6,0,3,1,2,22,Male,No,No,NotPlaced,IT
2418,64.0,66.0,76.6,7.45,80,80,3.0,72.7,1,0,1,2,0,Female,Yes,No,Placed,CS
2419,66.7,67.3,73.5,7.93,89,94,4.3,78.7,0,4,2,4,20,Male,Yes,Yes,Placed,IT
2420,78.3,67.2,74.0,8.03,77,71,3.0,93.8,0,2,5,1,14,Male,Yes,Yes,Placed,IT
2421,84.3,74.9,73.2,7.27,64,66,3.6,85.6,0,1,0,4,10,Male,Yes,No,Placed,ChemE
2422,57.9,55.0,62.7,6.44,50,40,3.9,69.7,2,0,1,0,3,Female,No,Yes,NotPlaced,CS
2423,60.3,83.3,64.7,6.54,71,81,3.9,87.3,1,2,4,2,15,Female,No,Yes,Placed,IT
2424,78.7,83.8,68.9,7.63,80,100,3.0,90.3,0,3,4,1,23,Female,No,No,Placed,CS
2425,68.0,55.4,74.7,6.69,53,66,3.7,92.5,0,2,4,3,13,Male,No,Yes,Placed,CS
2426,61.5,77.4,58.0,6.54,78,77,3.8,72.5,0,1,3,0,5,Male,Yes,Yes,Placed,IT
2427,66.6,79.7,72.6,7.53,73,61,3.7,91.6,0,3,3,1,11,Female,No,No,Placed,ECE
2428,61.6,61.6,60.1,6.45,59,57,2.5,73.4,0,0,3,0,4,Female,Yes,No,NotPlaced,ECE
2429,64.9,63.5,50.5,6.65,67,69,3.4,86.7,3,0,1,1,5,Male,No,No,NotPlaced,ChemE
2430,54.2,60.7,57.3,5.18,47,59,4.2,72.5,2,0,0,1,12,Male,No,Yes,NotPlaced,ChemE
2431,90.7,74.9,82.1,8.6,80,60,2.8,88.1,0,0,0,4,4,Female,Yes,No,Placed,ME
2432,65.8,70.9,64.6,6.95,56,47,3.3,81.5,0,1,0,2,4,Female,No,No,Placed,ECE
2433,65.3,54.4,53.9,6.18,69,77,3.0,82.0,1,0,3,4,5,Male,Yes,No,NotPlaced,ME
2434,63.2,64.7,60.4,6.53,52,52,3.2,63.2,3,0,1,1,3,Male,No,Yes,NotPlaced,IT
2435,91.3,93.0,90.9,9.88,99,81,3.4,92.0,0,2,2,2,12,Female,Yes,Yes,Placed,EE
2436,92.1,77.1,86.1,8.88,100,86,3.3,95.8,0,1,4,5,3,Female,Yes,Yes,Placed,CS
2437,46.8,57.4,59.2,6.16,47,64,2.1,73.9,1,0,1,1,0,Female,No,No,NotPlaced,ECE
2438,67.1,66.0,55.3,6.24,76,70,4.0,89.7,0,2,2,4,18,Female,Yes,Yes,Placed,EE
2439,74.0,76.7,79.4,8.84,78,75,3.5,87.6,0,2,3,5,17,Female,Yes,No,Placed,ECE
2440,67.4,65.2,73.3,7.11,71,89,4.8,82.4,0,1,2,3,7,Male,Yes,Yes,Placed,ME
2441,84.2,90.0,85.7,8.91,68,28,3.7,87.0,0,0,0,1,2,Female,No,No,Placed,EE
2442,72.7,73.8,79.9,7.71,61,52,2.8,72.8,0,0,2,1,5,Female,Yes,No,NotPlaced,ECE
2443,67.5,65.9,77.8,7.68,57,49,4.2,97.3,1,1,0,2,11,Male,Yes,No,Placed,CE
2444,67.9,78.0,59.5,7.02,64,61,2.6,83.5,1,0,3,1,0,Male,Yes,Yes,NotPlaced,CE
2445,50.5,58.9,59.3,6.16,70,61,2.4,62.9,0,0,1,2,4,Female,No,Yes,NotPlaced,CE
2446,77.6,63.6,66.2,7.27,63,69,3.3,71.3,0,1,1,2,10,Female,Yes,Yes,NotPlaced,CS
2447,84.9,88.7,81.8,9.02,90,72,4.3,93.0,0,2,4,3,11,Male,Yes,Yes,Placed,CS
2448,70.7,75.2,81.7,7.64,80,83,4.0,94.0,0,4,2,2,22,Male,No,No,Placed,CS
2449,47.5,50.7,51.3,6.06,44,27,2.9,64.0,3,0,0,0,3,Male,No,Yes,NotPlaced,EE
2450,78.2,94.8,63.4,8.07,75,83,3.8,75.7,1,3,0,0,20,Male,No,No,Placed,ChemE
2451,73.2,61.0,70.1,7.0,56,56,2.8,72.4,1,0,1,0,0,Female,No,No,NotPlaced,ME
2452,68.3,60.6,70.8,7.04,64,56,3.6,84.4,0,1,2,1,5,Male,Yes,No,Placed,ECE
2453,72.2,80.9,73.5,7.55,60,47,3.6,70.8,0,0,0,0,6,Female,No,No,NotPlaced,ECE
2454,49.0,51.0,51.3,5.5,53,58,3.9,81.9,1,0,1,1,0,Male,No,No,NotPlaced,ECE
2455,74.2,76.9,64.3,7.94,68,87,3.2,76.9,2,2,3,2,7,Female,Yes,Yes,Placed,ECE
2456,78.4,70.2,59.2,6.59,73,42,2.5,66.5,2,0,0,1,0,Male,No,No,NotPlaced,ME
2457,85.9,54.0,62.2,7.85,66,95,2.2,86.4,0,1,4,1,9,Female,No,Yes,Placed,CS
2458,58.0,65.5,50.4,5.8,40,52,2.9,81.7,1,0,0,0,6,Male,Yes,Yes,NotPlaced,ChemE
2459,70.7,60.6,61.2,6.54,67,62,2.3,62.4,2,0,2,0,0,Female,No,No,NotPlaced,EE
2460,68.7,78.4,66.1,6.76,67,63,2.6,85.9,0,1,2,0,10,Male,Yes,Yes,Placed,ECE
2461,56.6,60.6,58.8,6.42,78,65,2.8,76.9,0,0,1,0,3,Female,No,No,Placed,CE
2462,57.0,75.4,66.5,6.34,63,63,4.9,83.5,0,2,2,1,8,Male,No,No,NotPlaced,ChemE
2463,45.8,73.9,52.6,5.73,59,65,3.3,68.7,0,1,2,2,4,Female,No,Yes,NotPlaced,ECE
2464,69.8,60.1,61.2,6.92,69,74,3.9,80.5,0,0,2,0,1,Male,No,Yes,NotPlaced,ECE
2465,71.9,52.8,53.6,6.29,66,62,2.6,76.2,2,3,2,1,11,Female,Yes,No,NotPlaced,ChemE
2466,80.2,67.9,67.7,7.25,51,42,3.9,78.3,1,1,1,0,9,Female,Yes,No,NotPlaced,EE
2467,76.7,86.8,76.7,8.39,76,73,2.5,89.4,1,2,0,1,14,Female,No,Yes,Placed,ECE
2468,73.8,74.1,71.0,7.29,72,53,3.2,89.6,0,0,1,1,0,Male,Yes,No,NotPlaced,EE
2469,74.1,79.3,73.0,7.69,69,64,3.4,82.9,0,2,1,0,11,Female,Yes,No,NotPlaced,ME
2470,70.4,58.6,48.0,6.8,53,38,2.6,81.6,0,0,0,0,1,Female,No,Yes,NotPlaced,CE
2471,89.6,91.1,87.8,9.37,83,74,3.3,92.5,0,1,1,5,9,Female,No,Yes,Placed,IT
2472,75.5,77.5,81.8,7.91,76,52,3.7,82.0,0,2,1,2,15,Male,No,No,Placed,ECE
2473,54.5,55.0,56.4,6.89,41,59,3.1,84.3,1,0,1,1,6,Male,No,Yes,NotPlaced,ChemE
2474,70.5,77.7,66.0,6.75,60,68,3.7,96.0,0,2,2,1,18,Female,Yes,No,Placed,CE
2475,69.0,66.3,62.6,7.33,71,63,3.7,87.0,1,1,2,3,4,Male,No,Yes,NotPlaced,CE
2476,63.3,65.5,61.7,5.89,55,60,4.0,76.7,0,2,2,1,9,Male,No,Yes,NotPlaced,CS
2477,77.7,58.1,69.8,8.05,68,61,3.4,84.2,0,1,0,2,7,Female,Yes,No,Placed,ME
2478,49.1,63.5,55.5,6.06,56,51,2.9,76.7,0,0,2,0,5,Male,Yes,No,NotPlaced,CE
2479,71.0,79.8,67.9,7.43,74,77,4.3,78.6,1,1,1,0,11,Female,No,Yes,Placed,ME
2480,54.5,56.5,57.1,5.99,59,68,3.0,85.1,0,2,1,2,13,Female,No,No,Placed,CE
2481,82.7,94.4,84.4,9.2,93,91,3.1,96.8,0,4,4,1,23,Male,Yes,Yes,Placed,CS
2482,70.1,71.1,69.1,8.33,65,78,3.2,95.9,0,0,5,4,0,Female,Yes,Yes,Placed,ECE
2483,65.8,72.8,60.1,6.15,83,75,2.8,83.5,1,0,1,2,2,Male,Yes,No,NotPlaced,IT
2484,61.0,54.6,68.8,7.84,79,65,3.0,86.4,1,0,2,2,1,Male,Yes,Yes,Placed,EE
2485,76.8,69.8,63.6,7.95,77,75,3.2,74.8,2,1,3,1,8,Female,No,Yes,Placed,ECE
2486,78.6,67.8,73.1,8.33,67,51,2.7,74.9,0,1,1,1,6,Male,Yes,Yes,NotPlaced,ChemE
2487,75.7,71.0,73.5,7.61,74,64,2.1,70.3,0,1,2,0,7,Female,Yes,Yes,Placed,ME
2488,66.5,90.4,71.8,8.84,63,77,3.5,89.5,0,0,0,2,1,Female,Yes,Yes,NotPlaced,EE
2489,92.0,90.0,69.6,8.1,67,73,2.4,93.8,0,2,2,2,8,Female,Yes,Yes,Placed,CS
2490,73.3,64.4,81.8,7.96,100,85,3.2,67.0,1,2,6,1,8,Male,Yes,Yes,Placed,CS
2491,84.0,79.1,65.9,7.61,57,63,3.5,81.7,0,0,1,2,2,Male,Yes,Yes,Placed,ECE
2492,75.9,79.4,72.5,7.46,64,66,4.4,72.6,0,0,0,0,7,Male,No,Yes,NotPlaced,CE
2493,66.7,68.6,78.0,7.45,70,72,4.2,88.2,0,3,3,1,22,Male,Yes,Yes,Placed,CS
2494,84.8,78.4,67.8,6.25,60,39,3.4,73.3,1,0,0,0,4,Male,No,No,NotPlaced,ME
2495,74.3,64.6,62.4,7.16,64,63,4.0,67.1,3,2,2,2,9,Male,Yes,Yes,NotPlaced,CE
2496,59.0,53.6,57.6,5.69,58,81,2.5,70.8,1,1,3,0,7,Male,No,Yes,Placed,ME
2497,76.1,73.4,75.2,8.52,80,85,4.9,94.2,0,2,5,1,19,Male,Yes,Yes,Placed,ECE
2498,84.7,81.2,74.6,7.54,90,91,4.7,77.3,1,1,5,0,8,Male,Yes,Yes,Placed,ME
2499,62.9,63.6,67.1,6.74,71,70,2.8,91.1,0,0,0,2,3,Female,No,Yes,NotPlaced,EE
2500,67.9,62.8,71.7,7.65,73,62,4.0,74.6,1,1,3,1,5,Male,Yes,Yes,Placed,ECE
2501,68.2,65.3,59.1,8.02,57,67,3.0,81.3,0,2,2,1,13,Male,No,Yes,Placed,EE
2502,72.4,76.4,81.3,8.39,80,62,5.0,74.5,1,2,1,0,14,Female,No,Yes,Placed,ECE
2503,52.2,47.2,54.8,6.19,57,64,4.1,67.4,0,0,1,1,8,Male,No,No,NotPlaced,IT
2504,87.5,77.9,68.5,7.14,69,85,3.1,71.9,0,0,6,1,4,Male,No,No,NotPlaced,CE
2505,80.1,80.3,73.4,7.03,88,71,3.1,84.9,0,2,2,2,16,Female,Yes,Yes,Placed,ECE
2506,70.9,74.7,60.4,6.53,55,90,3.8,68.6,6,1,3,1,5,Male,Yes,No,NotPlaced,ME
2507,77.3,99.0,73.5,7.92,77,66,3.6,88.2,0,1,3,0,6,Male,Yes,No,Placed,EE
2508,61.3,66.0,67.3,6.77,73,61,3.4,73.2,1,0,1,2,0,Male,No,No,Placed,IT
2509,73.0,87.5,73.1,8.21,83,88,3.6,79.4,2,2,4,2,11,Male,Yes,No,Placed,CS
2510,75.7,61.2,67.0,6.84,39,52,2.6,76.8,0,1,2,0,5,Female,No,No,NotPlaced,CE
2511,83.5,77.9,75.2,7.59,98,99,3.4,100.0,0,2,0,3,12,Female,Yes,Yes,Placed,IT
2512,73.7,66.8,66.4,6.99,44,47,3.5,71.4,1,0,0,1,4,Female,No,No,NotPlaced,CE
2513,66.5,63.7,63.5,6.55,53,59,3.9,82.0,0,1,3,2,7,Female,No,No,NotPlaced,ME
2514,55.0,57.6,59.9,5.31,65,71,3.5,77.0,1,2,0,1,9,Male,Yes,No,NotPlaced,CS
2515,65.1,53.0,64.0,6.95,47,44,2.8,79.6,1,1,0,0,3,Male,No,No,NotPlaced,IT
2516,66.1,64.3,73.3,7.94,66,54,2.6,83.2,1,1,0,1,5,Female,No,No,NotPlaced,ME
2517,72.6,70.1,60.3,6.28,55,72,3.0,73.7,0,1,3,2,11,Male,No,Yes,NotPlaced,ME
2518,66.9,77.1,59.3,7.31,80,99,5.0,86.1,0,2,3,2,19,Male,Yes,Yes,Placed,CS
2519,69.9,86.4,75.5,7.68,74,55,2.7,69.7,2,0,1,0,5,Male,Yes,No,NotPlaced,ChemE
2520,91.3,81.3,70.6,8.96,77,80,3.8,84.6,0,0,3,3,3,Male,Yes,Yes,Placed,CE
2521,53.3,51.4,48.3,5.71,55,66,3.8,80.5,1,0,2,0,0,Male,Yes,Yes,NotPlaced,ME
2522,64.9,54.8,59.5,6.46,41,36,3.4,76.1,0,0,0,0,2,Female,No,Yes,NotPlaced,ME
2523,45.0,61.9,57.5,5.35,65,50,3.0,71.0,0,0,0,0,5,Female,No,No,NotPlaced,ME
2524,70.5,63.8,68.6,8.12,60,65,3.6,93.7,0,1,0,1,5,Male,No,Yes,Placed,ME
2525,84.2,78.2,86.8,8.73,81,72,4.9,91.5,0,4,1,2,27,Female,No,Yes,Placed,ECE
2526,59.2,63.5,53.0,6.07,58,48,3.0,57.7,2,0,1,0,3,Female,No,Yes,NotPlaced,CE
2527,77.7,59.2,64.8,7.18,64,54,3.3,70.5,0,0,0,0,4,Female,No,No,NotPlaced,IT
2528,67.9,71.9,53.1,6.53,63,71,4.7,72.6,0,1,1,1,10,Female,No,Yes,NotPlaced,ME
2529,77.9,75.8,60.8,6.55,52,67,3.4,77.6,5,0,1,3,0,Male,Yes,No,NotPlaced,ECE
2530,72.5,78.6,71.8,8.84,85,58,5.0,94.9,1,0,2,1,1,Male,Yes,Yes,Placed,IT
2531,61.1,59.4,66.8,6.13,49,68,3.2,75.5,1,1,1,1,8,Female,No,Yes,NotPlaced,ChemE
2532,47.0,54.2,59.3,6.23,46,30,3.7,75.4,2,0,0,1,1,Male,Yes,Yes,NotPlaced,EE
2533,80.6,91.2,79.8,8.21,82,99,3.8,87.9,0,2,2,4,11,Male,No,No,Placed,CS
2534,74.5,76.5,73.2,7.89,78,54,2.5,80.8,0,1,0,3,5,Male,Yes,Yes,Placed,ECE
2535,70.0,59.9,63.3,6.33,77,63,2.9,79.0,2,1,1,0,10,Male,Yes,No,NotPlaced,CS
2536,74.2,71.9,82.6,8.26,74,77,4.4,86.9,0,1,3,2,5,Male,No,Yes,Placed,ME
2537,68.9,47.6,65.6,7.32,68,54,3.3,99.0,0,2,0,3,14,Female,Yes,No,Placed,CS
2538,67.7,79.4,66.7,7.78,80,69,1.9,84.9,0,0,2,0,0,Male,Yes,No,Placed,EE
2539,77.6,75.8,72.3,8.45,89,84,3.3,98.8,0,3,1,2,16,Female,Yes,Yes,Placed,CS
2540,96.2,73.3,70.0,8.13,79,79,4.2,81.0,0,3,3,2,16,Male,No,Yes,Placed,ECE
2541,45.0,77.9,66.4,6.62,56,62,2.6,55.6,1,0,1,0,5,Male,No,Yes,NotPlaced,IT
2542,77.6,79.9,72.1,7.32,82,64,3.2,79.4,0,2,0,0,20,Male,Yes,No,Placed,ECE
2543,80.1,67.7,66.8,7.12,52,65,3.6,82.0,0,0,5,3,6,Female,Yes,No,NotPlaced,EE
2544,63.7,73.2,71.6,6.93,68,67,4.3,61.9,4,0,2,1,0,Female,No,Yes,NotPlaced,CS
2545,73.3,70.2,63.4,7.05,58,63,4.7,83.1,1,0,0,4,0,Male,Yes,No,Placed,CS
2546,75.7,67.4,70.2,6.83,64,56,4.0,82.9,0,0,1,1,0,Female,Yes,No,NotPlaced,CS
2547,59.5,53.7,48.8,6.52,56,46,3.5,68.7,2,0,3,1,0,Female,No,No,NotPlaced,IT
2548,65.7,73.9,70.2,7.55,62,78,2.9,100.0,0,1,3,2,7,Male,Yes,No,Placed,ECE
2549,74.7,72.9,62.1,6.05,69,68,3.4,74.5,0,1,2,0,10,Male,No,No,NotPlaced,ECE
2550,81.9,72.0,67.3,8.13,70,65,2.6,85.5,0,1,1,2,10,Female,Yes,No,Placed,CS
2551,61.3,45.0,52.3,6.2,70,67,3.1,56.1,3,0,1,0,5,Female,No,No,NotPlaced,ME
2552,90.1,92.3,83.9,8.61,74,56,4.2,91.0,0,0,5,1,1,Male,Yes,Yes,Placed,IT
2553,77.1,72.8,61.8,7.78,57,77,2.7,69.5,0,0,0,1,1,Female,No,No,Placed,CS
2554,69.4,74.3,68.5,6.42,69,61,4.2,75.4,2,1,1,0,4,Male,Yes,Yes,NotPlaced,IT
2555,73.6,69.6,64.3,7.3,60,39,2.9,84.7,1,0,0,0,0,Male,No,No,NotPlaced,ChemE
2556,91.1,94.3,76.6,9.6,98,75,3.7,85.7,0,3,3,1,20,Female,Yes,Yes,Placed,CE
2557,65.1,60.9,70.2,7.06,67,66,3.6,76.7,0,0,0,1,1,Female,Yes,Yes,NotPlaced,CE
2558,66.5,53.0,55.4,5.51,54,56,3.9,79.7,0,0,0,2,3,Female,No,No,NotPlaced,ME
2559,70.2,67.9,65.7,7.91,70,86,3.7,82.3,1,1,1,1,13,Male,No,Yes,Placed,ECE
2560,71.8,80.0,73.0,8.23,76,88,4.6,88.1,0,1,3,2,4,Male,Yes,Yes,Placed,IT
2561,73.0,64.6,64.6,7.41,54,61,3.0,76.5,0,1,2,3,9,Male,Yes,No,Placed,ChemE
2562,72.9,81.3,75.8,8.08,67,49,3.3,82.3,0,0,0,1,0,Female,No,No,NotPlaced,ME
2563,66.4,60.3,54.1,6.79,51,60,3.5,73.1,1,0,1,0,1,Female,Yes,Yes,NotPlaced,ME
2564,87.7,83.6,90.8,9.16,93,91,4.3,96.4,0,4,5,0,26,Male,Yes,Yes,Placed,CS
2565,79.6,74.2,68.2,6.08,74,85,4.3,79.2,1,0,2,2,2,Female,No,Yes,Placed,CE
2566,64.2,69.9,63.1,6.07,67,62,2.9,63.9,0,0,2,0,0,Female,No,Yes,NotPlaced,ME
2567,73.5,80.7,74.1,8.45,62,72,3.5,89.4,0,1,1,1,10,Female,No,Yes,NotPlaced,CS
2568,67.9,49.9,64.0,6.72,65,60,3.8,73.5,2,0,2,1,0,Male,Yes,Yes,NotPlaced,EE
2569,68.8,65.2,59.5,7.5,69,83,3.4,94.8,0,2,2,0,15,Male,Yes,No,Placed,CS
2570,99.0,86.1,84.1,8.22,80,68,1.9,93.1,0,2,2,2,10,Male,Yes,No,Placed,CE
2571,69.0,75.9,70.3,6.46,70,52,2.9,82.4,0,1,0,1,11,Male,Yes,No,NotPlaced,IT
2572,80.7,76.2,79.6,8.9,80,87,4.5,90.8,0,4,2,1,15,Male,Yes,No,Placed,ME
2573,67.2,58.0,75.3,7.41,55,66,3.5,88.2,0,0,3,1,0,Male,No,Yes,NotPlaced,CE
2574,80.7,84.6,81.8,8.15,79,57,3.9,88.4,0,3,3,2,11,Male,Yes,Yes,Placed,CE
2575,59.7,65.5,58.5,7.35,74,58,2.6,73.2,0,0,0,1,0,Male,Yes,Yes,NotPlaced,IT
2576,73.7,69.9,71.2,7.62,74,88,2.7,83.0,0,3,3,2,15,Male,No,Yes,NotPlaced,IT
2577,60.8,63.8,68.4,6.52,67,64,3.3,74.2,2,1,3,3,6,Male,No,No,NotPlaced,CE
2578,53.1,45.2,48.0,6.27,59,63,3.7,68.6,3,0,3,0,3,Female,No,Yes,NotPlaced,EE
2579,74.9,68.1,65.1,6.96,78,83,3.4,66.3,0,1,0,4,7,Female,No,No,NotPlaced,CE
2580,81.6,77.7,73.9,8.55,86,62,3.9,95.9,0,4,3,4,16,Female,No,No,Placed,CS
2581,65.4,73.0,67.9,7.36,67,67,3.9,86.7,0,1,2,4,7,Male,Yes,Yes,Placed,CS
2582,78.9,77.0,72.5,8.09,69,57,3.8,81.8,0,0,1,2,9,Female,No,No,NotPlaced,ME
2583,63.2,62.6,66.9,7.47,56,59,4.1,79.2,2,1,2,0,4,Female,No,No,NotPlaced,ChemE
2584,69.5,63.1,63.1,6.65,73,82,3.9,75.4,0,2,1,0,15,Female,No,Yes,Placed,IT
2585,54.3,60.7,65.3,6.77,57,62,3.4,66.6,1,0,1,2,1,Male,No,Yes,NotPlaced,CE
2586,70.1,67.5,67.6,7.99,62,58,5.0,72.0,1,3,3,1,18,Male,Yes,Yes,Placed,ME
2587,59.1,75.7,64.8,7.28,61,62,2.6,78.5,2,1,1,0,7,Female,No,No,NotPlaced,CS
2588,79.0,84.4,76.6,8.84,80,78,3.3,73.3,0,1,2,0,4,Male,Yes,No,Placed,ME
2589,51.8,45.0,59.3,6.3,47,48,2.3,76.1,2,0,0,0,3,Male,Yes,Yes,NotPlaced,IT
2590,45.0,45.0,48.0,5.5,51,43,3.7,83.1,2,3,0,1,20,Female,Yes,No,NotPlaced,ChemE
2591,61.3,60.5,51.2,5.41,48,44,2.4,62.4,0,0,0,0,4,Female,No,Yes,NotPlaced,CE
2592,74.7,57.9,59.3,5.83,62,74,3.7,79.7,1,2,3,2,17,Male,Yes,No,Placed,CE
2593,90.2,83.0,77.8,8.34,73,73,3.9,83.5,0,2,1,2,12,Male,Yes,No,Placed,ChemE
2594,55.8,56.8,50.0,5.79,50,41,5.0,81.6,2,0,1,2,5,Male,Yes,Yes,NotPlaced,EE
2595,74.9,75.4,71.3,7.83,53,52,3.4,77.4,2,2,2,2,13,Male,Yes,No,NotPlaced,ECE
2596,57.9,67.4,48.0,5.93,45,54,4.6,83.9,1,0,1,2,0,Female,Yes,Yes,Placed,ME
2597,63.0,68.6,71.0,7.09,54,56,1.3,83.3,0,1,1,2,7,Male,No,Yes,NotPlaced,ChemE
2598,82.2,72.9,68.7,6.86,73,74,4.1,80.4,0,0,2,2,4,Female,Yes,Yes,Placed,ME
2599,90.5,69.4,65.1,7.65,71,55,4.3,88.3,0,1,2,0,4,Male,Yes,Yes,Placed,CS
2600,64.1,60.8,70.6,7.9,72,66,3.6,82.3,0,1,2,4,7,Male,No,Yes,Placed,IT
2601,68.9,58.9,57.4,6.41,40,44,3.5,59.5,3,0,0,0,3,Male,Yes,Yes,NotPlaced,ChemE
2602,63.5,69.9,60.3,6.33,49,59,3.8,82.3,0,1,0,0,9,Male,Yes,No,NotPlaced,CE
2603,77.6,87.0,66.8,8.85,90,69,3.4,87.4,0,1,4,4,3,Male,Yes,Yes,Placed,CS
2604,79.2,89.2,73.6,8.54,73,84,3.3,74.5,1,1,0,1,6,Female,No,No,Placed,ECE
2605,68.5,45.0,57.1,6.28,49,54,2.3,82.5,2,0,3,0,0,Female,No,No,NotPlaced,ECE
2606,78.1,69.4,74.3,8.36,67,55,2.5,92.3,0,1,1,3,8,Female,No,No,Placed,IT
2607,65.1,64.5,60.5,6.2,61,57,2.4,74.0,1,0,2,0,1,Male,Yes,No,Placed,CE
2608,82.5,74.6,78.3,7.5,81,77,4.8,80.5,0,1,2,3,9,Male,No,Yes,Placed,EE
2609,86.9,89.6,84.9,8.21,69,58,2.0,85.1,0,1,1,1,9,Female,No,Yes,Placed,CE
2610,68.3,60.3,48.0,6.75,62,50,2.4,78.8,3,1,0,0,9,Female,No,No,NotPlaced,CS
2611,83.7,90.5,66.5,7.57,70,79,2.8,80.1,0,0,1,0,0,Male,No,No,Placed,EE
2612,60.3,62.5,62.0,6.88,63,58,3.4,67.8,1,1,2,0,6,Female,No,Yes,Placed,ECE
2613,64.3,88.4,75.6,8.52,54,88,3.4,75.6,0,3,2,1,18,Male,Yes,Yes,Placed,CS
2614,86.8,52.2,62.3,7.92,72,71,3.3,81.0,0,2,4,5,8,Male,No,No,Placed,ME
2615,71.1,81.1,71.9,8.12,74,68,5.0,100.0,0,1,3,0,11,Female,Yes,Yes,Placed,ECE
2616,71.0,73.3,80.8,6.66,68,67,3.8,93.7,0,0,2,2,0,Male,Yes,No,Placed,ECE
2617,90.0,75.4,88.6,8.87,100,79,4.4,93.7,0,2,2,3,15,Male,Yes,Yes,Placed,IT
2618,66.6,68.0,68.2,7.18,60,56,3.5,79.9,0,0,3,3,5,Female,No,Yes,NotPlaced,CS
2619,75.2,69.4,87.2,8.57,74,74,3.8,78.3,0,0,2,2,3,Male,Yes,Yes,Placed,EE
2620,63.8,53.1,57.1,5.57,51,75,2.6,80.8,1,2,2,5,17,Female,No,No,NotPlaced,ECE
2621,76.9,73.9,74.4,7.58,72,77,3.2,90.8,1,0,1,1,0,Male,Yes,Yes,Placed,ECE
2622,67.8,59.5,62.6,6.78,66,64,3.4,80.4,2,0,5,1,0,Female,Yes,Yes,NotPlaced,ChemE
2623,86.6,84.2,78.2,8.46,85,67,3.7,87.1,0,1,1,2,6,Male,Yes,No,NotPlaced,ME
2624,58.6,60.0,56.0,6.05,56,73,3.8,69.9,0,0,2,1,6,Female,Yes,No,Placed,CE
2625,65.4,85.0,71.3,6.4,67,47,5.0,72.2,2,0,2,0,0,Female,Yes,Yes,NotPlaced,ME
2626,83.5,75.6,72.3,8.06,76,62,3.3,71.5,1,1,0,0,9,Female,Yes,Yes,Placed,ChemE
2627,72.8,75.9,68.5,7.6,80,75,3.1,85.5,0,1,2,1,12,Male,Yes,Yes,Placed,CS
2628,77.5,83.7,84.5,9.09,82,83,3.3,84.4,0,1,3,6,10,Male,Yes,Yes,Placed,IT
2629,82.1,73.3,57.5,7.81,73,65,2.5,62.3,1,0,3,1,0,Male,Yes,No,Placed,ECE
2630,71.6,57.0,76.7,7.52,75,71,2.3,82.3,0,1,5,2,15,Male,Yes,No,Placed,CE
2631,68.7,75.9,68.3,7.79,83,92,3.5,76.7,1,0,3,0,2,Female,No,Yes,NotPlaced,CE
2632,71.3,83.4,72.0,7.54,94,73,4.0,80.8,0,0,1,1,2,Male,No,No,Placed,CS
2633,80.2,82.4,69.3,7.59,56,63,4.4,78.2,1,1,1,3,4,Female,No,No,NotPlaced,ME
2634,89.6,89.9,89.7,8.5,79,51,3.3,91.2,0,2,1,4,12,Male,No,Yes,Placed,ECE
2635,65.6,59.0,61.2,6.21,59,65,3.3,74.9,0,0,2,1,5,Male,Yes,No,NotPlaced,EE
2636,64.6,73.3,70.0,7.13,66,49,3.6,88.7,0,1,1,2,10,Female,No,Yes,NotPlaced,IT
2637,71.2,81.4,61.2,6.91,68,48,3.7,79.0,0,0,2,1,2,Male,Yes,Yes,Placed,CE
2638,61.1,58.0,55.3,7.3,55,37,2.8,73.7,2,1,0,0,7,Female,Yes,No,NotPlaced,ECE
2639,66.7,62.0,73.7,7.16,65,74,3.2,73.2,0,0,1,2,0,Male,No,Yes,Placed,IT
2640,74.2,94.9,77.0,8.35,70,60,3.0,73.6,1,1,3,2,6,Female,No,Yes,Placed,IT
2641,71.6,55.8,71.8,6.72,72,76,2.8,82.5,1,1,3,0,11,Male,Yes,No,Placed,ECE
2642,61.2,45.0,48.0,5.0,38,51,2.6,81.9,0,0,0,1,3,Female,No,Yes,NotPlaced,ChemE
2643,53.8,61.2,52.0,6.65,51,74,3.8,71.8,0,1,1,0,11,Male,Yes,No,NotPlaced,CE
2644,61.3,69.0,66.3,6.77,63,71,2.7,77.7,4,0,6,1,0,Male,Yes,No,NotPlaced,CS
2645,86.7,84.0,78.5,8.21,70,86,3.8,85.6,0,2,1,3,11,Female,No,Yes,Placed,ME
2646,72.9,81.2,66.8,8.26,70,82,3.4,84.9,0,1,2,2,5,Female,Yes,Yes,Placed,CS
2647,86.0,79.4,76.6,8.32,99,73,3.3,82.4,0,2,2,0,14,Male,No,No,Placed,CS
2648,65.4,65.0,68.8,7.12,61,67,1.9,76.4,0,1,0,3,4,Male,Yes,No,Placed,IT
2649,85.9,75.9,72.2,8.39,85,74,3.0,78.9,1,1,1,3,8,Female,No,Yes,Placed,EE
2650,63.5,72.8,64.7,7.52,63,65,4.3,89.9,0,3,3,3,17,Female,No,No,Placed,CS
2651,84.1,83.1,73.6,7.68,78,59,4.4,84.4,0,2,0,3,13,Male,Yes,No,Placed,CS
2652,54.9,75.4,63.5,7.59,68,58,4.1,88.2,0,1,3,4,9,Male,Yes,Yes,NotPlaced,CE
2653,81.4,65.6,75.7,7.76,78,60,3.5,77.4,0,1,1,2,9,Female,No,No,Placed,ECE
2654,81.8,71.0,76.6,8.8,76,66,4.8,96.1,0,2,3,2,13,Female,Yes,Yes,Placed,IT
2655,64.2,65.1,65.7,6.29,49,30,4.0,72.2,2,0,0,2,3,Male,Yes,Yes,NotPlaced,ChemE
2656,68.2,59.7,57.6,7.26,61,70,4.1,71.3,1,0,1,4,0,Male,Yes,Yes,Placed,EE
2657,46.6,48.1,57.2,6.12,61,77,3.7,76.3,1,1,2,0,5,Female,No,Yes,Placed,ChemE
2658,71.5,45.0,57.5,6.88,63,72,2.9,67.8,0,0,2,0,9,Male,No,No,Placed,EE
2659,71.7,78.2,66.0,6.72,73,100,3.4,82.3,3,0,2,3,0,Male,No,Yes,NotPlaced,ChemE
2660,68.5,62.3,48.0,6.11,59,85,4.1,94.7,0,2,4,3,9,Male,Yes,Yes,NotPlaced,ME
2661,67.3,75.6,64.4,8.28,64,86,2.5,90.6,0,2,3,2,12,Male,No,No,NotPlaced,ECE
2662,75.3,75.1,69.6,7.9,72,90,4.0,89.7,2,0,1,1,0,Female,No,Yes,NotPlaced,ChemE
2663,62.0,71.3,58.4,8.16,48,50,1.5,76.9,2,0,2,0,0,Female,Yes,No,NotPlaced,ME
2664,69.2,65.5,49.7,7.25,53,63,3.7,95.7,0,3,1,1,15,Male,Yes,No,Placed,IT
2665,68.6,73.2,66.2,7.64,79,93,3.9,79.2,0,3,3,0,19,Male,No,Yes,Placed,ECE
2666,99.0,63.4,71.8,8.31,70,44,3.7,54.5,1,1,0,1,4,Male,No,No,NotPlaced,EE
2667,70.8,49.7,65.4,6.03,60,49,2.9,68.7,1,0,1,0,0,Male,No,No,NotPlaced,EE
2668,96.0,99.0,77.5,9.22,100,74,3.4,86.2,1,0,4,1,0,Female,Yes,No,Placed,CE
2669,58.9,58.0,55.9,5.13,62,71,3.2,66.1,3,1,1,0,9,Male,Yes,No,NotPlaced,ME
2670,74.9,66.4,71.0,8.04,72,68,4.7,80.4,0,0,4,2,2,Male,Yes,No,Placed,CS
2671,74.8,59.3,71.6,6.55,64,84,3.3,85.0,0,3,1,1,21,Male,Yes,Yes,Placed,ChemE
2672,58.9,72.6,70.0,6.72,71,72,2.7,75.6,1,0,2,0,1,Female,No,Yes,NotPlaced,ECE
2673,56.3,59.5,62.3,5.86,59,62,3.8,73.1,3,0,0,0,7,Female,Yes,Yes,NotPlaced,ME
2674,84.2,68.5,71.4,8.17,73,91,3.7,85.8,0,1,2,1,6,Male,No,Yes,Placed,IT
2675,73.9,71.3,72.3,7.68,74,71,4.4,95.9,0,1,4,1,6,Male,No,Yes,Placed,EE
2676,60.5,65.9,62.9,7.35,71,55,3.1,89.5,0,1,1,0,9,Male,Yes,No,NotPlaced,ChemE
2677,75.7,76.0,76.6,7.99,78,81,2.1,77.6,0,0,3,2,8,Female,Yes,Yes,Placed,ECE
2678,66.6,80.4,65.6,7.27,80,62,4.0,73.7,0,0,0,1,1,Male,No,Yes,NotPlaced,EE
2679,65.0,95.0,84.1,7.97,76,85,4.2,95.5,0,0,4,2,11,Male,Yes,Yes,Placed,ChemE
2680,63.0,70.3,74.7,8.45,60,74,3.1,85.1,0,0,2,1,0,Male,Yes,Yes,Placed,ECE
2681,78.0,73.8,79.3,8.43,84,82,4.1,78.6,0,3,3,2,15,Female,No,Yes,Placed,CS
2682,69.5,55.2,64.4,7.11,57,61,3.5,84.5,3,1,2,0,6,Male,No,Yes,Placed,ME
2683,80.5,57.8,56.1,6.11,55,35,1.6,50.1,1,0,1,0,0,Male,Yes,No,NotPlaced,ChemE
2684,69.8,52.2,59.1,6.63,77,83,4.7,80.1,0,0,1,0,1,Female,Yes,Yes,Placed,IT
2685,63.0,79.2,73.1,8.04,57,53,3.2,63.1,1,1,2,2,9,Male,No,No,Placed,IT
2686,69.1,56.4,69.6,6.53,66,66,3.4,80.6,0,1,1,1,7,Female,Yes,Yes,NotPlaced,EE
2687,73.6,59.6,66.6,7.02,60,68,4.0,63.1,0,1,1,0,11,Male,No,Yes,NotPlaced,CE
2688,66.5,56.4,66.2,5.74,49,70,2.8,62.8,1,1,1,0,10,Male,No,No,NotPlaced,CE
2689,77.5,79.5,64.5,7.29,69,65,4.8,80.6,0,1,0,1,7,Female,Yes,No,Placed,ECE
2690,80.9,68.3,72.2,7.16,72,77,2.5,83.2,0,0,0,2,5,Female,Yes,Yes,Placed,CS
2691,76.4,72.5,73.8,8.14,72,73,4.0,78.4,0,0,3,2,4,Male,No,Yes,Placed,ECE
2692,81.1,76.3,70.2,8.36,64,69,3.1,88.8,0,1,0,4,6,Female,No,No,Placed,CS
2693,67.9,69.6,72.5,8.32,87,76,4.4,84.0,0,3,1,2,13,Male,No,No,Placed,ECE
2694,68.6,81.4,86.2,8.11,85,73,3.9,97.5,0,0,2,3,6,Male,Yes,Yes,Placed,ChemE
2695,82.5,52.0,60.4,7.07,50,43,4.0,80.3,0,0,0,0,0,Male,Yes,Yes,NotPlaced,CE
2696,60.9,54.1,54.6,6.2,59,63,3.8,71.5,0,0,1,0,5,Male,Yes,Yes,Placed,ME
2697,83.4,88.0,79.8,8.18,67,53,3.3,90.7,0,2,0,0,11,Male,Yes,No,Placed,ME
2698,47.9,72.6,58.3,7.73,66,80,4.2,62.4,3,0,5,0,6,Female,Yes,No,NotPlaced,ECE
2699,83.1,66.1,68.2,7.18,64,55,4.9,76.2,1,1,4,1,10,Female,Yes,Yes,Placed,EE
2700,76.5,57.6,64.0,7.27,55,54,2.4,88.8,0,1,1,0,11,Male,Yes,Yes,NotPlaced,CE
2701,59.9,67.6,71.4,6.59,78,48,3.2,74.4,1,0,1,2,1,Female,No,Yes,NotPlaced,ChemE
2702,65.0,53.1,68.0,6.93,51,45,3.0,72.2,0,0,0,1,5,Male,Yes,Yes,Placed,ECE
2703,66.9,60.7,60.6,7.06,53,65,3.6,76.5,2,0,3,1,3,Male,No,Yes,NotPlaced,ChemE
2704,60.7,64.5,66.3,7.12,61,81,4.3,70.0,2,0,3,1,0,Female,No,Yes,NotPlaced,EE
2705,67.3,57.4,59.9,6.79,53,46,4.5,65.8,2,1,0,0,6,Male,No,Yes,NotPlaced,ME
2706,80.8,70.0,68.4,7.17,68,85,3.4,91.5,0,1,0,3,6,Female,No,Yes,NotPlaced,ECE
2707,77.8,78.0,79.1,7.55,88,64,4.4,79.4,2,0,1,0,7,Female,Yes,Yes,Placed,CS
2708,70.6,72.6,82.1,8.39,67,64,2.9,80.8,0,0,2,2,5,Male,Yes,No,NotPlaced,ECE
2709,56.0,68.5,66.6,6.29,51,64,1.2,73.1,2,0,1,0,0,Male,Yes,No,NotPlaced,EE
2710,66.1,73.5,59.1,7.26,84,71,4.0,68.7,5,0,2,1,2,Male,Yes,Yes,NotPlaced,ECE
2711,65.6,82.6,70.5,7.38,72,55,4.6,72.1,0,1,0,1,6,Male,No,Yes,NotPlaced,EE
2712,63.6,65.0,62.4,6.97,42,39,2.7,75.5,0,0,0,1,0,Female,No,No,NotPlaced,EE
2713,70.9,82.6,73.3,6.4,75,75,4.4,100.0,0,1,1,2,9,Male,Yes,Yes,Placed,ECE
2714,57.3,76.2,57.5,7.11,68,61,3.1,80.8,1,2,1,2,14,Male,No,No,NotPlaced,ECE
2715,78.0,71.6,77.4,7.77,64,77,3.0,85.0,0,1,4,2,11,Female,Yes,No,Placed,EE
2716,77.4,61.1,72.0,7.41,75,73,2.8,84.4,0,1,1,1,5,Male,Yes,No,NotPlaced,CS
2717,91.7,94.4,95.2,8.96,70,71,5.0,79.0,0,2,2,1,14,Female,No,No,Placed,CS
2718,79.8,76.9,79.5,8.28,52,53,2.8,74.2,1,0,1,0,5,Female,No,Yes,NotPlaced,CE
2719,67.3,81.4,55.5,7.54,77,80,2.7,78.3,1,0,0,3,3,Female,Yes,No,NotPlaced,CE
2720,62.5,70.4,71.4,7.12,74,78,4.0,76.0,2,1,3,5,8,Male,Yes,No,Placed,EE
2721,59.8,73.3,64.9,6.27,85,79,4.4,63.5,2,1,3,1,4,Male,Yes,No,NotPlaced,IT
2722,80.3,62.0,69.0,6.6,64,58,3.1,70.4,2,1,3,0,13,Male,No,No,NotPlaced,ChemE
2723,65.5,65.0,64.9,6.9,80,72,3.4,77.8,0,0,2,3,4,Male,No,Yes,Placed,CS
2724,60.1,54.9,68.7,6.54,74,100,3.4,88.5,0,0,6,4,6,Male,Yes,Yes,Placed,ECE
2725,66.1,68.2,60.7,7.5,71,58,3.6,75.3,2,2,0,1,15,Female,No,Yes,NotPlaced,IT
2726,54.2,77.0,69.9,7.19,85,67,2.5,77.6,1,0,2,2,3,Female,Yes,No,NotPlaced,IT
2727,78.8,86.5,69.8,7.61,63,55,4.7,91.2,1,1,2,1,8,Male,Yes,Yes,Placed,EE
2728,70.9,64.7,66.7,6.94,43,57,4.0,89.1,2,0,1,1,0,Male,No,Yes,NotPlaced,ECE
2729,81.4,70.0,90.2,9.31,88,83,4.9,83.4,0,2,3,2,9,Male,Yes,Yes,Placed,CS
2730,63.2,63.6,60.6,6.66,73,82,2.2,90.0,0,1,0,3,9,Male,Yes,Yes,Placed,ChemE
2731,81.3,74.9,73.3,7.11,74,69,3.2,76.1,1,0,4,0,0,Male,No,No,Placed,CS
2732,85.0,88.1,89.3,8.4,95,68,4.4,81.2,0,2,4,1,14,Female,Yes,No,Placed,IT
2733,57.2,53.2,64.1,7.47,60,59,3.3,88.1,0,3,0,0,11,Male,Yes,Yes,NotPlaced,ME
2734,73.6,61.3,51.4,7.32,54,41,2.8,60.7,0,0,0,0,3,Male,No,Yes,NotPlaced,CE
2735,61.6,57.9,55.0,7.55,56,54,3.8,88.4,0,0,2,2,4,Female,Yes,No,NotPlaced,EE
2736,45.6,63.3,48.8,5.46,73,80,3.0,76.6,2,1,0,3,6,Male,Yes,Yes,Placed,IT
2737,69.6,45.0,64.5,6.22,65,75,3.2,75.1,3,1,1,3,8,Male,Yes,Yes,NotPlaced,ME
2738,63.1,59.9,48.0,5.8,45,56,3.2,72.4,0,0,0,0,3,Male,No,No,NotPlaced,EE
2739,77.7,78.2,76.6,8.4,84,88,4.0,100.0,0,1,1,1,13,Male,Yes,Yes,Placed,EE
2740,62.3,53.1,68.6,6.51,67,73,3.2,86.5,0,2,1,2,14,Male,Yes,Yes,Placed,IT
2741,45.0,59.1,51.1,5.0,35,59,2.1,83.0,1,0,1,0,0,Female,No,No,NotPlaced,EE
2742,80.9,93.9,86.1,9.0,99,78,3.8,82.7,0,0,4,2,2,Female,No,No,Placed,ECE
2743,74.7,73.2,61.5,7.54,66,86,3.0,58.7,1,0,5,2,0,Male,Yes,No,Placed,ChemE
2744,89.1,78.9,79.9,8.36,100,91,4.6,93.1,0,1,3,3,4,Male,Yes,Yes,Placed,ECE
2745,82.2,74.3,83.8,8.8,79,75,2.8,80.6,0,0,2,2,0,Female,Yes,Yes,Placed,CE
2746,81.0,75.1,64.8,8.21,83,65,3.6,77.9,0,1,3,0,7,Female,No,No,Placed,ME
2747,61.4,64.5,57.4,6.29,67,74,4.7,86.0,0,1,1,0,13,Male,No,Yes,Placed,ECE
2748,67.0,67.2,64.2,6.98,69,55,3.7,94.4,0,1,0,0,7,Male,Yes,No,Placed,ECE
2749,47.6,48.6,51.1,6.49,52,64,3.1,78.2,0,1,0,1,5,Female,No,No,NotPlaced,ChemE
2750,87.0,87.6,85.5,9.5,77,100,4.2,96.7,0,2,4,3,11,Male,Yes,Yes,Placed,ECE
2751,78.5,71.4,62.5,7.2,80,58,3.4,84.8,0,1,1,0,10,Female,Yes,No,NotPlaced,CS
2752,69.2,78.4,81.8,8.0,61,49,2.7,77.0,1,1,1,0,12,Male,Yes,No,NotPlaced,ME
2753,73.0,73.7,64.1,6.65,74,58,3.5,87.6,1,0,0,1,0,Female,No,Yes,NotPlaced,ECE
2754,61.3,68.3,57.6,5.99,75,47,4.3,80.0,1,0,2,2,0,Female,Yes,Yes,NotPlaced,EE
2755,72.0,60.1,67.6,7.35,62,63,3.7,86.2,0,0,1,1,0,Male,Yes,Yes,NotPlaced,ME
2756,78.6,78.8,70.9,8.01,71,63,3.0,89.3,0,2,2,1,10,Female,No,No,Placed,ChemE
2757,87.2,79.7,67.7,8.23,69,60,4.5,83.4,0,0,0,1,0,Male,No,Yes,Placed,ME
2758,86.3,88.0,78.1,8.68,71,100,2.8,88.8,0,2,6,3,12,Female,Yes,No,Placed,ECE
2759,77.1,82.8,81.5,7.7,89,97,3.8,92.1,0,3,3,2,14,Male,Yes,Yes,Placed,ECE
2760,71.9,68.7,60.9,6.76,73,53,2.9,77.3,0,0,1,1,0,Male,Yes,Yes,Placed,ME
2761,53.8,55.7,65.2,6.21,52,54,4.2,78.9,0,1,1,1,14,Female,Yes,No,NotPlaced,ME
2762,50.3,72.3,62.4,7.51,66,61,3.5,80.1,0,1,1,2,7,Male,Yes,Yes,Placed,EE
2763,76.3,81.9,78.8,7.75,77,64,3.8,78.0,0,0,4,5,5,Female,No,No,Placed,CS
2764,71.1,72.8,69.8,7.76,72,80,4.4,90.9,0,0,1,2,2,Male,Yes,No,NotPlaced,CS
2765,76.1,64.6,73.1,7.67,72,66,2.1,74.7,3,2,2,4,11,Male,No,No,Placed,IT
2766,61.2,76.3,64.4,6.15,61,68,4.7,82.0,0,1,1,0,5,Female,Yes,Yes,Placed,IT
2767,60.6,63.4,59.4,6.21,57,78,2.9,74.9,0,0,1,1,7,Male,No,No,Placed,CE
2768,66.7,87.0,88.7,9.35,92,85,3.2,89.2,0,3,0,3,22,Female,No,No,Placed,CS
2769,72.5,68.3,72.0,7.03,67,70,3.2,55.7,0,0,1,2,4,Female,Yes,Yes,Placed,CE
2770,92.5,89.5,93.0,9.16,92,78,4.4,93.9,0,3,2,2,27,Male,Yes,No,Placed,ECE
2771,80.9,62.9,69.8,7.91,68,65,4.2,70.5,1,0,2,2,1,Male,No,No,Placed,EE
2772,73.6,73.9,69.4,8.24,84,81,3.2,73.8,1,0,2,2,3,Male,No,No,NotPlaced,CE
2773,89.6,68.3,73.4,8.88,74,61,3.0,79.3,0,0,0,1,3,Female,No,Yes,Placed,CS
2774,66.6,69.3,76.8,7.31,51,56,3.5,76.9,0,0,0,0,0,Male,Yes,Yes,NotPlaced,CS
2775,72.7,58.3,71.5,6.06,73,66,5.0,100.0,1,0,5,0,4,Female,Yes,No,Placed,CS
2776,80.4,59.9,68.6,7.99,75,60,3.1,81.2,0,1,1,3,10,Male,No,No,Placed,IT
2777,80.8,79.1,68.7,7.38,73,84,4.3,74.5,0,0,0,2,5,Female,Yes,Yes,Placed,EE
2778,80.6,67.2,74.0,7.89,67,80,4.8,91.0,0,2,4,0,11,Female,No,Yes,Placed,EE
2779,67.9,65.1,67.7,6.45,56,62,3.0,78.1,2,1,1,1,8,Female,Yes,Yes,NotPlaced,CE
2780,77.4,75.0,71.5,7.62,68,53,2.9,86.9,0,0,2,0,2,Male,Yes,Yes,Placed,ME
2781,62.4,62.2,63.4,7.0,65,67,3.0,72.5,0,0,2,0,1,Female,Yes,No,NotPlaced,ChemE
2782,78.2,64.5,64.7,7.26,78,73,2.5,85.5,0,0,7,1,8,Male,No,No,Placed,IT
2783,62.7,72.1,75.3,7.59,73,63,2.2,71.7,0,0,0,0,1,Male,No,Yes,Placed,CS
2784,63.1,60.1,71.1,7.15,61,48,3.4,92.4,0,0,0,2,3,Female,No,No,NotPlaced,CE
2785,71.6,64.4,60.2,5.68,59,54,4.5,84.5,2,2,1,0,9,Female,No,Yes,NotPlaced,ChemE
2786,63.2,61.9,52.1,6.85,59,70,3.1,88.3,0,1,1,1,4,Female,Yes,No,NotPlaced,CS
2787,66.2,62.3,62.6,6.27,68,50,2.6,78.1,2,0,3,0,0,Male,No,Yes,NotPlaced,ME
2788,69.9,62.5,50.4,6.37,53,54,3.1,85.9,2,1,1,1,11,Male,Yes,No,NotPlaced,IT
2789,66.1,59.6,67.1,6.97,63,65,2.4,80.5,0,0,0,1,0,Male,Yes,No,Placed,ChemE
2790,55.2,45.0,58.0,7.16,45,59,4.6,88.8,1,1,1,1,9,Male,Yes,Yes,Placed,EE
2791,78.9,59.4,75.7,6.5,84,100,3.7,100.0,0,3,3,2,13,Male,Yes,No,Placed,CS
2792,56.5,63.9,53.1,6.41,56,51,2.9,72.1,1,0,1,0,0,Male,Yes,No,NotPlaced,CE
2793,70.0,70.2,68.8,6.61,73,56,4.4,77.2,1,1,0,3,6,Male,No,No,NotPlaced,CS
2794,59.3,74.3,70.2,7.16,63,72,3.2,69.2,0,2,1,1,17,Male,Yes,Yes,Placed,EE
2795,70.7,71.9,72.2,6.44,77,79,4.9,77.0,1,0,1,1,2,Female,No,Yes,NotPlaced,ME
2796,73.6,80.5,60.2,7.07,60,56,3.6,74.0,1,0,1,0,12,Female,No,No,NotPlaced,ME
2797,65.7,50.0,60.5,7.19,58,63,3.9,78.7,1,1,1,0,6,Female,No,Yes,Placed,ChemE
2798,55.4,61.2,58.4,6.51,59,65,1.6,69.8,1,0,1,0,5,Male,No,No,NotPlaced,ME
2799,58.2,59.1,61.1,5.39,56,68,3.9,70.6,1,0,2,1,4,Female,No,No,NotPlaced,CE
2800,66.2,68.4,72.9,7.04,68,65,3.4,79.4,0,0,2,1,0,Male,No,No,NotPlaced,CE
2801,65.8,71.7,63.9,7.0,59,60,2.9,67.9,2,0,2,0,0,Male,No,Yes,NotPlaced,EE
2802,67.8,76.2,71.6,6.97,69,82,3.4,83.0,1,1,1,0,6,Female,No,No,NotPlaced,ME
2803,89.6,74.1,77.2,7.95,75,81,3.9,82.0,0,1,4,2,6,Male,Yes,No,Placed,ECE
2804,91.2,74.9,86.5,9.63,86,76,3.1,85.8,1,2,2,0,12,Female,No,Yes,Placed,CE
2805,72.7,99.0,82.7,8.56,82,92,2.5,83.0,0,1,5,2,7,Male,Yes,No,Placed,IT
2806,69.0,66.1,69.1,6.57,54,73,2.6,64.4,2,0,4,3,0,Female,No,Yes,NotPlaced,ME
2807,88.6,89.0,96.0,9.12,100,81,4.2,88.2,0,2,4,1,13,Female,No,No,Placed,CS
2808,83.7,83.3,77.1,8.48,66,60,3.3,76.9,0,1,2,0,8,Female,No,No,Placed,CE
2809,51.5,45.7,54.6,5.59,70,47,2.9,74.5,0,0,2,0,2,Male,Yes,Yes,NotPlaced,ECE
2810,65.3,74.5,73.8,6.19,58,49,1.9,69.7,1,0,1,1,1,Female,Yes,No,NotPlaced,ECE
2811,82.4,63.9,61.8,7.63,59,40,3.6,77.3,0,0,1,0,2,Male,Yes,No,NotPlaced,ChemE
2812,59.5,79.6,67.6,6.74,52,56,3.0,78.4,0,0,0,0,0,Male,Yes,No,NotPlaced,CE
2813,77.5,73.2,76.0,7.26,70,53,3.7,83.3,0,1,1,2,5,Female,Yes,No,Placed,CE
2814,76.0,68.4,77.4,7.21,78,72,4.4,76.6,0,2,3,5,15,Male,Yes,No,Placed,CS
2815,52.9,70.7,49.6,5.85,39,54,2.4,79.9,1,2,0,1,15,Male,Yes,No,NotPlaced,IT
2816,62.3,69.4,59.5,6.04,56,68,3.3,85.4,1,2,2,2,13,Female,Yes,Yes,Placed,ME
2817,80.0,63.0,75.3,6.71,60,80,2.6,68.7,0,3,2,0,13,Male,Yes,No,NotPlaced,ECE
2818,55.9,45.0,50.5,5.62,51,63,4.3,75.4,1,0,3,0,5,Male,Yes,Yes,NotPlaced,CS
2819,70.0,68.6,63.7,6.78,61,44,3.3,87.5,1,2,1,1,12,Male,No,No,NotPlaced,CE
2820,91.5,95.1,82.7,8.43,87,79,4.2,100.0,0,0,6,3,0,Male,Yes,No,Placed,CS
2821,71.6,69.9,73.6,7.01,58,67,3.5,70.6,0,0,1,1,2,Female,Yes,No,Placed,CE
2822,61.9,70.1,71.5,7.45,52,59,3.4,84.8,0,0,0,1,2,Female,Yes,No,NotPlaced,EE
2823,71.3,94.2,79.3,8.69,83,59,4.7,74.6,0,0,1,0,1,Male,No,Yes,Placed,ECE
2824,72.7,63.2,62.4,6.57,56,62,3.8,88.6,0,1,2,2,4,Female,No,No,Placed,CE
2825,70.7,61.6,66.8,6.59,67,54,2.7,89.6,1,1,0,0,3,Female,No,No,Placed,ME
2826,78.3,71.2,79.4,7.69,89,93,3.7,79.1,1,3,0,1,16,Male,Yes,Yes,Placed,EE
2827,74.3,62.4,64.3,7.07,42,61,3.1,76.7,2,1,2,0,9,Female,Yes,Yes,NotPlaced,EE
2828,54.3,63.3,64.9,6.2,62,82,3.6,74.5,0,0,2,1,2,Female,No,Yes,Placed,CS
2829,47.4,72.1,53.6,6.57,72,61,2.6,72.6,2,2,1,0,9,Male,Yes,No,NotPlaced,CE
2830,45.0,49.5,48.9,5.2,35,27,3.2,86.5,0,0,0,1,6,Female,Yes,No,NotPlaced,ME
2831,52.5,58.5,60.1,5.86,37,34,3.4,81.9,0,0,1,0,0,Female,No,No,NotPlaced,IT
2832,73.7,73.6,66.0,7.05,63,84,3.3,82.2,0,1,4,2,4,Male,Yes,No,Placed,ECE
2833,82.1,77.5,79.0,6.32,53,69,4.1,70.9,0,1,0,2,4,Male,No,Yes,Placed,CE
2834,84.6,82.9,78.8,7.93,81,65,3.3,78.3,0,0,1,0,0,Female,No,Yes,Placed,CE
2835,45.0,58.3,64.5,6.46,65,69,2.9,88.9,0,0,3,2,4,Female,Yes,No,NotPlaced,ME
2836,84.6,59.7,65.4,5.8,49,45,2.9,69.9,2,0,2,2,1,Male,Yes,Yes,NotPlaced,EE
2837,71.2,74.9,64.2,7.74,57,63,2.8,71.8,0,0,6,1,1,Female,Yes,Yes,Placed,IT
2838,84.6,74.7,77.7,7.91,65,65,3.0,92.9,0,0,2,2,2,Male,Yes,Yes,Placed,CS
2839,67.4,71.1,62.3,6.91,72,71,3.3,80.3,2,2,1,0,13,Male,No,No,NotPlaced,ECE
2840,77.0,77.0,71.8,7.44,62,50,3.2,67.5,0,1,2,1,5,Male,No,No,Placed,IT
2841,64.4,52.2,71.1,6.94,50,58,2.7,80.1,0,1,0,2,10,Female,No,Yes,NotPlaced,ME
2842,50.9,46.5,48.0,6.28,52,68,2.9,71.3,0,0,1,1,1,Female,No,Yes,NotPlaced,ECE
2843,57.6,62.7,60.5,7.51,48,58,2.8,67.6,1,0,2,0,0,Male,No,No,NotPlaced,CE
2844,59.2,63.1,64.2,6.55,74,71,3.3,64.0,1,1,3,0,7,Female,No,No,NotPlaced,ChemE
2845,55.9,57.7,67.8,7.23,67,74,3.0,91.2,0,2,2,1,12,Male,Yes,No,Placed,EE
2846,76.3,66.6,57.8,6.64,58,67,3.9,82.9,1,2,1,2,10,Male,No,No,Placed,IT
2847,60.6,50.7,52.5,5.94,48,47,4.0,80.2,1,0,1,0,6,Female,No,No,NotPlaced,ME
2848,94.5,79.0,75.5,8.68,69,67,3.3,74.7,0,1,3,2,7,Female,Yes,No,Placed,IT
2849,63.0,67.0,64.8,6.25,54,42,3.3,74.2,3,0,1,1,1,Male,No,No,NotPlaced,EE
2850,70.6,64.0,70.2,8.35,89,61,2.2,83.8,0,1,1,3,6,Female,Yes,No,Placed,IT
2851,67.1,63.1,59.2,6.77,70,58,3.2,67.0,2,1,0,1,6,Male,No,No,NotPlaced,EE
2852,73.0,86.1,72.9,7.56,69,66,2.6,84.0,0,0,1,0,2,Male,Yes,No,Placed,ECE
2853,87.0,76.9,75.9,7.53,79,75,2.1,93.6,0,0,0,1,3,Female,Yes,Yes,Placed,IT
2854,77.2,64.7,61.5,6.8,52,49,2.8,89.1,0,0,2,1,0,Male,No,No,NotPlaced,IT
2855,63.2,53.6,48.0,5.36,54,48,2.4,70.7,0,1,1,1,8,Female,Yes,No,NotPlaced,ChemE
2856,85.7,74.7,73.3,7.1,41,59,4.3,74.1,1,1,3,0,11,Male,Yes,Yes,Placed,ChemE
2857,79.3,71.6,70.7,7.29,66,76,3.0,85.5,0,2,0,3,8,Male,Yes,No,Placed,ChemE
2858,62.9,64.1,59.4,7.25,56,73,2.3,79.8,0,1,2,1,6,Female,No,No,NotPlaced,EE
2859,76.2,52.9,66.5,6.95,75,70,3.6,91.1,1,1,2,3,10,Female,Yes,Yes,NotPlaced,ECE
2860,80.4,77.2,79.1,7.64,71,58,3.4,93.8,0,0,2,2,2,Male,Yes,No,NotPlaced,IT
2861,70.5,64.6,73.0,7.04,47,34,2.9,96.1,0,0,0,2,8,Male,Yes,No,NotPlaced,EE
2862,57.3,60.9,60.0,6.16,58,62,4.1,76.6,0,2,2,0,15,Male,No,No,Placed,IT
2863,54.2,56.9,56.6,6.28,46,54,4.3,68.8,1,0,1,0,2,Female,No,Yes,NotPlaced,ME
2864,72.8,65.2,61.6,6.65,67,55,4.0,76.6,3,1,0,0,10,Male,Yes,Yes,Placed,CS
2865,66.9,56.4,67.9,6.62,69,75,3.3,78.3,0,1,3,0,13,Male,Yes,No,Placed,ChemE
2866,61.1,60.7,48.0,6.58,59,70,3.7,61.8,0,1,1,2,5,Male,No,No,NotPlaced,EE
2867,55.4,51.5,49.6,6.33,46,35,1.9,58.0,2,0,0,0,0,Male,No,No,NotPlaced,ME
2868,59.6,54.6,53.5,6.96,35,41,3.4,93.3,0,1,0,0,7,Male,Yes,Yes,NotPlaced,CE
2869,60.4,83.2,73.6,7.23,56,65,4.6,82.1,0,0,0,1,0,Male,Yes,No,NotPlaced,ECE
2870,80.3,65.4,75.3,6.95,55,68,3.5,100.0,0,2,2,5,13,Female,Yes,Yes,Placed,ECE
2871,71.1,81.1,70.2,8.51,86,57,3.5,80.9,0,1,0,1,8,Female,No,Yes,Placed,ME
2872,75.3,85.2,67.4,7.52,60,58,2.7,87.2,2,0,4,1,0,Male,Yes,Yes,NotPlaced,ChemE
2873,76.3,81.0,70.1,7.93,82,80,4.6,91.3,0,2,3,3,9,Female,Yes,No,Placed,ECE
2874,78.2,65.7,71.8,7.04,57,60,3.7,97.5,0,2,2,0,16,Male,Yes,No,Placed,ChemE
2875,68.1,64.1,69.1,7.48,62,72,3.6,80.3,1,0,1,1,1,Male,No,No,NotPlaced,CE
2876,64.4,58.5,67.1,7.78,66,68,3.9,73.1,0,1,2,3,6,Female,Yes,Yes,NotPlaced,CE
2877,81.5,73.1,67.3,7.34,74,61,4.7,81.0,0,2,2,3,9,Female,Yes,Yes,Placed,ME
2878,60.2,64.8,63.3,7.07,62,62,3.6,87.3,0,0,2,2,10,Female,Yes,No,Placed,EE
2879,68.0,62.4,77.4,7.33,57,73,3.4,83.7,0,0,0,3,1,Male,No,No,NotPlaced,EE
2880,73.3,72.6,59.0,6.71,43,63,3.3,92.2,0,1,2,0,16,Female,No,Yes,NotPlaced,EE
2881,65.7,68.7,74.4,7.3,82,61,3.9,76.9,1,0,5,2,5,Male,Yes,No,Placed,CE
2882,79.3,66.3,76.4,8.17,76,96,4.6,96.8,0,1,2,2,9,Female,Yes,No,Placed,CS
2883,64.0,76.8,69.4,6.61,59,59,3.9,77.6,1,2,0,3,11,Male,Yes,No,NotPlaced,CE
2884,83.0,71.7,83.2,8.77,76,80,3.2,91.7,0,2,4,5,10,Male,Yes,No,Placed,CS
2885,71.4,74.3,69.3,7.88,74,55,2.0,92.9,0,2,0,5,13,Female,No,Yes,NotPlaced,ChemE
2886,92.8,90.7,87.6,8.92,81,87,4.5,95.4,0,1,4,4,7,Female,No,No,Placed,ECE
2887,71.1,73.7,79.6,7.59,68,79,4.0,86.5,0,0,6,3,0,Female,No,Yes,Placed,ECE
2888,74.5,70.3,62.6,6.88,64,72,4.4,85.4,1,0,2,2,6,Female,No,Yes,Placed,IT
2889,80.4,67.2,65.0,6.65,75,71,2.9,77.7,2,0,1,2,6,Male,Yes,Yes,NotPlaced,CS
2890,82.4,76.7,81.9,8.82,74,79,4.4,83.7,0,0,2,2,3,Male,No,Yes,Placed,CS
2891,75.8,64.1,88.0,8.88,81,72,3.4,75.9,1,2,1,1,9,Male,Yes,No,Placed,ECE
2892,68.0,52.5,58.4,7.22,64,62,3.8,75.7,1,1,2,4,3,Female,Yes,No,Placed,CS
2893,72.0,93.3,63.9,7.3,67,75,3.4,87.6,0,0,4,1,5,Male,No,No,Placed,CE
2894,76.1,66.5,67.4,6.38,83,92,3.5,81.3,0,1,0,3,8,Male,No,Yes,NotPlaced,CE
2895,75.0,84.5,70.7,7.05,63,64,3.0,81.3,0,3,2,1,18,Female,Yes,Yes,NotPlaced,ECE
2896,73.9,81.4,67.2,6.2,63,61,2.9,88.9,1,1,1,0,8,Male,Yes,No,Placed,ME
2897,78.5,73.6,72.0,8.3,71,86,2.7,78.6,0,0,3,3,0,Female,No,Yes,Placed,CE
2898,82.8,80.6,78.1,8.16,100,100,4.5,95.4,0,3,4,2,12,Male,Yes,No,Placed,EE
2899,72.8,60.9,78.5,8.77,67,55,4.0,71.8,0,4,1,1,31,Female,No,No,Placed,ChemE
2900,59.3,56.4,62.0,6.06,52,56,3.5,75.5,1,0,0,0,0,Female,No,No,NotPlaced,ECE
2901,78.5,67.8,63.6,7.0,67,63,2.7,74.3,1,0,0,0,0,Female,No,No,NotPlaced,IT
2902,60.7,60.8,66.3,6.92,45,45,3.0,68.5,3,0,1,0,1,Male,No,Yes,NotPlaced,CE
2903,82.9,83.0,70.1,7.96,73,66,2.6,80.2,0,0,2,1,4,Female,No,No,NotPlaced,CS
2904,96.9,91.6,86.8,9.47,64,67,4.3,88.9,0,1,1,1,7,Female,No,No,Placed,ChemE
2905,75.7,86.5,78.3,8.13,79,88,4.3,83.0,0,0,1,0,4,Female,Yes,No,Placed,ECE
2906,80.7,60.4,68.4,7.0,62,78,2.6,90.3,0,0,1,1,4,Male,Yes,No,NotPlaced,ChemE
2907,87.6,79.1,74.6,7.97,69,58,2.6,81.2,0,1,0,2,3,Male,Yes,No,Placed,ECE
2908,68.1,61.9,50.0,6.83,48,35,2.6,73.3,1,1,0,0,3,Male,No,Yes,NotPlaced,CS
2909,54.7,71.6,52.9,6.78,55,60,4.0,77.5,0,1,3,0,6,Male,No,No,Placed,ME
2910,69.2,69.2,71.1,6.94,38,55,4.1,78.2,0,0,0,1,9,Male,No,No,NotPlaced,ME
2911,73.7,71.9,74.6,7.6,75,91,2.9,68.6,0,0,3,1,5,Male,Yes,Yes,Placed,ECE
2912,77.9,68.8,55.2,7.0,60,71,3.1,63.2,1,1,1,2,6,Male,No,No,NotPlaced,CE
2913,59.5,54.8,62.1,6.41,64,59,2.2,82.7,1,1,1,2,10,Male,Yes,No,NotPlaced,EE
2914,66.4,69.5,67.0,6.7,81,64,2.4,82.2,1,0,1,3,5,Female,Yes,Yes,Placed,CS
2915,63.1,73.3,72.2,6.84,83,74,2.9,81.3,1,0,1,2,0,Male,Yes,Yes,Placed,ECE
2916,55.6,56.1,54.4,6.14,47,48,3.1,90.7,0,0,0,2,5,Female,Yes,No,NotPlaced,ME
2917,55.1,51.9,66.4,6.51,56,55,2.8,67.5,1,0,1,0,3,Male,Yes,Yes,NotPlaced,EE
2918,82.6,78.3,80.4,7.57,84,65,3.4,91.5,0,1,4,4,10,Male,Yes,Yes,Placed,IT
2919,75.5,81.7,92.2,8.93,94,98,4.0,80.9,0,1,3,4,10,Female,No,Yes,Placed,IT
2920,66.6,57.5,65.9,7.18,67,71,2.6,90.5,0,2,3,3,12,Male,Yes,No,Placed,EE
2921,59.2,76.6,61.0,7.16,70,70,3.2,76.2,0,1,2,1,8,Female,Yes,Yes,NotPlaced,IT
2922,66.0,56.8,48.0,5.47,50,52,2.5,77.7,1,0,1,1,5,Male,Yes,No,NotPlaced,CS
2923,87.3,79.8,90.3,9.27,81,72,4.1,90.1,0,2,4,6,14,Male,Yes,Yes,Placed,CS
2924,82.6,72.3,72.6,8.48,87,96,3.2,81.7,0,4,3,2,16,Male,Yes,Yes,Placed,ECE
2925,68.6,78.9,82.2,8.31,62,61,3.9,82.9,0,1,0,2,3,Male,Yes,Yes,Placed,EE
2926,74.8,77.8,59.9,6.44,87,74,3.1,83.0,0,1,0,2,10,Female,No,Yes,NotPlaced,ChemE
2927,86.5,81.9,75.2,7.03,62,59,3.1,79.6,1,1,1,0,10,Female,Yes,Yes,NotPlaced,CE
2928,76.3,83.7,74.8,7.86,75,62,4.2,68.9,0,0,0,2,2,Female,No,Yes,Placed,CE
2929,86.6,87.3,87.2,9.27,90,70,4.3,79.0,0,3,6,1,15,Female,No,No,Placed,CS
2930,69.9,66.6,61.5,6.53,70,79,2.1,75.9,0,1,5,2,9,Female,No,No,Placed,ECE
2931,66.7,57.2,53.2,5.42,59,60,2.9,74.1,4,0,0,0,0,Female,No,No,NotPlaced,ME
2932,77.8,63.6,79.2,7.69,66,35,2.6,76.1,2,0,0,0,3,Female,Yes,No,NotPlaced,EE
2933,64.9,58.5,59.7,5.0,62,82,3.3,71.5,1,1,1,1,7,Female,Yes,Yes,NotPlaced,EE
2934,73.4,56.8,55.2,7.09,68,68,3.7,100.0,0,1,2,3,5,Male,Yes,Yes,Placed,CS
2935,72.2,69.7,68.1,8.22,82,89,4.4,83.4,0,1,2,7,15,Male,Yes,Yes,Placed,IT
2936,90.7,79.4,85.0,8.89,74,88,3.8,94.9,0,3,2,2,18,Female,Yes,No,Placed,CS
2937,52.9,50.2,53.0,5.71,52,50,1.9,57.1,1,0,0,0,3,Male,Yes,No,NotPlaced,CE
2938,54.3,70.5,61.0,6.49,63,53,3.6,76.5,0,0,1,2,0,Female,No,No,NotPlaced,ECE
2939,69.2,54.2,83.4,6.77,70,60,4.1,85.6,0,0,1,1,0,Female,No,Yes,Placed,ME
2940,70.7,65.5,58.1,7.31,72,50,3.7,91.3,0,1,1,2,10,Male,Yes,Yes,NotPlaced,ME
2941,80.9,90.2,74.7,8.91,74,66,3.5,73.6,1,0,2,1,0,Female,Yes,No,Placed,EE
2942,72.0,63.1,63.2,7.14,59,54,3.3,70.8,0,1,1,1,9,Male,No,No,Placed,ChemE
2943,66.2,66.6,58.4,6.55,61,53,3.2,83.1,0,1,3,1,8,Female,No,No,Placed,EE
2944,80.9,66.9,67.9,6.51,55,44,3.1,69.3,1,0,4,0,6,Female,No,No,NotPlaced,ChemE
2945,71.6,72.9,75.9,7.8,82,68,3.6,100.0,0,3,2,4,14,Male,No,Yes,Placed,ECE
2946,67.4,73.8,80.9,8.79,78,72,4.6,81.1,0,2,2,1,19,Male,Yes,Yes,Placed,ECE
2947,69.4,60.5,64.4,7.03,80,67,2.7,85.0,1,1,3,2,5,Male,No,Yes,NotPlaced,IT
2948,71.4,89.3,75.9,7.14,67,51,3.1,70.8,0,1,1,1,9,Male,Yes,No,Placed,ECE
2949,60.6,62.0,64.9,7.64,58,63,3.1,82.1,2,1,1,2,5,Female,No,No,NotPlaced,EE
2950,79.4,94.1,71.9,8.59,62,75,4.1,85.4,0,3,3,4,18,Male,Yes,Yes,Placed,ECE
2951,65.2,65.5,73.5,7.06,82,58,3.8,74.9,1,0,1,1,7,Female,No,Yes,NotPlaced,ME
2952,68.1,68.7,79.9,7.66,74,82,4.1,72.2,1,0,0,0,0,Male,No,Yes,Placed,EE
2953,87.8,75.6,74.9,8.38,80,61,4.8,85.8,0,0,6,2,3,Female,No,Yes,Placed,EE
2954,74.7,70.5,72.0,7.73,96,100,3.5,88.9,1,3,2,4,22,Female,No,Yes,Placed,ECE
2955,61.1,52.8,60.0,6.64,66,77,2.3,81.0,3,0,4,4,0,Male,Yes,No,Placed,CS
2956,79.0,64.7,57.8,7.54,57,64,2.9,82.6,1,0,1,2,2,Female,No,Yes,Placed,ChemE
2957,66.7,54.8,63.5,6.79,68,47,5.0,82.6,0,1,0,1,11,Male,No,Yes,Placed,EE
2958,64.8,74.9,75.7,7.17,72,68,4.0,71.8,0,0,0,1,5,Male,No,Yes,NotPlaced,IT
2959,67.1,77.0,76.0,7.7,59,80,3.4,84.0,1,1,0,3,9,Male,Yes,No,NotPlaced,ME
2960,57.4,60.6,63.7,6.29,66,71,2.6,67.3,1,0,1,1,6,Female,No,No,NotPlaced,ME
2961,60.4,66.5,73.9,7.85,65,92,3.3,96.1,0,1,3,4,6,Female,No,No,Placed,ChemE
2962,70.3,83.4,74.8,8.18,69,61,3.4,74.8,1,0,0,0,0,Female,No,Yes,NotPlaced,ME
2963,70.6,74.9,74.6,7.18,74,58,4.0,83.0,1,0,1,0,2,Male,Yes,No,Placed,ME
2964,72.1,62.1,60.0,7.3,44,72,3.1,74.8,0,0,1,0,1,Female,Yes,Yes,NotPlaced,ME
2965,88.7,93.6,68.7,7.65,78,72,4.1,82.9,0,0,1,2,1,Male,Yes,No,Placed,CE
2966,62.2,57.8,59.6,5.67,56,56,3.5,72.6,5,1,3,1,7,Male,Yes,Yes,NotPlaced,EE
2967,76.1,70.7,76.6,7.52,81,70,3.6,83.2,0,1,2,3,10,Female,Yes,No,Placed,ChemE
2968,69.0,83.5,86.1,7.97,74,56,3.1,75.1,1,1,1,0,8,Male,Yes,Yes,Placed,CE
2969,87.5,87.8,80.2,8.64,97,85,3.9,95.0,0,3,8,4,17,Female,Yes,Yes,Placed,CS
2970,71.7,69.6,59.3,6.7,55,58,3.4,77.5,1,0,0,0,1,Male,Yes,No,NotPlaced,EE
2971,70.6,52.5,63.2,7.48,71,45,4.7,95.6,0,0,0,1,7,Male,Yes,No,Placed,ECE
2972,78.2,78.0,75.3,8.0,80,90,3.5,78.1,0,3,0,4,17,Female,Yes,Yes,Placed,ME
2973,70.6,67.3,81.4,7.23,69,88,3.7,66.7,1,1,2,2,11,Male,No,No,Placed,IT
2974,78.2,63.8,67.6,8.02,75,87,2.4,78.0,0,2,4,0,17,Female,No,No,Placed,CS
2975,71.1,65.9,64.2,7.47,69,64,3.9,85.7,0,2,1,0,12,Male,Yes,Yes,Placed,CE
2976,74.4,75.7,87.1,8.6,76,63,5.0,90.8,0,1,1,3,5,Male,No,Yes,NotPlaced,IT
2977,73.3,52.2,59.9,6.55,64,68,3.6,66.3,2,1,1,0,9,Female,No,No,NotPlaced,ME
2978,73.4,60.8,64.0,7.33,73,67,2.2,81.2,2,1,2,1,6,Male,Yes,Yes,NotPlaced,ME
2979,56.8,61.8,55.6,5.52,52,53,3.3,69.7,1,0,1,0,3,Male,Yes,Yes,NotPlaced,EE
2980,59.8,72.7,59.0,6.41,77,63,2.9,73.5,1,0,1,2,2,Male,No,Yes,NotPlaced,CE
2981,70.5,63.9,70.9,7.0,67,43,3.1,83.5,2,2,2,0,9,Male,Yes,Yes,NotPlaced,ChemE
2982,65.9,61.6,63.2,7.07,81,95,3.9,81.0,2,2,2,2,13,Female,No,Yes,Placed,ME
2983,67.2,72.2,72.0,6.0,57,50,3.9,68.5,1,0,0,0,0,Male,No,Yes,NotPlaced,ChemE
2984,61.6,48.3,70.6,6.92,43,53,2.5,64.8,3,0,0,0,0,Female,Yes,No,NotPlaced,IT
2985,76.5,69.7,62.2,6.95,63,67,3.6,84.3,1,1,0,5,5,Male,Yes,No,NotPlaced,CE
2986,78.7,61.1,60.3,7.84,71,76,5.0,87.6,0,0,4,5,3,Male,Yes,Yes,Placed,CS
2987,59.8,82.7,71.9,7.38,57,65,4.2,82.3,1,1,0,0,5,Female,No,Yes,NotPlaced,CE
2988,56.1,68.5,68.4,6.66,66,66,2.5,86.1,2,1,0,5,4,Male,No,No,NotPlaced,ChemE
2989,83.4,58.0,75.0,7.18,78,75,3.5,68.2,2,2,1,0,12,Female,No,Yes,Placed,IT
2990,71.2,67.4,72.2,7.17,64,62,5.0,87.0,0,1,1,2,6,Female,Yes,No,Placed,ME
2991,63.4,66.3,64.9,6.47,60,38,4.5,73.7,0,0,0,4,7,Female,Yes,Yes,Placed,CS
2992,73.0,46.1,60.1,6.9,57,61,3.4,86.1,1,1,2,2,3,Female,No,No,NotPlaced,CS
2993,70.2,68.9,64.9,6.87,67,69,3.7,72.8,0,1,1,2,4,Female,Yes,No,Placed,CS
2994,65.8,76.7,72.5,7.43,71,85,3.8,84.6,0,0,3,2,0,Male,Yes,Yes,Placed,CE
2995,61.7,51.2,66.2,7.2,72,67,2.4,72.5,0,1,2,1,7,Male,No,No,Placed,CE
2996,83.3,83.2,80.1,7.44,87,81,2.7,86.0,0,2,4,0,11,Female,Yes,No,Placed,ECE
2997,82.8,64.5,60.8,6.77,77,64,3.1,79.4,0,1,1,0,11,Male,Yes,Yes,NotPlaced,ME
2998,68.3,66.5,56.8,6.37,52,57,2.9,66.8,2,1,1,0,13,Female,No,No,NotPlaced,CE
2999,74.8,74.2,75.8,8.05,72,68,3.1,91.9,0,0,3,2,3,Male,No,Yes,Placed,ME
3000,68.4,59.4,63.5,7.34,79,70,3.3,75.0,1,1,4,1,6,Male,Yes,No,Placed,CS
3001,69.0,57.1,58.7,6.71,63,70,2.8,68.9,1,2,0,1,9,Female,No,No,NotPlaced,ECE
3002,57.8,68.2,73.4,6.99,71,64,2.8,93.0,0,2,0,1,13,Male,Yes,No,NotPlaced,ME
3003,66.2,61.9,56.3,6.56,63,79,3.1,82.9,1,0,2,4,5,Female,No,No,NotPlaced,ChemE
3004,73.7,75.7,67.7,7.2,58,33,2.5,74.3,2,0,0,0,0,Female,No,Yes,NotPlaced,CS
3005,87.2,70.0,74.4,7.49,69,45,3.8,78.1,0,1,0,0,6,Male,Yes,Yes,Placed,ECE
3006,81.1,58.7,77.9,7.03,81,66,3.5,87.4,0,1,1,1,6,Female,Yes,Yes,Placed,CE
3007,89.1,69.5,84.4,8.64,69,66,4.1,94.9,0,3,3,2,10,Male,No,No,Placed,ECE
3008,73.6,46.0,64.8,5.93,59,51,3.9,82.9,1,0,1,0,5,Male,No,Yes,NotPlaced,CE
3009,85.4,76.2,69.0,7.15,74,82,2.6,92.2,0,3,2,1,19,Female,Yes,No,Placed,ECE
3010,69.7,71.9,65.2,6.83,58,73,1.6,80.8,1,2,0,3,8,Female,Yes,No,NotPlaced,IT
3011,69.1,70.0,65.2,7.19,60,81,3.9,81.6,0,4,0,1,17,Male,No,No,Placed,CE
3012,50.2,57.2,59.1,6.65,52,51,2.9,76.9,1,0,1,3,2,Female,No,Yes,NotPlaced,IT
3013,80.2,72.2,77.8,8.91,81,66,2.9,80.4,0,1,3,1,12,Female,No,No,Placed,IT
3014,96.6,88.1,96.0,9.1,91,94,1.7,95.0,0,1,2,3,5,Male,Yes,No,Placed,CS
3015,76.7,76.6,77.2,7.97,76,73,3.7,83.3,1,1,2,1,8,Male,No,No,Placed,CS
3016,64.3,69.9,78.0,8.21,68,54,3.8,83.7,0,1,1,1,7,Female,Yes,No,Placed,ECE
3017,75.2,73.6,54.6,6.06,69,65,2.6,66.1,1,0,2,0,0,Female,No,Yes,NotPlaced,ECE
3018,69.5,61.0,66.0,7.31,68,90,3.3,70.4,0,0,3,1,5,Female,No,Yes,NotPlaced,IT
3019,79.1,63.1,54.8,6.83,52,69,4.0,90.4,0,0,4,1,0,Male,Yes,No,Placed,CE
3020,88.1,75.5,86.3,8.17,89,70,3.1,93.2,0,0,3,4,0,Male,Yes,No,Placed,ME
3021,78.2,59.9,64.3,6.26,57,68,3.4,73.6,2,0,1,1,6,Male,Yes,Yes,NotPlaced,IT
3022,75.9,54.7,57.3,7.13,72,66,3.8,73.9,0,0,2,1,2,Female,No,Yes,Placed,IT
3023,55.8,49.6,56.1,6.86,50,45,3.2,75.1,0,0,0,1,0,Male,No,Yes,NotPlaced,CE
3024,62.9,79.1,66.1,6.98,61,54,3.9,87.7,0,0,0,0,1,Male,No,Yes,NotPlaced,ME
3025,61.6,66.5,55.3,6.81,66,55,4.8,75.3,0,2,0,2,8,Male,Yes,No,NotPlaced,ChemE
3026,63.9,66.2,63.8,7.41,73,75,2.7,81.1,0,0,0,1,4,Female,Yes,Yes,Placed,ChemE
3027,84.4,64.1,66.7,7.73,70,66,2.3,81.8,0,1,2,1,3,Female,Yes,No,Placed,EE
3028,82.8,91.2,84.6,9.01,86,100,4.5,87.3,0,4,2,0,20,Male,Yes,No,Placed,ECE
3029,78.2,66.4,61.9,6.46,70,69,4.0,79.4,0,0,3,0,1,Male,No,No,Placed,EE
3030,47.4,45.0,56.1,5.71,36,43,3.5,83.7,2,0,0,0,4,Female,No,No,Placed,CE
3031,80.5,76.4,70.6,7.39,81,69,3.3,85.3,0,2,5,2,9,Female,Yes,No,Placed,IT
3032,65.9,59.2,71.6,7.15,59,59,4.6,82.9,0,3,1,0,18,Male,No,Yes,Placed,ME
3033,80.8,59.2,70.9,7.17,65,70,3.3,89.3,1,3,3,1,22,Female,Yes,Yes,Placed,ME
3034,67.8,62.2,77.3,7.67,64,56,3.2,73.0,0,0,1,0,4,Female,Yes,No,Placed,ECE
3035,81.8,73.3,71.5,7.54,74,67,3.5,66.8,2,0,2,3,11,Male,No,No,NotPlaced,IT
3036,82.9,73.5,67.3,6.99,73,61,3.3,85.4,0,0,1,3,4,Male,Yes,No,Placed,IT
3037,56.3,48.8,58.6,5.19,65,69,3.1,70.3,1,1,2,1,3,Male,No,Yes,NotPlaced,ME
3038,83.0,74.4,72.5,7.78,72,51,3.5,78.8,0,0,1,0,0,Female,No,Yes,NotPlaced,CS
3039,78.6,61.3,63.7,6.84,58,70,2.3,89.7,0,2,3,1,13,Male,Yes,Yes,NotPlaced,ME
3040,72.8,53.8,63.5,7.83,56,55,2.3,81.4,0,0,1,1,6,Female,No,No,NotPlaced,EE
3041,53.2,47.1,48.0,6.56,54,66,2.2,67.8,1,0,3,0,5,Female,No,No,NotPlaced,ChemE
3042,68.0,59.4,62.7,5.6,61,52,3.4,72.7,1,0,3,1,1,Female,No,Yes,NotPlaced,ECE
3043,65.2,55.8,60.9,6.3,65,62,3.9,67.2,3,0,0,0,0,Female,No,No,NotPlaced,EE
3044,71.5,69.8,65.3,7.4,69,47,2.5,85.5,0,1,0,2,10,Male,Yes,Yes,Placed,IT
3045,67.2,73.1,58.4,6.65,56,53,3.9,84.1,0,0,1,1,1,Female,No,No,NotPlaced,CS
3046,55.1,46.8,49.1,5.58,52,31,3.0,72.7,3,0,0,0,4,Female,No,Yes,NotPlaced,CE
3047,77.0,99.0,83.5,8.11,87,90,4.1,72.2,0,0,4,3,3,Male,Yes,Yes,Placed,IT
3048,64.0,75.6,73.5,7.87,62,51,3.9,84.2,0,0,1,3,0,Male,No,Yes,NotPlaced,CE
3049,51.8,60.3,59.5,6.61,62,75,4.7,76.5,3,0,1,2,4,Male,Yes,Yes,NotPlaced,CE
3050,77.9,63.3,66.7,8.1,78,56,3.4,75.0,2,0,0,0,3,Female,Yes,Yes,NotPlaced,CE
3051,53.3,66.3,66.5,7.29,80,71,4.0,80.5,1,1,2,3,5,Male,Yes,Yes,NotPlaced,ME
3052,74.2,64.6,61.6,6.8,57,67,3.6,84.5,1,2,1,2,18,Male,Yes,Yes,NotPlaced,ChemE
3053,68.1,67.7,60.0,6.65,59,40,2.1,68.6,1,1,1,0,5,Male,No,Yes,NotPlaced,ECE
3054,60.8,55.5,62.9,6.62,46,68,3.8,66.8,0,0,2,2,0,Male,Yes,No,NotPlaced,IT
3055,75.0,68.5,61.6,6.92,57,69,2.8,74.1,1,0,1,0,3,Male,Yes,Yes,NotPlaced,ChemE
3056,69.9,70.1,77.6,7.9,77,75,4.4,79.4,0,0,1,2,1,Male,Yes,No,Placed,IT
3057,73.2,75.7,64.2,6.74,59,40,3.3,77.2,0,1,1,0,11,Male,No,No,NotPlaced,ME
3058,49.1,69.2,51.3,6.9,50,51,2.9,79.5,0,0,0,1,0,Female,No,No,NotPlaced,CE
3059,63.6,81.4,76.5,7.72,70,63,2.9,84.6,0,2,2,1,13,Male,Yes,No,Placed,ChemE
3060,76.0,82.3,72.1,8.28,84,78,3.2,86.7,0,0,2,3,2,Male,Yes,Yes,Placed,EE
3061,69.4,72.7,80.7,5.92,69,75,3.2,68.4,1,1,2,0,5,Female,No,Yes,Placed,CS
3062,76.3,71.3,63.8,6.98,71,67,3.0,92.8,1,1,2,3,8,Female,No,Yes,Placed,ChemE
3063,64.7,65.7,54.9,7.18,67,53,3.6,74.7,1,0,1,1,4,Female,No,No,NotPlaced,CE
3064,79.7,79.6,75.3,7.83,83,69,2.8,89.1,0,2,2,0,9,Male,Yes,Yes,Placed,IT
3065,72.5,77.1,62.4,6.79,61,75,5.0,83.0,1,2,0,0,14,Female,No,No,Placed,ECE
3066,74.6,74.7,66.5,7.87,78,66,3.2,86.0,1,1,3,5,10,Female,Yes,Yes,Placed,ECE
3067,68.5,67.3,62.5,5.58,59,73,2.9,83.0,2,0,2,0,7,Female,No,No,NotPlaced,CS
3068,71.1,72.6,79.6,8.29,78,72,3.4,96.9,0,0,1,1,1,Male,Yes,No,Placed,CS
3069,45.0,64.7,52.6,5.33,42,65,2.4,68.5,1,1,0,1,5,Female,No,Yes,NotPlaced,ChemE
3070,62.4,67.4,61.5,7.2,54,60,4.5,85.7,2,1,2,1,7,Male,Yes,No,Placed,CE
3071,75.0,64.3,64.2,7.07,69,63,3.2,89.5,0,3,1,2,13,Female,Yes,No,Placed,ECE
3072,48.7,49.7,48.0,5.61,41,58,2.6,50.5,2,0,0,0,0,Female,No,Yes,NotPlaced,CE
3073,73.0,64.1,58.3,6.48,70,82,3.0,79.2,0,1,2,4,7,Male,Yes,Yes,Placed,CS
3074,73.4,79.7,86.0,8.65,66,67,3.6,82.0,0,0,0,1,2,Female,No,No,Placed,EE
3075,61.0,64.4,74.4,6.67,71,74,4.3,85.2,0,2,2,1,11,Female,No,No,Placed,ChemE
3076,74.0,68.7,63.8,6.76,90,86,3.9,96.6,0,0,3,2,1,Female,Yes,Yes,Placed,ECE
3077,67.3,57.5,66.0,7.18,68,79,3.1,79.5,1,3,4,2,19,Male,No,No,NotPlaced,CS
3078,64.3,79.7,59.0,7.24,52,64,4.3,78.9,1,0,1,1,2,Female,No,No,NotPlaced,CS
3079,61.9,82.0,83.1,8.38,81,61,3.8,83.1,0,1,3,4,7,Female,Yes,No,Placed,ME
3080,77.0,70.9,62.4,7.55,69,61,2.8,91.6,1,0,4,1,0,Male,Yes,Yes,Placed,ME
3081,67.3,65.4,68.5,6.82,74,78,3.4,83.8,2,1,3,3,7,Male,Yes,Yes,NotPlaced,ECE
3082,68.8,81.3,75.0,8.28,75,64,3.7,98.4,0,0,1,2,4,Male,Yes,Yes,Placed,IT
3083,86.7,71.7,69.3,8.1,75,74,4.0,93.4,1,1,1,1,6,Female,No,No,Placed,ECE
3084,66.9,68.2,76.6,6.69,83,64,4.1,73.4,2,0,1,1,2,Male,Yes,Yes,Placed,ChemE
3085,69.4,69.3,68.3,7.75,82,68,3.3,83.7,0,2,2,1,15,Male,Yes,Yes,Placed,CS
3086,58.1,72.5,61.7,7.3,71,42,2.9,77.9,0,0,0,1,1,Male,No,No,NotPlaced,ME
3087,63.5,53.5,48.0,5.84,71,67,3.4,79.4,2,0,1,2,0,Male,No,No,NotPlaced,CE
3088,78.1,64.8,51.6,6.89,52,55,2.8,70.5,1,0,0,0,0,Female,Yes,Yes,NotPlaced,ME
3089,70.6,54.3,62.5,5.63,66,62,3.2,72.9,1,2,3,1,10,Female,Yes,Yes,NotPlaced,ECE
3090,82.2,67.9,66.1,7.28,73,65,3.6,85.6,0,2,1,1,10,Male,Yes,Yes,Placed,ECE
3091,68.3,79.3,75.5,7.22,55,68,1.5,82.0,0,0,1,2,2,Female,Yes,No,NotPlaced,ECE
3092,84.7,63.0,67.4,7.79,76,67,3.2,73.5,3,1,0,0,5,Male,No,No,NotPlaced,ChemE
3093,60.8,64.7,58.0,6.78,55,62,2.4,64.2,2,0,2,0,0,Male,Yes,No,NotPlaced,CE
3094,64.2,79.4,73.6,7.67,70,59,2.8,90.6,0,0,0,2,3,Male,Yes,Yes,Placed,ECE
3095,75.8,79.2,73.3,7.69,70,70,4.0,87.9,0,0,2,1,7,Male,Yes,No,Placed,CS
3096,71.9,65.7,57.9,6.2,74,50,3.7,84.6,0,0,1,2,0,Male,Yes,Yes,Placed,ME
3097,62.9,53.4,59.7,7.17,59,74,4.5,71.3,0,0,0,4,4,Male,Yes,No,Placed,CE
3098,86.9,90.3,78.5,9.03,75,69,2.8,90.4,0,1,0,0,10,Male,Yes,No,Placed,IT
3099,68.8,49.4,61.2,5.73,69,60,2.4,66.0,0,0,0,0,0,Female,No,Yes,NotPlaced,CE
3100,61.9,57.0,60.8,6.22,55,57,2.8,67.5,1,0,0,0,0,Male,Yes,No,NotPlaced,CS
3101,86.1,80.5,74.9,8.71,97,67,2.6,87.6,0,2,0,1,11,Male,Yes,No,Placed,ECE
3102,70.7,76.2,68.4,6.21,76,63,3.3,84.4,1,1,2,2,5,Female,No,Yes,Placed,EE
3103,60.2,55.7,63.3,6.26,70,70,4.3,80.1,1,0,4,2,2,Female,Yes,Yes,NotPlaced,ChemE
3104,51.9,52.3,55.0,7.47,50,71,2.4,73.5,2,0,4,0,0,Male,Yes,Yes,NotPlaced,EE
3105,67.7,70.3,67.0,7.02,74,75,3.7,76.9,0,2,1,2,14,Female,No,No,Placed,CS
3106,49.8,48.8,55.3,6.45,65,52,3.5,69.9,1,1,1,0,8,Male,Yes,No,NotPlaced,IT
3107,71.8,54.5,71.6,7.54,61,54,3.1,80.2,0,0,4,0,3,Male,Yes,No,Placed,ECE
3108,65.7,79.6,78.0,8.79,78,67,3.0,77.3,0,0,1,0,2,Female,No,No,Placed,CE
3109,67.0,91.1,71.0,7.89,70,61,3.6,85.8,1,0,0,0,5,Male,Yes,No,Placed,ECE
3110,76.9,75.6,69.4,7.22,70,67,3.2,95.0,0,0,3,3,2,Male,Yes,Yes,Placed,CS
3111,47.6,47.1,52.0,5.41,63,54,4.2,83.5,1,2,4,2,15,Male,Yes,Yes,Placed,ME
3112,58.9,61.0,53.5,6.39,52,43,2.5,77.0,1,0,0,0,2,Male,No,Yes,NotPlaced,EE
3113,66.9,78.9,69.3,7.13,81,49,2.8,73.0,1,0,2,1,7,Male,No,Yes,NotPlaced,ME
3114,63.1,53.6,65.3,6.74,55,79,3.2,76.6,0,1,3,0,8,Male,No,Yes,NotPlaced,ChemE
3115,62.5,56.7,63.6,5.67,38,62,3.0,72.2,2,1,3,2,4,Male,No,No,NotPlaced,EE
3116,68.4,76.2,61.8,7.01,59,60,4.2,94.3,0,3,2,0,22,Male,Yes,No,Placed,ChemE
3117,79.7,61.8,74.7,8.1,83,71,3.4,77.9,2,0,0,0,2,Female,No,No,NotPlaced,ECE
3118,69.0,73.3,71.9,7.83,76,79,3.2,88.5,0,1,4,0,11,Male,Yes,Yes,Placed,CE
3119,64.8,67.5,63.5,7.18,68,83,4.0,86.1,2,2,3,4,13,Female,Yes,Yes,Placed,EE
3120,71.6,57.2,62.9,7.14,43,58,3.5,81.0,0,0,2,2,2,Male,No,No,NotPlaced,ChemE
3121,73.1,83.9,73.9,6.99,65,55,4.0,87.5,0,1,0,0,5,Female,Yes,No,Placed,CS
3122,64.0,68.1,54.5,7.05,52,59,4.0,70.0,0,0,2,2,0,Male,No,Yes,NotPlaced,CE
3123,58.7,57.1,48.0,5.82,56,52,4.9,73.8,2,0,3,0,2,Female,No,Yes,NotPlaced,ME
3124,78.5,65.3,78.0,7.68,72,76,3.2,81.6,0,3,1,1,19,Male,No,No,Placed,ME
3125,49.2,75.2,68.1,7.08,68,63,2.0,78.5,2,0,1,2,0,Male,Yes,Yes,NotPlaced,IT
3126,87.0,83.2,81.7,8.49,73,73,4.3,85.2,0,1,1,4,3,Male,Yes,Yes,Placed,CS
3127,67.3,68.4,73.7,6.57,58,53,3.6,66.0,2,0,0,0,7,Female,No,No,NotPlaced,CS
3128,59.8,71.9,65.8,7.15,66,70,4.3,80.7,1,1,1,4,11,Male,No,Yes,Placed,ECE
3129,56.3,66.5,58.4,6.31,54,56,2.9,79.0,1,0,0,0,1,Male,Yes,Yes,Placed,ME
3130,67.4,60.1,56.8,7.54,58,74,3.3,80.3,2,0,0,1,4,Male,No,No,NotPlaced,ECE
3131,57.3,50.1,54.9,5.68,63,70,2.9,73.6,1,2,2,1,11,Male,Yes,No,NotPlaced,CE
3132,70.0,66.7,63.3,6.25,55,74,2.9,77.5,0,0,0,3,3,Female,Yes,Yes,Placed,ChemE
3133,66.1,57.7,67.9,7.85,82,82,4.3,86.9,0,0,3,3,0,Male,Yes,Yes,Placed,IT
3134,91.6,81.5,75.7,8.75,80,87,4.1,90.5,0,2,3,2,18,Male,Yes,No,Placed,CS
3135,62.8,57.8,57.9,7.59,54,58,4.3,80.4,1,2,1,3,11,Male,Yes,No,Placed,ME
3136,70.3,74.1,64.6,8.07,98,73,3.2,70.4,1,3,1,1,18,Female,No,No,Placed,CE
3137,83.2,74.9,87.5,8.36,83,77,3.3,81.2,0,3,1,1,16,Female,No,Yes,Placed,ECE
3138,73.3,69.5,70.8,7.43,71,40,2.7,68.8,1,0,0,2,3,Male,Yes,No,Placed,ME
3139,75.2,75.5,68.7,7.8,81,100,4.4,97.6,0,0,7,6,3,Female,Yes,Yes,Placed,CS
3140,64.1,64.9,71.1,7.29,76,73,4.1,75.5,1,0,1,0,0,Male,Yes,Yes,NotPlaced,ECE
3141,65.3,69.0,64.8,6.62,74,68,4.1,82.9,1,0,2,2,4,Female,No,No,Placed,ECE
3142,70.4,63.2,65.3,6.13,54,64,2.7,76.4,1,0,1,0,0,Female,No,Yes,NotPlaced,CE
3143,81.0,69.4,73.3,7.8,77,64,3.9,85.7,1,1,2,0,7,Female,Yes,No,Placed,ME
3144,75.9,71.6,73.5,7.84,75,52,3.4,91.9,0,0,0,0,8,Female,Yes,Yes,Placed,EE
3145,85.1,77.6,82.8,7.75,78,65,4.4,92.5,0,1,0,1,4,Male,Yes,Yes,Placed,EE
3146,86.6,61.8,62.6,7.39,71,84,5.0,95.7,0,2,2,1,10,Male,Yes,Yes,Placed,IT
3147,78.3,85.7,65.1,7.34,99,99,3.8,97.1,0,3,1,1,24,Male,No,Yes,Placed,CS
3148,78.8,74.2,75.6,8.06,82,86,2.9,90.5,0,1,3,2,10,Female,Yes,Yes,Placed,CE
3149,81.3,81.6,79.8,7.82,85,54,3.0,71.2,0,0,1,0,2,Female,Yes,Yes,Placed,CS
3150,72.3,66.8,79.9,7.53,70,59,3.3,89.7,0,0,2,0,6,Female,No,No,Placed,ECE
3151,62.8,87.3,86.6,9.06,87,66,3.3,95.2,0,1,2,3,12,Male,Yes,Yes,Placed,ECE
3152,76.0,61.7,60.7,6.67,74,77,3.6,75.4,0,0,0,2,5,Female,Yes,Yes,Placed,ME
3153,53.4,56.3,58.7,6.6,37,61,2.8,59.3,1,0,1,0,0,Male,No,Yes,NotPlaced,EE
3154,59.4,69.5,59.2,6.61,56,57,4.0,78.0,0,0,1,0,5,Female,No,Yes,Placed,ECE
3155,74.1,71.6,81.7,8.95,77,60,4.0,85.6,0,0,1,2,4,Male,No,No,Placed,ME
3156,70.5,75.8,66.3,7.22,72,61,4.7,74.7,3,1,1,0,6,Male,No,Yes,NotPlaced,ME
3157,82.7,77.7,87.4,8.25,77,82,4.0,99.0,0,1,1,7,10,Female,Yes,Yes,Placed,CS
3158,84.7,60.6,73.3,7.73,72,76,3.7,94.0,0,0,3,2,5,Male,Yes,No,Placed,CE
3159,73.4,60.5,63.7,6.53,58,87,3.8,77.9,0,0,3,3,1,Male,Yes,Yes,Placed,ECE
3160,78.1,51.9,57.2,7.24,42,67,1.7,80.8,3,1,2,1,7,Male,No,No,NotPlaced,CS
3161,69.8,56.1,63.7,7.16,83,54,3.5,70.5,0,0,1,2,2,Female,Yes,Yes,Placed,EE
3162,64.3,84.1,65.6,7.17,57,63,3.8,81.5,1,1,2,0,8,Male,No,No,NotPlaced,EE
3163,71.2,67.1,51.2,6.34,72,60,3.2,69.6,4,0,2,0,0,Female,No,Yes,NotPlaced,ECE
3164,62.5,71.0,70.6,6.82,75,72,3.7,77.1,0,1,2,0,10,Male,Yes,Yes,NotPlaced,EE
3165,69.6,74.6,81.4,7.6,67,52,3.3,86.6,0,0,1,3,6,Male,Yes,Yes,Placed,CS
3166,80.7,72.8,88.4,8.5,95,83,3.6,96.6,0,2,2,6,12,Male,Yes,No,Placed,ECE
3167,68.6,65.2,61.9,7.35,67,100,3.1,74.0,0,2,1,2,13,Male,No,No,Placed,ECE
3168,54.6,64.7,68.1,7.02,65,63,3.2,95.5,0,1,0,0,10,Female,Yes,No,NotPlaced,CE
3169,81.6,56.5,68.4,7.45,78,70,2.9,73.3,1,1,2,1,3,Male,No,Yes,Placed,CS
3170,81.3,92.5,69.1,8.43,71,79,1.6,87.0,1,0,2,2,0,Male,Yes,Yes,NotPlaced,ECE
3171,88.1,80.3,80.1,8.24,77,77,4.5,89.5,0,1,2,3,10,Female,No,No,Placed,EE
3172,70.2,73.9,71.6,8.08,57,66,3.6,81.4,0,1,2,0,9,Male,No,No,Placed,CE
3173,73.8,78.2,79.0,7.95,79,65,4.3,81.1,0,0,1,2,0,Male,Yes,No,Placed,CS
3174,57.7,49.1,63.6,7.23,61,39,2.7,76.2,2,0,1,0,0,Male,Yes,Yes,NotPlaced,ChemE
3175,63.5,54.8,68.1,7.04,56,57,1.5,77.4,2,1,3,1,11,Female,No,No,NotPlaced,CE
3176,79.3,90.4,79.4,8.99,88,80,3.3,82.8,0,1,1,0,6,Male,No,No,Placed,ECE
3177,70.8,57.5,58.7,6.04,69,79,4.9,78.4,2,0,1,2,7,Male,No,Yes,NotPlaced,EE
3178,93.0,91.9,89.3,9.68,98,65,3.7,88.0,0,1,3,2,7,Male,No,No,Placed,ChemE
3179,63.9,67.9,66.7,6.96,82,90,3.8,73.8,1,2,3,3,15,Female,No,No,NotPlaced,IT
3180,79.9,59.7,67.8,6.41,62,66,4.4,74.8,0,1,3,1,4,Female,No,Yes,NotPlaced,ME
3181,53.9,48.1,59.4,5.05,63,34,3.7,80.1,3,0,0,0,0,Female,No,No,NotPlaced,ME
3182,65.0,87.8,68.1,7.92,69,81,5.0,77.3,0,1,4,1,4,Female,Yes,Yes,Placed,ECE
3183,57.1,63.0,72.9,6.6,41,57,3.2,75.2,1,2,1,0,15,Male,No,No,NotPlaced,ME
3184,59.6,48.7,52.5,6.41,35,37,4.5,62.0,3,0,0,0,6,Female,Yes,Yes,NotPlaced,ECE
3185,92.2,90.3,87.0,8.8,86,68,5.0,97.6,1,1,2,1,6,Female,Yes,Yes,Placed,ME
3186,50.0,45.0,52.7,5.58,40,83,4.3,80.8,0,1,0,2,10,Female,No,No,NotPlaced,EE
3187,73.0,74.3,66.4,6.62,56,53,2.8,86.2,1,1,0,1,6,Male,Yes,No,NotPlaced,ChemE
3188,68.9,64.3,60.7,7.03,66,32,3.2,77.8,0,0,1,1,0,Female,No,No,NotPlaced,CS
3189,56.4,68.2,58.8,6.97,44,59,2.6,70.0,0,1,2,1,4,Male,No,No,NotPlaced,CE
3190,87.3,83.9,73.7,8.51,74,59,4.4,85.8,0,0,0,2,0,Female,Yes,Yes,Placed,CE
3191,71.2,68.5,73.1,6.67,66,44,3.2,85.0,0,2,0,2,11,Male,Yes,Yes,NotPlaced,ME
3192,58.6,71.7,57.7,5.98,52,66,3.5,96.8,0,2,2,1,8,Male,Yes,No,Placed,ECE
3193,80.5,76.7,68.6,6.77,65,42,4.3,79.8,0,2,0,2,18,Female,Yes,No,NotPlaced,ME
3194,94.5,91.0,89.9,9.37,91,92,3.7,82.5,0,1,4,2,5,Female,Yes,No,Placed,ECE
3195,57.9,51.7,68.6,7.42,68,64,3.3,86.8,0,3,0,1,19,Female,No,Yes,NotPlaced,ME
3196,80.6,74.2,70.6,7.96,76,70,5.0,77.9,0,1,3,1,6,Female,No,Yes,Placed,ECE
3197,59.5,53.9,48.0,6.25,43,40,4.0,75.8,0,0,0,0,0,Female,Yes,No,NotPlaced,CE
3198,72.0,84.3,65.2,7.59,70,57,3.5,75.8,1,0,2,1,4,Female,Yes,No,Placed,ECE
3199,71.2,61.9,73.1,8.21,82,71,3.8,80.4,0,2,1,3,11,Female,Yes,Yes,Placed,IT
3200,66.6,60.2,67.8,7.46,69,44,2.0,100.0,0,0,0,2,1,Male,Yes,No,Placed,CE
3201,90.1,90.8,74.6,8.04,92,92,3.3,87.9,1,1,2,2,7,Male,Yes,Yes,Placed,ME
3202,67.5,54.3,51.8,6.69,62,39,3.1,87.3,1,1,0,0,6,Male,Yes,No,NotPlaced,CE
3203,63.8,71.3,70.5,8.39,66,56,4.3,92.9,0,0,3,1,2,Male,Yes,No,Placed,CE
3204,50.7,77.4,60.4,7.19,61,66,4.1,77.8,0,4,3,2,26,Male,No,Yes,Placed,IT
3205,59.6,74.2,80.9,7.85,71,52,3.0,75.2,2,2,2,1,12,Male,No,Yes,NotPlaced,ChemE
3206,48.4,62.0,55.1,5.96,55,52,3.2,60.1,1,1,0,0,7,Female,No,Yes,NotPlaced,EE
3207,67.8,77.2,73.7,7.83,79,79,2.5,78.4,1,1,1,0,9,Male,No,No,NotPlaced,ECE
3208,81.3,84.6,87.8,8.11,97,75,2.7,86.5,0,3,1,3,10,Female,No,Yes,NotPlaced,EE
3209,64.6,63.1,59.2,6.08,63,77,3.4,76.9,0,1,1,0,8,Female,No,No,Placed,ChemE
3210,66.5,71.4,63.9,7.49,51,62,3.6,76.0,1,1,2,1,5,Female,No,No,NotPlaced,ME
3211,61.2,51.8,59.2,6.77,52,62,3.7,63.2,4,0,1,1,3,Female,No,Yes,NotPlaced,ME
3212,87.7,91.7,79.7,8.83,78,73,4.1,94.2,0,2,3,3,11,Male,Yes,Yes,Placed,IT
3213,61.5,67.7,70.1,7.52,73,80,3.4,91.7,0,2,3,1,9,Male,Yes,No,Placed,CS
3214,74.6,78.3,74.4,6.99,61,72,4.1,89.4,0,0,1,3,3,Female,No,Yes,Placed,ME
3215,79.5,79.5,79.9,7.84,72,63,3.3,94.9,0,2,4,2,20,Female,No,Yes,Placed,ECE
3216,55.7,57.9,60.0,7.49,51,49,2.8,59.6,0,0,0,0,5,Female,No,Yes,NotPlaced,ChemE
3217,91.3,90.5,89.0,8.64,88,62,5.0,87.1,0,0,6,3,1,Male,Yes,Yes,Placed,IT
3218,73.5,69.6,69.6,7.19,74,53,3.3,98.0,0,0,1,1,4,Male,No,Yes,NotPlaced,ME
3219,83.6,68.8,95.1,9.15,93,73,3.4,84.9,0,1,3,0,7,Male,Yes,Yes,Placed,CS
3220,46.4,60.8,65.3,6.61,58,81,5.0,87.2,2,0,2,2,4,Male,Yes,No,Placed,ECE
3221,75.8,56.4,67.4,6.88,67,74,3.3,87.2,1,0,5,2,5,Female,Yes,Yes,Placed,CS
3222,76.6,77.2,69.0,8.02,56,66,3.3,83.8,0,1,3,3,5,Male,No,No,Placed,CS
3223,85.7,80.5,74.8,8.31,98,89,3.9,83.0,0,3,4,3,22,Female,No,Yes,Placed,IT
3224,45.0,70.7,65.5,7.0,64,67,2.7,76.6,1,0,3,1,4,Male,No,No,NotPlaced,ME
3225,70.6,67.1,62.7,6.63,83,60,3.9,84.4,1,2,6,3,17,Male,Yes,No,Placed,ECE
3226,58.0,55.9,73.6,6.29,68,60,4.4,63.0,0,0,0,1,0,Female,No,Yes,NotPlaced,ChemE
3227,93.5,74.4,70.9,8.55,79,72,3.3,89.3,0,1,2,2,7,Male,Yes,No,Placed,IT
3228,57.2,78.9,56.6,7.27,43,46,2.4,83.3,1,0,2,2,2,Female,No,No,NotPlaced,ECE
3229,87.7,99.0,79.2,7.83,74,60,4.2,64.1,1,0,0,0,0,Female,No,Yes,NotPlaced,EE
3230,75.0,81.6,64.5,6.96,87,80,3.2,77.6,3,2,1,1,9,Male,Yes,Yes,Placed,IT
3231,67.4,50.9,63.3,6.85,56,33,2.8,81.2,0,0,0,1,4,Male,No,No,NotPlaced,CE
3232,74.7,52.9,59.4,6.63,60,61,1.6,67.8,1,0,0,0,6,Male,No,No,NotPlaced,ECE
3233,73.9,71.1,77.6,7.64,88,80,2.6,75.1,0,0,3,2,0,Male,Yes,No,Placed,CS
3234,65.3,75.0,71.3,7.58,69,66,1.7,79.0,1,0,0,1,5,Male,Yes,Yes,NotPlaced,CS
3235,82.6,91.0,68.6,7.91,86,69,4.1,67.3,2,0,2,1,2,Female,Yes,Yes,Placed,ME
3236,64.7,76.8,67.1,7.5,60,62,3.4,78.0,1,0,1,2,1,Male,Yes,No,NotPlaced,CE
3237,56.0,64.7,62.3,6.27,53,25,3.5,78.5,0,0,0,0,0,Male,No,No,NotPlaced,ChemE
3238,56.7,48.5,53.8,6.69,44,65,2.6,73.4,2,0,3,1,6,Male,No,Yes,NotPlaced,ChemE
3239,58.4,59.9,65.2,6.47,48,61,2.8,76.6,1,0,0,0,4,Male,Yes,No,NotPlaced,IT
3240,94.1,79.8,80.1,8.88,83,69,3.4,85.3,1,2,3,1,16,Male,Yes,No,Placed,CS
3241,71.4,70.2,61.7,5.84,70,52,3.3,73.3,0,0,3,0,4,Female,No,No,Placed,EE
3242,68.7,67.0,61.1,7.31,67,57,4.3,92.5,2,1,2,1,15,Female,Yes,No,NotPlaced,CS
3243,67.2,75.9,77.6,8.31,64,51,3.2,70.5,1,0,1,2,8,Female,No,No,Placed,EE
3244,73.3,70.9,62.9,7.21,61,35,2.5,76.2,0,0,0,1,3,Female,No,No,NotPlaced,EE
3245,82.9,73.1,80.3,6.57,79,66,3.1,73.0,0,0,2,0,0,Female,No,No,Placed,ME
3246,74.9,67.7,65.3,7.07,76,60,4.1,87.8,1,0,2,5,1,Female,No,No,NotPlaced,ECE
3247,64.6,70.5,69.8,7.48,65,46,3.4,86.8,0,0,1,0,0,Male,Yes,Yes,NotPlaced,ECE
3248,57.5,65.0,68.1,7.6,68,62,3.7,85.1,1,0,0,2,0,Female,Yes,Yes,Placed,IT
3249,69.6,64.1,68.2,7.31,81,80,4.0,90.6,0,4,5,4,26,Female,Yes,Yes,Placed,CS
3250,68.5,70.7,64.3,7.25,53,48,2.9,85.0,0,1,0,0,5,Male,No,No,NotPlaced,CE
3251,74.2,88.7,73.3,8.15,80,69,4.5,86.8,0,1,3,3,10,Male,No,Yes,Placed,CS
3252,85.8,78.3,85.4,7.89,70,75,3.5,90.7,0,2,3,2,12,Male,No,Yes,Placed,CS
3253,80.9,75.0,75.2,8.25,79,68,3.6,92.1,0,2,1,1,12,Male,Yes,No,Placed,ME
3254,62.0,63.3,55.9,6.58,65,58,2.2,75.8,2,1,1,0,5,Male,No,No,NotPlaced,ChemE
3255,75.2,70.9,69.6,7.22,66,53,3.3,80.8,2,1,1,0,9,Female,Yes,Yes,NotPlaced,CE
3256,54.2,70.9,66.8,6.3,61,67,2.4,92.4,1,2,1,5,13,Male,Yes,No,Placed,ME
3257,66.6,68.9,69.0,6.52,71,55,2.5,86.5,0,0,2,0,0,Male,Yes,No,NotPlaced,CE
3258,60.2,70.1,65.4,7.14,61,44,3.4,79.9,1,1,0,0,5,Female,No,Yes,NotPlaced,ECE
3259,79.3,88.7,66.2,7.62,80,80,3.3,92.4,0,4,4,3,26,Female,No,Yes,Placed,ECE
3260,49.5,63.9,59.1,6.06,52,49,3.2,83.8,3,0,1,1,0,Female,No,No,NotPlaced,IT
3261,86.4,83.8,85.3,8.97,93,78,3.1,86.2,0,0,4,3,3,Male,No,Yes,Placed,CS
3262,63.2,70.3,58.5,6.75,67,55,4.2,81.5,1,1,3,2,6,Male,Yes,Yes,Placed,IT
3263,74.7,59.5,68.7,7.14,57,70,2.6,84.2,0,0,2,1,1,Male,Yes,No,Placed,ChemE
3264,53.4,57.7,65.7,5.83,56,48,3.0,60.3,0,0,0,0,2,Male,No,No,NotPlaced,CE
3265,76.3,77.7,73.6,7.7,54,81,3.4,90.0,0,1,0,2,11,Male,No,No,Placed,CE
3266,56.2,73.6,70.7,6.92,66,62,3.0,75.6,0,2,2,1,7,Female,No,No,Placed,ChemE
3267,57.6,56.0,65.7,7.62,54,63,4.4,72.0,0,0,0,4,5,Male,Yes,Yes,NotPlaced,CS
3268,60.8,58.7,48.2,6.08,62,72,3.2,75.0,0,0,6,1,5,Male,Yes,Yes,NotPlaced,IT
3269,75.0,63.7,69.3,6.34,61,65,3.5,79.6,1,0,3,3,4,Female,Yes,No,Placed,CE
3270,56.4,59.0,49.9,5.91,50,51,3.3,80.8,0,2,1,0,11,Male,No,Yes,NotPlaced,ME
3271,76.6,79.5,94.5,9.22,84,68,4.2,100.0,0,3,3,3,17,Female,Yes,Yes,Placed,ME
3272,51.8,59.6,59.5,6.36,48,45,2.2,75.0,2,0,0,1,6,Male,No,No,NotPlaced,ECE
3273,55.2,45.0,62.8,6.31,61,68,3.4,98.7,1,0,0,2,1,Male,No,No,NotPlaced,IT
3274,93.4,87.4,79.3,8.87,73,86,4.4,93.2,0,1,4,4,3,Male,Yes,Yes,Placed,IT
3275,70.3,75.7,65.5,7.08,60,44,3.0,82.2,1,0,0,0,1,Female,No,Yes,NotPlaced,EE
3276,67.0,65.5,75.9,6.94,64,59,3.0,78.7,0,0,0,2,5,Male,Yes,Yes,Placed,ME
3277,74.6,63.8,66.6,7.88,76,92,4.2,79.6,0,1,3,4,14,Female,Yes,No,NotPlaced,CS
3278,67.9,52.6,52.5,5.0,57,74,2.9,78.0,3,0,1,1,3,Male,Yes,No,Placed,ME
3279,80.8,77.3,78.8,8.35,64,57,3.8,98.6,0,3,0,1,10,Female,Yes,Yes,Placed,CS
3280,77.8,76.4,74.5,8.0,61,46,3.6,79.3,0,0,0,0,1,Male,No,No,Placed,ChemE
3281,72.4,74.4,69.5,7.95,83,67,1.7,79.1,1,1,0,3,6,Male,Yes,No,NotPlaced,ECE
3282,82.8,68.7,75.7,8.18,58,80,3.4,78.2,1,1,2,0,4,Male,Yes,No,Placed,ME
3283,58.6,72.9,62.6,6.09,55,59,3.4,87.1,0,0,2,0,0,Female,No,Yes,NotPlaced,EE
3284,83.3,70.1,81.7,7.6,75,69,4.1,83.6,0,2,6,3,16,Male,Yes,No,Placed,ECE
3285,67.2,63.7,54.1,6.1,59,70,3.5,69.9,0,1,1,0,7,Female,No,Yes,NotPlaced,EE
3286,65.3,50.7,55.2,6.43,66,84,3.7,88.5,0,1,4,0,13,Female,No,No,NotPlaced,CS
3287,61.9,61.2,48.0,6.82,62,71,2.9,92.3,0,1,4,3,6,Female,Yes,Yes,Placed,CE
3288,55.9,67.2,70.3,6.58,66,82,3.0,89.8,0,1,2,3,5,Male,No,No,Placed,EE
3289,63.5,63.6,54.6,6.66,54,64,4.6,74.0,0,0,1,0,2,Female,Yes,Yes,NotPlaced,ECE
3290,75.2,76.8,79.9,7.8,89,67,3.5,96.7,0,4,3,3,26,Male,Yes,No,Placed,ECE
3291,59.7,58.8,63.4,6.27,70,76,3.8,72.9,0,0,2,1,3,Male,Yes,Yes,NotPlaced,ChemE
3292,70.1,66.5,73.8,6.55,68,61,2.8,90.0,0,0,0,1,5,Female,No,No,NotPlaced,IT
3293,73.8,62.7,62.5,6.95,73,80,4.9,74.0,0,0,1,1,0,Female,Yes,Yes,Placed,ECE
3294,60.3,64.9,64.4,7.2,53,61,4.5,77.5,1,1,1,2,8,Male,No,Yes,NotPlaced,CS
3295,62.0,84.7,77.4,8.01,70,66,3.3,82.7,1,1,3,3,6,Male,Yes,No,Placed,ME
3296,57.7,64.9,62.4,6.88,51,55,1.9,85.7,2,0,2,1,1,Female,No,Yes,NotPlaced,EE
3297,83.5,73.7,63.4,7.73,77,58,3.0,85.3,1,0,0,2,0,Male,No,Yes,Placed,CE
3298,72.4,74.6,57.4,7.36,61,71,2.3,87.5,0,0,0,4,3,Female,Yes,No,NotPlaced,ECE
3299,64.0,65.4,75.6,7.37,57,63,2.6,64.1,0,0,3,0,4,Female,No,Yes,NotPlaced,ECE
3300,67.0,45.0,51.4,5.0,74,55,3.8,65.7,4,0,0,0,2,Female,Yes,Yes,Placed,ME
3301,56.7,55.3,53.4,6.95,49,48,2.8,72.7,2,0,1,0,3,Male,No,No,NotPlaced,ME
3302,86.9,74.7,79.9,7.11,64,88,4.3,99.2,0,2,4,4,18,Female,Yes,Yes,Placed,EE
3303,59.8,70.7,58.8,5.83,56,44,3.7,75.9,0,0,1,1,8,Male,Yes,Yes,Placed,CS
3304,82.3,68.9,81.3,8.66,66,69,3.4,88.0,0,2,4,4,9,Male,No,Yes,Placed,ECE
3305,86.0,87.3,85.6,8.28,70,58,3.5,86.8,0,0,3,1,0,Male,Yes,No,NotPlaced,EE
3306,69.8,57.8,48.0,7.1,67,65,4.6,78.3,2,0,4,0,3,Male,No,No,NotPlaced,CE
3307,78.6,77.5,87.1,8.07,95,61,2.9,79.8,0,1,1,2,6,Male,Yes,Yes,Placed,CS
3308,71.0,49.3,65.6,6.66,64,51,3.6,70.7,1,0,1,0,3,Male,No,Yes,NotPlaced,CE
3309,73.5,71.9,73.0,7.93,84,73,4.1,85.4,1,3,3,3,13,Female,No,Yes,Placed,IT
3310,70.9,76.2,74.4,7.6,76,52,5.0,74.3,0,0,0,0,6,Female,No,Yes,Placed,CE
3311,68.4,75.7,70.0,6.64,57,44,3.1,83.2,1,1,2,1,8,Male,Yes,No,NotPlaced,EE
3312,73.6,45.0,59.8,6.59,56,87,3.6,86.8,0,1,3,0,6,Male,Yes,No,Placed,ECE
3313,67.6,72.0,71.5,7.74,66,78,4.2,81.9,0,0,0,2,0,Female,No,Yes,Placed,CS
3314,77.7,58.4,58.8,6.95,75,73,3.9,70.3,2,0,1,0,1,Male,No,No,NotPlaced,CE
3315,87.0,71.9,87.8,8.13,61,54,4.8,86.0,0,0,1,1,0,Male,Yes,No,Placed,ME
3316,62.2,62.3,59.1,5.65,54,51,2.4,75.8,3,0,3,1,0,Female,No,Yes,NotPlaced,IT
3317,62.4,82.6,69.1,6.45,62,54,2.6,83.7,0,0,0,1,0,Female,No,No,NotPlaced,ME
3318,80.9,65.8,62.0,7.16,74,71,4.1,84.8,2,0,2,2,8,Female,No,Yes,Placed,IT
3319,57.2,69.9,71.6,7.29,85,100,4.2,75.3,0,3,5,3,14,Female,No,Yes,Placed,IT
3320,72.3,51.8,69.8,6.82,57,25,3.8,83.1,1,0,0,0,3,Male,Yes,Yes,NotPlaced,EE
3321,60.7,67.7,58.7,6.98,81,65,3.2,83.4,1,0,2,2,0,Male,No,No,NotPlaced,CE
3322,79.7,62.7,64.5,7.67,76,84,3.7,93.4,0,0,0,1,0,Male,No,Yes,NotPlaced,CE
3323,64.0,84.9,67.5,8.25,87,78,2.0,79.5,1,1,2,1,6,Female,No,No,NotPlaced,ECE
3324,63.3,68.7,58.9,7.08,70,78,4.1,73.4,0,0,6,0,0,Female,Yes,Yes,Placed,CE
3325,69.4,61.3,56.0,6.42,71,42,3.8,66.1,1,0,0,1,1,Female,No,No,NotPlaced,CE
3326,99.0,93.1,96.0,10.0,85,68,5.0,100.0,0,2,5,3,11,Female,Yes,Yes,Placed,ME
3327,58.1,62.8,52.6,6.51,68,53,4.3,85.0,3,0,0,1,2,Female,No,No,NotPlaced,ECE
3328,75.6,82.0,66.0,8.22,78,72,3.8,87.1,0,2,1,1,12,Female,No,Yes,Placed,ECE
3329,68.6,49.3,55.1,6.82,65,50,3.7,64.9,0,0,1,0,0,Male,Yes,No,NotPlaced,EE
3330,79.9,69.4,69.7,7.29,74,77,2.7,72.3,2,0,0,1,0,Male,Yes,No,NotPlaced,EE
3331,66.0,66.3,68.3,7.66,84,82,3.5,84.5,0,2,1,2,13,Female,Yes,No,Placed,ECE
3332,65.7,69.7,62.4,6.6,63,52,3.7,71.3,0,0,0,1,0,Female,No,No,NotPlaced,CE
3333,58.3,76.5,62.0,7.33,60,51,3.9,84.1,0,0,0,0,0,Male,Yes,Yes,Placed,CE
3334,80.6,65.9,78.8,7.82,91,87,5.0,72.8,1,2,8,2,11,Female,No,Yes,Placed,ECE
3335,67.4,66.1,62.4,6.38,43,38,3.7,74.0,1,0,0,0,0,Male,No,Yes,NotPlaced,IT
3336,68.3,67.6,70.2,7.03,48,57,3.4,76.5,2,0,2,3,5,Female,Yes,Yes,Placed,CE
3337,54.1,53.9,59.6,6.08,39,71,4.3,75.7,2,1,1,0,10,Female,No,Yes,NotPlaced,CS
3338,77.8,68.5,52.6,6.36,67,39,3.9,70.1,2,0,0,0,6,Male,Yes,No,NotPlaced,CE
3339,46.3,55.8,53.6,5.97,52,50,2.1,64.5,3,0,1,0,2,Male,Yes,No,NotPlaced,ECE
3340,75.7,52.4,72.4,7.23,65,53,3.1,86.3,0,0,0,1,5,Female,Yes,No,NotPlaced,ME
3341,90.9,61.3,96.0,9.47,78,69,3.6,84.5,0,1,2,0,9,Female,No,Yes,Placed,CS
3342,66.2,50.2,58.7,7.2,62,62,3.4,79.1,1,0,2,0,0,Female,No,No,NotPlaced,EE
3343,76.7,77.0,79.0,8.38,66,48,2.7,87.3,0,4,3,2,21,Female,Yes,Yes,Placed,CS
3344,77.5,78.5,70.7,7.43,78,67,5.0,65.8,0,0,1,2,2,Female,No,No,Placed,IT
3345,79.8,80.9,82.2,8.19,65,87,2.6,98.3,0,4,4,4,25,Male,Yes,Yes,Placed,CS
3346,72.1,68.7,64.2,6.73,45,53,4.0,76.4,0,0,2,1,0,Female,No,No,NotPlaced,ECE
3347,67.5,68.1,88.1,8.98,70,85,3.5,90.2,0,1,4,2,5,Male,Yes,No,Placed,ME
3348,91.4,74.3,75.6,8.43,66,59,2.9,82.3,0,1,0,1,4,Male,Yes,Yes,Placed,CE
3349,73.0,64.1,60.4,6.57,74,66,3.8,66.9,0,0,0,1,2,Female,No,Yes,Placed,ECE
3350,53.2,63.1,48.0,5.0,69,49,2.7,62.4,2,0,0,0,5,Male,No,Yes,NotPlaced,EE
3351,57.4,57.8,51.3,5.43,54,31,3.4,70.6,0,0,0,0,0,Male,Yes,Yes,NotPlaced,CE
3352,81.4,53.5,65.1,7.31,35,45,3.3,87.3,1,0,0,1,1,Male,Yes,Yes,NotPlaced,EE
3353,65.3,66.1,65.9,6.93,85,70,4.1,85.4,0,2,3,1,12,Male,Yes,Yes,Placed,ME
3354,48.9,58.2,52.1,6.04,45,51,3.3,67.6,0,1,1,0,5,Male,No,No,NotPlaced,ME
3355,68.8,59.8,66.1,6.81,46,66,4.1,70.3,0,2,0,1,12,Female,No,No,Placed,ChemE
3356,74.5,56.0,71.1,7.06,78,49,4.2,80.8,0,1,0,3,10,Male,No,No,NotPlaced,ECE
3357,70.3,82.7,75.9,8.37,78,96,3.5,85.6,0,1,3,4,5,Male,Yes,Yes,Placed,EE
3358,93.1,87.1,88.6,9.28,78,79,2.3,99.7,0,1,4,3,6,Male,No,No,Placed,IT
3359,68.6,62.6,58.2,7.05,62,80,4.3,68.2,1,1,1,3,6,Male,Yes,Yes,Placed,ECE
3360,66.7,65.0,74.0,7.77,69,67,3.8,77.8,0,0,1,3,6,Female,Yes,No,Placed,IT
3361,87.0,90.4,84.4,8.34,88,79,3.7,97.7,0,3,0,1,18,Male,No,Yes,Placed,CS
3362,92.0,74.5,95.0,10.0,94,89,3.9,99.5,1,0,1,4,0,Male,No,Yes,Placed,IT
3363,72.6,58.9,63.1,7.11,65,73,4.7,81.6,1,1,0,1,9,Female,No,Yes,NotPlaced,IT
3364,83.4,73.4,73.4,8.1,62,70,2.7,82.4,0,1,3,1,8,Male,Yes,Yes,NotPlaced,CS
3365,71.3,66.6,59.1,7.24,59,58,3.4,69.4,2,0,4,0,0,Male,Yes,Yes,NotPlaced,CE
3366,89.9,71.2,83.1,8.4,88,91,5.0,86.8,0,3,1,1,15,Female,No,Yes,Placed,CS
3367,71.7,64.4,68.8,7.15,65,73,3.4,83.7,1,1,2,1,7,Female,No,No,Placed,ECE
3368,67.7,64.8,69.4,6.58,61,61,4.0,72.1,0,1,0,0,4,Male,Yes,Yes,Placed,ME
3369,70.9,69.6,55.0,6.9,67,60,4.1,78.3,0,1,2,1,4,Female,Yes,Yes,Placed,CS
3370,77.2,63.8,72.7,8.05,71,54,2.5,70.4,0,0,1,0,0,Male,No,Yes,NotPlaced,ChemE
3371,74.2,65.1,67.5,6.99,71,60,3.8,79.2,0,1,1,2,6,Male,Yes,Yes,Placed,CS
3372,79.3,74.9,82.0,8.96,91,84,3.3,91.5,0,2,1,0,14,Male,No,No,Placed,CE
3373,74.2,80.6,72.7,7.37,68,67,4.1,81.9,0,0,2,0,4,Female,No,No,Placed,ChemE
3374,87.9,79.2,69.4,7.32,87,80,2.9,72.9,1,3,0,0,21,Female,Yes,No,NotPlaced,CS
3375,81.0,78.7,75.2,7.42,67,68,4.0,92.4,0,2,1,1,14,Female,Yes,No,Placed,EE
3376,69.4,59.7,65.4,7.32,62,72,4.1,85.4,0,3,3,1,12,Female,No,No,NotPlaced,EE
3377,78.4,63.7,67.1,6.26,85,84,3.5,79.5,3,1,2,0,6,Male,Yes,Yes,NotPlaced,CS
3378,57.1,61.9,59.9,6.98,55,74,3.4,73.2,1,0,1,0,0,Female,No,Yes,NotPlaced,EE
3379,69.3,59.8,63.0,7.07,55,52,2.5,58.5,0,0,5,0,0,Female,No,Yes,Placed,ME
3380,88.7,65.7,64.9,7.54,54,49,3.1,90.3,0,0,0,0,0,Male,Yes,No,NotPlaced,EE
3381,74.6,69.9,65.6,6.83,68,74,3.6,98.1,0,2,3,5,12,Female,No,Yes,Placed,CS
3382,79.3,54.5,72.4,6.7,52,35,3.4,88.0,0,0,0,2,2,Female,No,No,NotPlaced,EE
3383,74.9,72.1,69.7,8.25,74,63,3.5,85.4,0,3,1,0,19,Male,Yes,Yes,Placed,ChemE
3384,67.0,75.4,67.7,6.56,84,84,3.5,92.0,0,1,3,0,4,Male,Yes,No,Placed,CS
3385,85.9,77.0,78.8,7.93,72,52,3.4,90.1,0,1,2,3,11,Female,Yes,No,Placed,IT
3386,58.9,62.0,80.2,7.91,78,75,2.0,74.7,0,2,0,2,13,Male,No,No,NotPlaced,CE
3387,74.8,75.4,69.1,6.69,77,64,4.2,75.9,0,2,0,2,8,Male,No,Yes,Placed,IT
3388,73.9,59.0,56.5,6.53,54,60,2.5,85.2,0,0,1,1,8,Male,No,No,NotPlaced,EE
3389,82.7,83.9,79.3,7.44,64,62,5.0,78.6,1,0,1,0,3,Female,No,No,NotPlaced,EE
3390,55.9,73.4,64.0,6.78,68,68,2.0,75.0,4,1,0,2,11,Female,Yes,Yes,Placed,CS
3391,56.6,61.2,64.6,6.91,46,60,3.7,81.8,0,0,4,1,1,Male,Yes,Yes,Placed,EE
3392,69.3,62.0,70.0,7.48,72,71,3.8,77.3,0,2,2,1,14,Male,No,Yes,NotPlaced,ECE
3393,75.9,63.6,66.8,7.26,75,71,3.8,73.8,1,2,8,0,10,Male,Yes,Yes,Placed,CE
3394,59.3,72.8,50.1,5.04,58,38,3.2,74.3,2,1,0,0,8,Male,Yes,No,NotPlaced,CE
3395,66.6,45.8,67.4,6.46,73,66,3.4,72.2,1,1,2,1,3,Female,Yes,Yes,Placed,ME
3396,81.5,60.4,78.9,8.0,77,88,2.7,89.0,0,0,2,2,6,Male,No,Yes,Placed,IT
3397,58.8,60.9,51.8,5.67,52,42,2.8,78.7,1,0,0,1,2,Male,Yes,Yes,NotPlaced,EE
3398,63.8,69.2,62.1,6.14,56,41,3.6,95.4,1,0,2,0,5,Male,No,No,NotPlaced,EE
3399,68.7,64.9,55.4,6.43,73,72,3.5,79.1,0,1,2,1,3,Female,Yes,No,Placed,IT
3400,63.1,49.6,65.1,7.3,50,64,4.4,87.2,1,2,0,1,13,Male,Yes,Yes,Placed,ME
3401,69.6,66.6,59.4,6.74,61,75,3.8,86.5,0,0,4,1,3,Female,No,Yes,NotPlaced,CS
3402,64.2,60.4,67.6,6.78,68,60,4.4,85.7,1,1,1,0,4,Male,Yes,No,Placed,EE
3403,87.5,82.2,88.8,8.75,81,71,4.0,74.2,0,0,2,1,2,Male,No,No,Placed,ME
3404,61.4,58.0,48.3,5.69,62,62,2.7,76.1,1,2,0,0,14,Female,No,Yes,NotPlaced,EE
3405,58.3,61.5,62.8,5.91,57,57,2.9,87.8,2,0,0,0,1,Female,Yes,Yes,NotPlaced,EE
3406,70.9,58.4,63.7,6.84,69,72,4.2,90.7,0,0,1,3,2,Male,No,Yes,NotPlaced,CS
3407,89.4,86.9,75.2,7.56,77,73,2.5,78.1,1,1,5,2,9,Female,Yes,No,Placed,ME
3408,63.5,75.4,63.3,7.1,69,61,2.7,90.6,0,1,2,2,5,Male,Yes,Yes,NotPlaced,IT
3409,78.3,61.5,69.5,7.77,72,61,3.0,95.7,0,1,4,1,4,Male,Yes,No,NotPlaced,ChemE
3410,84.6,71.1,84.9,8.93,93,98,3.1,84.3,0,0,4,4,0,Male,Yes,No,Placed,ECE
3411,64.1,56.9,49.0,5.99,45,68,3.2,68.5,2,2,1,1,15,Female,Yes,No,NotPlaced,ME
3412,74.1,65.3,54.7,6.62,53,55,3.0,87.4,0,3,1,0,15,Female,Yes,Yes,NotPlaced,ChemE
3413,56.9,60.6,54.0,6.5,56,51,4.1,70.5,1,0,1,1,2,Female,No,Yes,NotPlaced,CE
3414,76.1,49.6,65.1,6.32,78,68,3.3,75.8,2,1,1,1,6,Male,No,Yes,NotPlaced,ECE
3415,45.0,45.0,63.9,6.37,57,44,2.6,67.7,3,0,0,0,5,Female,No,Yes,NotPlaced,EE
3416,81.7,62.3,70.2,8.06,66,82,4.8,81.6,0,2,2,3,18,Female,Yes,Yes,Placed,CS
3417,71.3,88.9,68.3,7.87,76,69,3.0,73.4,0,2,2,3,12,Female,No,Yes,NotPlaced,ChemE
3418,85.1,85.4,85.2,8.59,85,67,4.1,95.8,0,2,0,2,13,Male,Yes,Yes,Placed,CS
3419,57.2,73.0,58.7,5.93,55,57,4.0,90.5,0,0,2,1,4,Female,Yes,Yes,NotPlaced,ME
3420,78.0,63.2,68.1,7.16,63,61,3.4,75.1,0,1,0,0,10,Male,Yes,No,NotPlaced,ChemE
3421,79.3,73.0,74.6,7.57,76,85,2.0,88.2,0,1,3,1,14,Male,Yes,No,Placed,CS
3422,65.7,54.1,58.5,6.86,70,72,3.7,88.9,0,0,1,1,2,Male,Yes,Yes,Placed,CS
3423,87.4,71.1,74.1,7.59,79,60,3.5,84.3,0,0,0,0,1,Male,No,Yes,NotPlaced,ECE
3424,62.8,49.1,56.0,5.74,35,60,4.5,61.1,2,0,3,0,3,Female,Yes,Yes,NotPlaced,EE
3425,68.5,49.4,69.7,8.08,82,66,2.9,74.0,0,0,1,1,6,Male,No,Yes,NotPlaced,CS
3426,52.2,49.7,55.8,6.26,65,46,3.4,69.6,4,0,0,0,2,Female,No,Yes,NotPlaced,ChemE
3427,58.8,57.8,60.5,6.98,56,87,2.9,89.6,0,1,2,2,4,Male,No,No,NotPlaced,CE
3428,89.2,78.7,76.4,8.34,80,77,2.9,76.5,0,0,1,2,4,Female,No,No,Placed,IT
3429,76.7,71.4,78.2,7.55,65,91,3.6,81.3,0,1,2,1,4,Male,No,Yes,Placed,IT
3430,75.9,75.3,84.8,8.21,57,78,4.0,76.5,0,1,2,0,6,Female,Yes,No,Placed,ME
3431,70.4,51.3,65.6,7.18,71,58,3.9,74.1,0,1,0,0,3,Male,Yes,Yes,NotPlaced,ChemE
3432,56.6,59.8,73.1,6.73,78,58,5.0,85.1,1,1,0,0,12,Female,Yes,Yes,Placed,CS
3433,77.6,86.0,73.5,8.64,78,76,3.5,73.6,1,0,2,2,6,Male,No,Yes,Placed,IT
3434,51.4,47.9,56.5,5.57,66,63,2.7,79.4,0,1,2,1,10,Female,No,Yes,NotPlaced,ECE
3435,68.2,64.7,55.4,6.44,47,51,4.0,83.0,1,0,0,1,2,Female,Yes,No,NotPlaced,ChemE
3436,55.3,62.4,56.1,5.92,53,66,3.6,78.0,2,0,2,1,7,Female,No,No,NotPlaced,IT
3437,94.0,87.0,89.9,8.89,80,75,4.9,93.2,0,1,4,5,6,Male,Yes,Yes,Placed,CS
3438,84.2,73.1,68.3,7.23,67,75,3.4,81.8,0,0,3,0,2,Male,Yes,No,Placed,EE
3439,69.8,76.8,87.0,8.19,89,96,4.6,58.7,1,0,1,1,4,Male,Yes,Yes,Placed,CS
3440,74.9,67.6,76.0,8.14,82,79,3.3,80.2,0,0,0,1,7,Male,Yes,No,Placed,IT
3441,77.0,65.9,63.5,6.83,64,80,3.5,93.8,0,4,2,3,31,Male,Yes,No,Placed,CS
3442,83.9,75.3,75.6,9.26,66,89,3.7,98.3,0,1,4,6,4,Male,Yes,Yes,Placed,IT
3443,63.6,82.7,72.1,7.7,84,80,4.3,81.2,0,3,1,5,17,Male,No,Yes,Placed,CE
3444,89.3,82.8,91.0,9.14,87,95,3.9,91.7,1,1,4,2,7,Female,Yes,Yes,Placed,CS
3445,52.4,59.6,50.3,5.61,58,72,2.8,85.5,0,1,2,0,5,Male,Yes,Yes,NotPlaced,ME
3446,71.1,85.3,66.8,8.02,60,58,3.2,79.5,1,0,1,1,0,Male,Yes,No,Placed,ChemE
3447,83.9,59.3,54.9,7.76,58,57,3.5,84.2,1,0,0,2,2,Female,No,No,NotPlaced,EE
3448,72.8,82.0,77.4,7.45,76,64,2.4,83.6,0,0,1,2,0,Male,No,No,NotPlaced,CE
3449,78.8,73.6,70.8,7.84,83,76,4.1,97.3,0,3,6,3,24,Male,No,Yes,Placed,CS
3450,78.4,80.9,75.2,7.98,100,100,5.0,89.8,0,4,5,1,21,Female,Yes,Yes,Placed,IT
3451,55.0,48.5,51.6,5.02,46,49,3.4,69.0,1,0,1,0,0,Male,No,Yes,NotPlaced,ECE
3452,81.0,85.0,69.5,7.92,84,62,3.1,85.2,0,1,1,2,5,Female,Yes,Yes,Placed,EE
3453,76.1,70.0,58.4,7.12,73,64,3.2,87.5,1,1,1,0,7,Female,No,No,Placed,CS
3454,70.1,71.3,73.9,7.8,76,59,4.4,79.4,0,1,3,3,7,Female,No,No,NotPlaced,CE
3455,63.0,55.6,53.4,6.18,52,65,4.5,70.8,1,1,0,3,7,Female,No,Yes,Placed,EE
3456,83.5,71.4,79.1,8.6,94,85,3.9,93.6,0,1,7,4,6,Male,Yes,Yes,Placed,ChemE
3457,45.0,45.0,48.0,5.61,49,58,3.0,70.6,1,0,2,1,1,Male,Yes,No,NotPlaced,ECE
3458,56.3,70.3,52.7,5.97,74,54,2.5,59.9,1,0,0,0,3,Female,No,No,NotPlaced,ECE
3459,92.7,93.9,75.2,9.13,84,72,4.9,94.1,0,1,1,3,10,Male,Yes,Yes,Placed,CE
3460,79.9,77.2,81.3,9.25,73,57,3.7,79.9,0,1,1,0,12,Female,Yes,No,Placed,EE
3461,99.0,73.9,86.9,8.07,93,90,1.7,76.3,2,0,2,0,1,Male,No,Yes,Placed,CS
3462,70.0,67.7,64.3,6.51,63,76,3.6,71.9,2,1,1,1,7,Male,No,Yes,NotPlaced,ME
3463,70.0,67.6,63.4,7.03,59,67,3.2,80.0,0,0,0,1,2,Male,Yes,Yes,NotPlaced,CS
3464,85.3,56.6,78.5,7.96,58,65,4.2,88.6,0,0,2,2,0,Female,Yes,No,NotPlaced,ME
3465,80.9,96.5,69.5,8.11,60,50,4.0,85.7,0,0,0,0,4,Male,No,Yes,NotPlaced,ME
3466,75.1,72.0,75.0,8.09,58,80,3.8,97.2,0,2,0,4,12,Female,Yes,No,Placed,CS
3467,61.3,83.2,66.0,7.42,63,57,4.8,70.3,2,0,1,1,3,Female,No,Yes,Placed,IT
3468,78.4,72.9,66.7,7.12,76,60,3.2,82.9,1,0,0,0,4,Female,Yes,No,NotPlaced,ME
3469,75.6,54.4,66.1,6.55,59,70,4.3,79.7,1,1,1,1,5,Female,Yes,Yes,NotPlaced,CE
3470,77.7,82.5,81.7,9.06,100,79,4.3,100.0,0,2,0,1,11,Female,Yes,Yes,Placed,IT
3471,69.2,69.7,83.3,8.13,72,80,3.5,82.5,0,1,3,2,7,Male,Yes,Yes,Placed,CE
3472,65.0,69.9,62.1,7.7,79,82,4.4,74.7,1,0,2,2,1,Female,No,Yes,NotPlaced,CS
3473,91.2,68.1,80.8,8.41,83,85,3.2,95.2,0,1,3,2,6,Female,Yes,No,Placed,ECE
3474,76.9,73.0,76.9,8.1,67,76,4.4,77.5,0,0,2,1,0,Male,Yes,No,NotPlaced,IT
3475,81.4,70.5,65.4,7.65,65,72,2.9,85.8,1,0,1,2,1,Female,No,No,NotPlaced,CS
3476,82.0,83.0,82.3,8.41,99,80,4.9,74.0,0,0,2,0,6,Female,Yes,Yes,Placed,ECE
3477,56.6,45.5,62.1,6.12,65,62,3.1,73.5,0,0,0,0,8,Female,Yes,No,NotPlaced,CS
3478,99.0,80.8,80.6,9.71,93,92,4.1,100.0,0,1,2,3,13,Male,Yes,Yes,Placed,CS
3479,68.9,53.7,64.7,8.2,72,97,3.1,76.7,0,1,8,0,5,Male,Yes,No,Placed,EE
3480,61.6,65.6,58.4,7.12,70,90,3.2,79.7,0,1,4,0,4,Male,Yes,No,Placed,ChemE
3481,67.5,63.0,49.1,6.8,73,94,4.2,84.8,0,4,5,2,18,Female,No,Yes,NotPlaced,IT
3482,68.5,59.1,69.2,7.01,77,65,3.7,73.6,0,2,3,1,10,Male,Yes,No,NotPlaced,ME
3483,75.7,79.0,71.4,7.24,50,52,3.6,82.1,0,1,0,0,14,Male,Yes,No,NotPlaced,IT
3484,82.5,81.6,79.4,8.1,83,79,3.9,100.0,0,2,2,1,10,Male,Yes,No,Placed,IT
3485,82.0,76.1,78.1,8.54,85,77,4.5,88.8,0,3,2,2,26,Female,Yes,No,Placed,ECE
3486,69.8,68.7,76.6,7.8,84,86,3.0,73.8,0,0,3,4,0,Male,No,Yes,NotPlaced,ECE
3487,48.3,52.4,56.3,6.45,53,60,2.7,65.2,1,0,1,0,5,Male,No,No,NotPlaced,EE
3488,66.3,64.1,61.1,7.42,59,55,4.0,93.9,0,4,1,2,32,Female,Yes,Yes,Placed,EE
3489,69.4,82.5,72.6,6.63,61,63,4.0,83.8,0,0,2,2,3,Female,Yes,Yes,Placed,CE
3490,71.3,69.1,72.6,7.66,65,50,2.9,73.4,0,0,2,1,5,Female,Yes,Yes,NotPlaced,CS
3491,71.7,67.8,76.8,7.97,87,76,4.2,93.4,0,2,0,2,9,Female,Yes,Yes,Placed,ECE
3492,63.8,83.2,69.7,8.08,68,48,3.5,83.0,1,1,4,4,4,Female,No,No,Placed,ME
3493,57.0,62.1,66.0,6.57,53,33,2.1,84.0,3,2,0,2,14,Female,Yes,Yes,NotPlaced,EE
3494,77.0,65.0,73.1,8.31,53,70,4.1,64.4,1,0,2,0,4,Female,No,No,Placed,EE
3495,78.5,87.3,69.3,7.32,58,79,3.5,73.6,1,1,3,0,6,Male,Yes,Yes,Placed,CS
3496,64.0,56.6,65.0,6.92,73,66,4.1,66.1,0,1,2,1,7,Male,Yes,Yes,Placed,ECE
3497,87.6,83.5,86.7,9.33,88,65,3.7,76.0,0,0,1,2,0,Male,Yes,Yes,Placed,CS
3498,67.2,59.8,62.2,5.78,62,54,3.7,88.3,1,2,1,2,21,Female,No,Yes,NotPlaced,ME
3499,69.2,68.2,60.0,7.15,43,63,3.9,70.7,1,0,1,1,5,Male,Yes,Yes,NotPlaced,ChemE
3500,81.8,65.2,71.7,7.86,83,73,3.5,83.4,2,0,5,2,4,Female,Yes,Yes,NotPlaced,ME
3501,68.5,49.8,70.9,7.33,66,75,5.0,89.0,0,2,3,3,7,Male,No,Yes,Placed,CS
3502,65.0,69.2,69.1,8.29,64,61,3.1,95.5,1,0,3,0,2,Male,No,No,NotPlaced,CE
3503,82.7,64.6,73.1,7.3,76,63,4.4,75.4,0,4,1,2,22,Male,Yes,Yes,Placed,IT
3504,60.9,57.6,60.0,5.74,61,77,3.3,81.6,0,1,3,4,11,Male,Yes,No,NotPlaced,CS
3505,72.1,70.0,77.9,7.51,89,72,3.9,79.8,1,2,1,3,11,Male,Yes,Yes,Placed,CS
3506,80.7,63.6,69.2,7.65,79,78,3.9,85.1,1,0,4,4,5,Male,Yes,Yes,Placed,EE
3507,90.0,75.8,75.9,8.67,87,47,5.0,87.2,0,1,3,0,4,Male,Yes,Yes,Placed,IT
3508,63.3,54.0,53.6,6.42,55,68,3.6,86.1,1,0,2,1,2,Male,No,Yes,NotPlaced,CE
3509,51.6,49.0,53.7,5.82,60,47,4.3,59.3,2,0,0,0,0,Female,No,No,NotPlaced,CS
3510,70.6,63.9,48.0,6.71,39,64,3.4,71.5,1,1,0,1,4,Female,No,No,NotPlaced,CE
3511,69.9,56.7,63.9,6.84,57,48,4.4,76.4,0,0,0,1,0,Female,Yes,No,NotPlaced,CE
3512,68.4,62.3,66.5,6.26,53,68,3.2,77.1,5,2,0,0,13,Female,No,No,NotPlaced,CE
3513,51.9,51.1,50.5,6.04,52,57,2.9,68.9,1,0,1,1,0,Male,No,Yes,NotPlaced,ME
3514,71.0,46.3,63.8,6.7,60,57,3.6,69.8,0,1,2,0,4,Female,No,Yes,Placed,ChemE
3515,76.4,74.7,89.0,8.81,94,73,4.1,91.4,0,2,2,1,14,Female,Yes,No,Placed,CS
3516,62.7,69.2,68.3,8.04,71,64,4.8,69.7,2,0,2,1,0,Male,No,No,NotPlaced,EE
3517,85.3,68.6,63.0,7.28,67,87,3.6,79.8,0,3,0,3,16,Male,No,Yes,NotPlaced,ME
3518,50.9,47.6,58.9,5.97,39,28,4.8,77.8,1,0,0,0,2,Female,Yes,Yes,Placed,CE
3519,73.4,63.6,67.5,6.39,66,72,3.0,73.2,0,0,2,3,6,Female,No,Yes,Placed,ECE
3520,73.6,62.8,62.2,6.2,48,38,2.3,61.6,0,0,0,1,0,Male,No,No,NotPlaced,ME
3521,81.0,82.8,74.1,7.98,83,52,3.5,85.2,0,0,1,0,0,Male,No,Yes,Placed,EE
3522,64.8,74.5,70.1,7.62,64,60,3.3,91.3,0,0,0,1,1,Female,Yes,No,Placed,IT
3523,85.6,89.4,76.7,8.05,95,99,4.2,78.9,1,2,1,3,15,Female,No,Yes,Placed,CS
3524,77.8,66.0,60.4,6.89,58,54,3.7,63.3,0,0,2,1,6,Female,No,No,NotPlaced,CS
3525,59.4,45.0,54.8,5.72,63,83,3.3,60.0,0,2,1,0,22,Male,No,No,NotPlaced,ME
3526,56.6,56.9,53.5,6.34,58,79,3.3,79.5,1,0,0,2,0,Male,Yes,No,NotPlaced,ME
3527,65.4,50.2,63.5,6.15,61,46,3.9,70.1,3,0,0,0,5,Female,No,No,NotPlaced,ME
3528,58.2,72.8,66.6,6.93,78,55,4.5,80.5,1,2,1,2,8,Female,Yes,Yes,Placed,CS
3529,73.4,90.2,77.3,7.79,78,63,3.9,91.8,0,2,0,1,13,Female,No,Yes,Placed,ECE
3530,64.8,64.1,63.0,6.82,78,57,2.4,85.0,2,1,1,0,7,Female,Yes,No,Placed,ChemE
3531,60.8,66.6,51.1,6.17,57,60,3.6,76.6,2,0,2,0,5,Male,No,Yes,NotPlaced,ME
3532,66.0,81.8,66.6,7.72,72,63,2.4,84.9,0,0,1,3,4,Female,Yes,Yes,Placed,ME
3533,77.8,76.7,82.0,8.05,70,51,3.2,88.8,1,0,2,0,2,Female,No,No,NotPlaced,ME
3534,70.5,68.3,62.4,7.61,61,82,3.5,75.1,0,1,0,2,6,Female,Yes,Yes,Placed,ECE
3535,62.0,68.3,52.6,5.8,74,61,3.3,69.8,1,0,2,0,1,Female,No,Yes,NotPlaced,ECE
3536,61.6,64.7,79.4,7.81,78,69,2.4,88.7,1,0,3,5,1,Female,No,No,NotPlaced,IT
3537,72.9,72.1,63.8,7.02,64,58,4.1,69.9,0,0,1,2,2,Female,No,Yes,NotPlaced,CS
3538,61.4,48.3,48.0,5.02,35,42,3.2,51.9,5,0,0,0,3,Male,No,No,NotPlaced,ECE
3539,67.6,50.1,68.3,6.89,68,48,3.2,88.0,1,1,0,2,7,Male,No,Yes,NotPlaced,ME
3540,69.5,82.4,65.0,6.6,64,57,3.7,94.7,1,0,3,1,3,Male,No,Yes,NotPlaced,CE
3541,66.7,75.9,72.1,7.26,69,83,3.6,80.7,0,2,2,1,14,Female,No,Yes,Placed,ME
3542,74.3,76.6,70.6,7.56,74,54,3.8,83.9,0,1,1,1,7,Female,Yes,Yes,Placed,EE
3543,82.7,83.2,86.7,8.54,87,56,4.5,81.1,0,0,2,2,5,Male,No,No,Placed,CS
3544,68.4,52.9,62.6,6.34,57,72,3.8,78.3,1,0,3,0,3,Male,Yes,Yes,NotPlaced,ME
3545,59.1,54.6,61.1,7.18,68,51,4.1,88.8,0,1,1,0,6,Female,No,Yes,NotPlaced,IT
3546,62.9,58.3,48.0,6.24,58,44,3.9,82.2,1,0,1,0,1,Female,No,Yes,NotPlaced,ChemE
3547,62.3,68.6,58.1,7.12,67,73,4.2,79.3,0,1,1,1,12,Female,No,No,Placed,IT
3548,68.0,67.0,59.2,6.84,57,56,3.5,89.0,1,1,0,1,10,Female,No,Yes,Placed,ME
3549,64.9,91.5,81.6,8.07,72,67,4.2,87.7,0,1,2,2,6,Female,Yes,No,Placed,CS
3550,68.7,67.1,74.7,6.82,79,59,3.9,89.2,0,1,3,2,3,Male,No,Yes,NotPlaced,CE
3551,68.8,59.2,55.6,6.65,60,58,3.2,82.2,2,1,1,4,3,Female,No,No,NotPlaced,ECE
3552,64.3,56.0,61.6,5.59,58,68,3.2,64.7,4,0,1,0,0,Female,Yes,No,NotPlaced,ME
3553,69.0,57.7,61.9,6.64,59,69,3.3,81.6,2,0,0,2,5,Male,Yes,Yes,NotPlaced,CS
3554,45.0,69.0,52.0,6.0,66,61,2.4,73.3,2,2,1,0,9,Male,Yes,Yes,NotPlaced,ECE
3555,73.2,64.1,58.0,7.0,67,62,3.6,91.6,0,0,0,3,0,Female,No,No,Placed,EE
3556,69.7,56.9,56.0,5.43,50,73,1.0,68.8,1,1,0,0,4,Male,Yes,No,NotPlaced,ChemE
3557,48.3,57.4,48.0,5.49,57,83,2.7,76.2,0,0,2,2,0,Female,No,Yes,NotPlaced,IT
3558,76.9,72.7,84.1,8.13,82,73,3.7,79.4,1,2,1,1,15,Male,No,Yes,Placed,CE
3559,83.5,78.3,70.1,7.72,59,71,3.4,91.8,0,1,2,0,13,Male,No,Yes,Placed,CS
3560,70.0,61.0,64.0,6.43,58,58,2.8,70.7,2,1,2,2,11,Male,No,No,NotPlaced,ME
3561,75.2,72.5,57.5,7.16,77,81,3.5,74.3,1,0,3,0,0,Male,No,No,Placed,CS
3562,77.2,67.6,71.8,6.99,70,69,4.2,79.7,1,2,0,0,9,Female,Yes,No,Placed,CE
3563,62.0,48.5,70.8,7.77,69,48,5.0,100.0,0,1,2,4,13,Female,No,Yes,Placed,ECE
3564,61.1,54.5,62.6,6.59,39,46,3.0,73.4,0,0,1,0,1,Female,No,Yes,NotPlaced,ECE
3565,86.9,69.2,77.9,8.9,68,71,4.8,82.0,0,0,4,1,2,Female,Yes,Yes,Placed,ChemE
3566,69.6,83.4,64.9,7.56,80,80,3.4,82.9,1,0,1,1,0,Male,No,Yes,Placed,ECE
3567,82.8,90.1,79.9,8.15,79,62,2.8,64.1,1,0,3,1,0,Female,No,No,NotPlaced,IT
3568,75.0,57.0,82.3,7.51,73,76,4.7,78.4,0,0,1,0,2,Female,No,No,Placed,CE
3569,56.3,48.3,50.2,6.29,47,41,5.0,74.8,2,0,0,0,0,Male,No,Yes,NotPlaced,ME
3570,70.5,59.2,67.4,7.2,75,70,2.4,74.1,0,2,0,1,8,Male,Yes,No,Placed,IT
3571,77.1,86.3,79.8,8.13,83,83,3.6,86.5,0,3,2,2,15,Male,No,No,Placed,CS
3572,61.6,56.8,55.7,7.18,56,61,4.4,78.3,0,1,1,1,8,Male,Yes,No,NotPlaced,ECE
3573,60.9,56.4,49.9,6.03,46,46,3.4,63.0,0,1,2,0,12,Male,No,Yes,NotPlaced,CE
3574,74.1,61.6,67.7,6.77,89,79,4.4,77.1,0,2,2,0,22,Female,No,Yes,Placed,CS
3575,71.0,67.8,61.4,6.82,57,60,2.9,77.6,0,0,0,1,6,Male,Yes,Yes,NotPlaced,ME
3576,61.7,47.7,67.6,6.94,80,83,4.3,68.1,0,1,3,1,7,Female,Yes,No,NotPlaced,CS
3577,69.0,73.3,57.8,5.54,37,39,3.6,79.7,0,1,0,2,8,Male,Yes,Yes,NotPlaced,ChemE
3578,93.5,95.5,77.7,8.54,84,75,3.4,82.2,0,0,2,3,5,Male,No,Yes,Placed,ME
3579,70.3,92.0,75.0,7.82,61,62,3.1,86.9,0,2,0,1,10,Male,Yes,Yes,NotPlaced,ME
3580,71.6,72.8,62.8,7.01,87,81,2.2,100.0,0,4,3,4,25,Female,Yes,Yes,Placed,IT
3581,77.0,78.2,64.3,6.94,90,73,3.5,73.9,0,1,4,0,7,Male,Yes,Yes,Placed,ECE
3582,73.1,83.5,76.7,8.39,89,80,2.8,81.9,0,1,0,2,9,Male,No,Yes,Placed,EE
3583,66.0,61.4,79.3,7.63,59,71,3.7,81.8,0,0,0,2,3,Female,Yes,No,NotPlaced,CS
3584,80.1,65.4,68.8,7.34,60,64,1.9,70.2,1,0,0,0,4,Female,Yes,Yes,NotPlaced,EE
3585,78.6,75.0,62.8,6.84,74,82,3.4,97.6,0,2,2,3,14,Male,Yes,Yes,Placed,CS
3586,86.1,86.0,79.3,8.3,75,72,3.5,90.2,0,2,2,2,9,Male,Yes,Yes,Placed,CE
3587,69.8,65.0,70.0,6.76,74,78,3.4,87.0,0,3,3,0,20,Female,No,No,Placed,ME
3588,75.3,80.0,78.9,8.14,77,72,3.5,87.8,0,0,2,3,0,Female,Yes,Yes,NotPlaced,EE
3589,67.9,73.6,69.8,7.35,73,63,3.1,80.1,0,3,0,6,17,Female,No,No,Placed,ME
3590,75.4,69.3,72.1,8.05,74,72,3.8,100.0,0,2,2,2,7,Male,Yes,Yes,Placed,ECE
3591,89.3,67.2,77.5,7.9,68,51,4.1,82.9,0,1,1,2,7,Female,No,Yes,Placed,EE
3592,76.6,68.5,73.2,7.1,63,44,3.4,75.8,0,1,0,2,8,Female,Yes,Yes,Placed,CE
3593,78.5,64.5,70.6,7.65,43,51,2.2,87.2,0,0,0,2,2,Male,Yes,Yes,NotPlaced,ChemE
3594,79.6,61.7,79.6,7.75,68,73,4.2,90.3,0,0,0,3,3,Female,No,Yes,Placed,IT
3595,92.5,69.8,69.7,8.0,64,39,4.9,75.4,2,0,1,0,1,Male,Yes,No,Placed,ME
3596,58.1,69.5,65.1,7.17,60,49,2.8,85.0,1,0,0,1,0,Male,Yes,No,NotPlaced,ME
3597,55.9,56.0,48.0,5.02,55,57,4.0,68.8,0,0,1,0,3,Female,No,Yes,NotPlaced,ECE
3598,52.9,55.2,61.1,6.69,63,54,2.6,62.2,0,1,1,0,4,Female,No,No,NotPlaced,ME
3599,72.9,67.0,63.6,6.76,61,72,3.5,69.8,1,1,1,1,5,Male,Yes,Yes,Placed,CE
3600,59.5,72.7,62.0,6.35,79,73,2.7,69.5,1,1,2,1,9,Female,No,No,NotPlaced,ChemE
3601,90.6,79.8,81.1,7.1,75,74,2.7,99.0,0,4,1,2,21,Male,No,No,Placed,CS
3602,66.4,75.2,68.6,7.58,62,51,3.9,89.9,0,1,2,0,6,Female,Yes,Yes,Placed,CS
3603,74.5,64.0,61.1,6.56,65,65,4.5,95.1,0,0,2,0,3,Female,Yes,Yes,Placed,IT
3604,77.2,66.1,73.0,8.24,85,71,2.8,82.9,0,3,4,2,10,Male,Yes,No,Placed,ECE
3605,72.2,62.8,67.5,7.12,70,71,3.7,79.7,0,1,2,1,8,Male,No,No,Placed,ME
3606,82.2,71.5,77.0,8.41,65,82,3.8,87.0,0,0,1,0,3,Female,Yes,No,Placed,IT
3607,72.4,59.5,58.8,6.3,50,36,2.7,69.2,2,0,0,0,3,Male,Yes,No,NotPlaced,ME
3608,63.1,77.0,55.9,6.55,56,74,4.1,79.8,1,1,0,0,11,Female,No,Yes,NotPlaced,ME
3609,89.2,77.4,71.8,7.78,91,64,4.3,74.7,0,1,1,5,10,Female,No,Yes,Placed,EE
3610,87.7,75.7,79.6,8.25,72,72,3.6,76.4,1,1,3,3,12,Female,No,No,Placed,CE
3611,60.7,62.3,53.1,6.54,64,70,1.6,82.3,0,0,0,1,7,Female,Yes,No,NotPlaced,ECE
3612,89.1,62.9,77.4,8.04,56,68,2.4,89.7,0,1,1,2,15,Male,Yes,No,Placed,ECE
3613,88.2,82.7,81.8,8.31,82,69,3.6,78.4,0,0,2,3,2,Female,No,No,Placed,ChemE
3614,69.1,75.5,73.7,7.54,82,64,3.8,89.5,0,1,3,1,12,Female,No,Yes,Placed,CS
3615,74.9,80.0,62.5,7.06,56,57,2.8,77.1,3,2,1,1,13,Female,No,No,NotPlaced,EE
3616,72.6,72.8,71.1,6.85,70,65,2.3,82.6,0,1,2,1,7,Female,No,No,Placed,EE
3617,66.8,62.5,70.3,6.57,57,67,4.0,85.0,0,0,0,0,4,Male,Yes,No,NotPlaced,ME
3618,74.0,68.8,69.6,7.83,77,99,3.5,78.5,0,1,6,1,9,Female,Yes,Yes,Placed,IT
3619,45.0,65.9,68.2,6.63,73,60,4.6,84.5,0,2,1,3,13,Female,Yes,Yes,Placed,CE
3620,68.4,77.0,72.5,7.72,61,64,3.3,89.0,0,0,2,0,3,Male,Yes,No,Placed,EE
3621,87.1,80.6,84.8,8.58,71,65,3.9,79.3,0,3,3,1,9,Female,No,Yes,Placed,CE
3622,70.7,75.7,79.2,8.79,64,61,3.9,96.5,0,3,1,2,13,Female,No,No,Placed,ME
3623,70.5,56.7,54.1,7.69,83,76,3.0,83.8,0,3,5,0,19,Female,Yes,Yes,Placed,CS
3624,80.3,77.2,66.5,7.0,71,38,4.3,81.2,0,0,0,1,2,Male,Yes,Yes,Placed,CE
3625,66.8,67.6,66.3,6.68,68,52,3.4,95.5,1,1,2,5,5,Female,Yes,Yes,Placed,ME
3626,50.6,54.8,64.0,5.45,62,54,3.5,67.1,2,0,0,0,0,Male,Yes,No,NotPlaced,ChemE
3627,57.7,72.2,60.3,7.41,70,70,3.7,80.5,2,2,2,0,15,Female,Yes,Yes,Placed,ChemE
3628,76.3,70.9,59.4,7.46,53,64,3.6,64.9,1,0,0,0,6,Female,Yes,No,NotPlaced,ME
3629,75.7,52.5,65.9,7.06,55,66,3.2,80.3,1,0,0,2,0,Female,Yes,Yes,NotPlaced,CS
3630,62.1,83.4,84.0,7.83,69,61,3.4,83.6,0,1,1,1,6,Female,Yes,No,NotPlaced,EE
3631,89.4,82.8,74.7,9.14,84,73,4.3,86.1,0,2,4,3,8,Male,Yes,Yes,Placed,CS
3632,59.5,64.8,71.9,7.7,57,68,3.4,90.8,0,0,1,3,5,Female,Yes,No,NotPlaced,CS
3633,78.7,75.1,84.7,7.58,67,85,4.1,90.4,0,0,4,6,0,Male,Yes,Yes,Placed,CS
3634,80.9,87.8,84.3,7.96,81,100,4.4,94.9,0,1,3,2,6,Male,Yes,Yes,Placed,CS
3635,95.4,76.1,74.9,7.93,72,78,5.0,79.4,0,3,0,1,21,Female,Yes,Yes,Placed,IT
3636,71.8,78.9,77.4,7.79,67,68,3.6,84.0,0,1,1,1,8,Female,Yes,Yes,Placed,ChemE
3637,82.8,60.7,71.7,7.95,70,55,4.8,79.5,1,1,1,3,5,Male,Yes,Yes,Placed,CS
3638,79.8,61.6,72.1,7.45,76,91,3.1,83.1,0,1,3,0,11,Male,No,No,Placed,CE
3639,70.5,70.2,69.3,7.03,80,71,4.3,93.0,1,0,2,2,3,Female,Yes,Yes,Placed,CS
3640,67.4,58.2,63.7,6.66,76,91,3.4,66.8,0,0,3,3,1,Female,No,No,Placed,ECE
3641,65.1,60.8,57.7,6.75,53,45,2.5,72.4,3,1,0,1,7,Female,No,No,NotPlaced,CS
3642,65.1,74.4,65.0,7.53,76,81,3.6,92.6,0,2,0,1,16,Female,Yes,No,Placed,EE
3643,57.8,54.7,68.7,6.97,63,62,4.8,77.9,0,2,3,4,12,Male,No,Yes,Placed,ECE
3644,71.6,66.9,68.4,7.55,62,49,3.9,97.8,0,2,3,1,13,Female,Yes,No,Placed,ECE
3645,65.4,72.8,60.7,7.28,69,57,3.3,77.5,1,1,2,0,4,Female,Yes,No,NotPlaced,CE
3646,64.5,48.8,83.0,6.62,71,75,3.7,78.7,0,3,1,3,11,Female,Yes,No,Placed,CS
3647,72.7,80.4,68.9,8.12,76,61,3.0,82.2,2,0,0,2,10,Female,No,No,Placed,EE
3648,70.8,68.4,65.0,6.96,92,94,5.0,100.0,0,1,2,1,10,Male,Yes,Yes,NotPlaced,ChemE
3649,75.4,70.8,66.9,7.08,74,58,3.1,81.7,0,1,0,0,10,Female,Yes,No,NotPlaced,ME
3650,83.0,79.2,82.1,8.77,68,57,3.3,83.1,0,0,2,0,1,Male,No,No,Placed,ME
3651,65.4,74.5,64.0,7.99,58,93,3.9,79.6,0,2,1,0,12,Male,No,Yes,Placed,ECE
3652,80.5,74.5,82.2,7.56,83,64,3.3,91.2,1,2,1,2,10,Male,Yes,Yes,Placed,CE
3653,79.7,81.8,69.8,7.84,68,53,2.7,91.9,0,1,1,2,9,Female,Yes,No,Placed,ChemE
3654,58.7,45.7,53.2,6.18,48,41,3.7,67.7,2,1,1,0,6,Female,No,No,NotPlaced,EE
3655,52.1,56.6,48.0,6.11,74,77,2.2,62.3,2,0,2,0,0,Female,Yes,No,NotPlaced,CS
3656,62.8,63.9,68.3,7.12,59,49,2.8,73.7,2,0,1,2,0,Male,Yes,No,NotPlaced,ME
3657,70.7,72.5,66.7,7.92,72,79,3.0,90.8,0,4,0,2,28,Male,No,Yes,Placed,IT
3658,64.0,63.3,53.5,5.46,39,36,4.7,75.0,0,1,0,2,7,Male,Yes,Yes,NotPlaced,ChemE
3659,79.0,61.2,66.1,7.92,56,85,3.5,82.9,0,0,4,2,2,Female,Yes,No,NotPlaced,ME
3660,63.2,49.3,60.1,6.58,55,62,4.0,86.7,1,4,2,0,33,Male,Yes,Yes,Placed,ChemE
3661,99.0,81.9,83.0,8.98,80,86,3.0,92.9,0,1,5,1,3,Male,Yes,No,Placed,IT
3662,62.6,45.0,64.0,6.97,47,62,2.9,75.0,2,2,1,0,8,Female,Yes,Yes,NotPlaced,CE
3663,87.8,94.3,75.4,7.66,77,70,3.9,78.2,0,2,2,4,15,Male,Yes,No,Placed,CS
3664,78.7,75.0,60.7,7.49,65,67,3.5,75.8,2,0,2,1,3,Female,Yes,No,NotPlaced,CE
3665,94.7,89.6,96.0,8.95,91,70,1.9,94.2,0,0,1,1,8,Male,Yes,No,Placed,ECE
3666,77.2,79.3,74.1,8.2,65,61,3.4,73.4,1,1,1,0,8,Female,No,No,Placed,CE
3667,87.8,96.4,79.8,9.13,70,74,2.7,95.8,0,0,4,4,7,Male,Yes,No,Placed,IT
3668,81.0,74.8,79.3,8.27,77,67,3.5,76.5,1,1,0,1,8,Female,Yes,No,Placed,ECE
3669,69.9,58.0,62.1,6.9,56,67,3.6,67.6,1,2,4,1,14,Male,Yes,Yes,NotPlaced,ECE
3670,68.5,75.2,73.8,7.39,72,64,3.9,83.4,1,0,4,2,2,Male,Yes,Yes,Placed,ECE
3671,60.5,55.6,60.7,6.23,70,61,4.0,77.2,0,0,1,2,4,Female,Yes,No,Placed,EE
3672,85.4,63.8,71.3,7.2,67,65,3.2,85.1,0,1,2,0,7,Male,Yes,No,Placed,EE
3673,85.3,75.2,82.7,8.03,84,82,3.6,81.8,0,1,8,5,10,Female,No,Yes,Placed,CS
3674,85.0,79.5,79.0,6.86,67,93,4.9,93.5,0,1,6,0,5,Male,No,Yes,Placed,ECE
3675,72.6,87.7,82.8,8.18,77,65,4.8,89.9,0,2,2,0,17,Female,Yes,No,Placed,ChemE
3676,57.7,47.7,48.0,6.2,72,69,3.9,71.7,3,0,1,2,0,Female,No,No,NotPlaced,CS
3677,71.6,65.3,56.9,7.42,64,33,3.9,86.1,0,1,0,1,4,Male,No,Yes,NotPlaced,ME
3678,63.3,60.4,55.9,6.13,52,51,2.8,84.5,0,0,0,1,3,Male,Yes,No,NotPlaced,CE
3679,62.2,58.0,66.7,7.1,51,45,4.3,83.9,1,0,1,1,0,Male,No,Yes,NotPlaced,ChemE
3680,67.8,62.9,54.6,6.29,47,30,4.0,77.4,0,0,0,0,7,Female,No,No,NotPlaced,CE
3681,80.8,70.1,64.5,7.81,78,77,4.4,78.1,0,0,4,2,1,Male,Yes,Yes,NotPlaced,EE
3682,67.0,59.3,67.0,7.17,58,51,3.0,89.8,0,2,0,2,11,Female,Yes,Yes,Placed,CE
3683,76.2,64.3,62.6,7.38,72,94,3.7,93.0,1,2,2,3,6,Male,Yes,Yes,Placed,IT
3684,99.0,94.7,76.3,9.73,81,100,4.7,92.7,1,0,2,0,1,Female,Yes,Yes,Placed,ECE
3685,99.0,96.3,79.8,9.39,94,60,3.7,75.0,0,1,0,0,6,Female,Yes,Yes,NotPlaced,ChemE
3686,72.1,74.7,67.6,7.33,59,60,2.9,72.8,0,0,0,0,0,Male,No,Yes,NotPlaced,ME
3687,77.7,99.0,82.1,9.57,92,79,5.0,86.8,0,0,4,1,3,Male,No,Yes,Placed,ECE
3688,85.5,91.7,85.9,7.82,77,54,3.8,77.4,0,2,0,0,9,Female,Yes,No,NotPlaced,CS
3689,84.8,69.5,66.4,7.31,65,57,2.7,71.4,0,0,1,0,0,Male,No,No,NotPlaced,EE
3690,77.4,59.5,53.8,7.12,62,59,4.8,87.7,0,0,1,0,0,Female,No,Yes,NotPlaced,IT
3691,80.6,88.4,85.5,8.83,86,55,3.2,90.6,0,2,0,3,12,Female,No,Yes,Placed,CS
3692,85.4,65.9,69.9,7.5,62,69,4.1,80.2,1,1,2,0,7,Female,Yes,No,Placed,ME
3693,73.4,68.1,61.6,6.43,76,79,2.8,69.8,1,2,1,1,14,Female,No,Yes,NotPlaced,ECE
3694,52.6,45.0,63.8,6.36,60,50,2.7,86.2,2,3,0,1,18,Female,Yes,Yes,NotPlaced,ChemE
3695,81.0,67.3,65.7,7.06,75,67,4.2,75.2,2,1,3,2,7,Male,Yes,Yes,Placed,ECE
3696,58.6,45.0,56.7,5.83,47,45,2.5,71.9,2,1,0,0,6,Male,Yes,Yes,NotPlaced,CS
3697,72.8,75.5,66.4,7.78,82,80,5.0,87.6,0,0,6,3,1,Male,No,Yes,Placed,IT
3698,84.9,70.9,88.6,8.37,89,100,3.5,84.7,0,1,2,2,5,Female,Yes,Yes,NotPlaced,CS
3699,84.3,80.3,79.6,7.91,93,64,3.9,77.8,0,0,4,2,5,Female,Yes,No,Placed,CE
3700,46.0,51.8,49.5,5.73,37,41,2.2,63.1,2,0,1,0,0,Male,No,No,NotPlaced,ECE
3701,73.7,67.6,74.3,7.36,64,48,3.7,82.3,0,1,3,1,8,Female,No,No,NotPlaced,CE
3702,65.5,62.9,62.3,7.14,56,67,2.9,79.7,1,2,0,1,13,Female,No,No,NotPlaced,EE
3703,78.5,72.5,76.2,7.41,66,63,3.7,82.4,0,1,1,0,6,Male,Yes,Yes,Placed,IT
3704,56.5,55.2,51.2,6.16,58,66,3.0,76.4,0,2,2,2,10,Male,No,No,Placed,ChemE
3705,62.0,83.4,66.3,7.54,89,87,4.3,85.1,1,2,6,2,18,Female,No,Yes,Placed,IT
3706,55.7,50.3,55.9,6.37,53,33,2.3,85.5,1,0,1,1,2,Male,Yes,Yes,NotPlaced,EE
3707,58.2,66.9,54.6,6.95,51,55,2.9,82.2,2,1,0,1,3,Female,No,No,NotPlaced,CE
3708,61.5,71.0,65.0,7.81,60,53,4.4,79.1,1,1,1,0,5,Male,No,No,NotPlaced,ME
3709,99.0,78.4,90.7,9.14,95,71,4.6,100.0,0,4,2,1,19,Female,No,Yes,Placed,CS
3710,73.7,66.1,68.2,6.59,58,56,3.2,61.2,1,1,2,0,7,Female,No,No,NotPlaced,CE
3711,64.0,68.3,67.8,7.14,69,76,2.8,86.3,1,1,0,1,7,Female,No,No,NotPlaced,CE
3712,59.7,62.8,61.1,7.13,69,62,3.4,80.8,0,1,1,2,7,Male,No,Yes,Placed,EE
3713,67.5,80.0,63.2,7.23,63,69,2.8,84.6,0,1,1,2,7,Male,Yes,No,Placed,ECE
3714,63.3,81.3,66.5,7.23,65,82,3.5,83.8,0,0,2,3,1,Female,No,No,Placed,IT
3715,67.4,60.8,65.4,7.19,72,58,4.0,79.5,1,1,4,4,8,Female,Yes,Yes,NotPlaced,ME
3716,70.1,72.5,63.2,7.07,85,74,3.3,69.6,1,0,1,1,3,Male,No,Yes,NotPlaced,EE
3717,68.8,70.0,58.1,6.72,62,64,3.3,86.4,0,2,4,3,8,Female,Yes,Yes,NotPlaced,IT
3718,68.7,64.8,57.1,6.79,61,67,2.6,81.6,2,1,1,5,6,Male,Yes,Yes,NotPlaced,CE
3719,53.5,47.3,48.0,6.7,57,54,3.8,77.1,2,0,0,1,4,Female,No,Yes,NotPlaced,ECE
3720,65.5,54.7,67.0,7.0,78,53,4.3,73.8,1,1,1,0,5,Male,No,No,Placed,IT
3721,80.1,72.8,71.2,7.71,59,61,3.2,85.7,0,0,1,2,1,Male,Yes,Yes,Placed,CS
3722,45.0,56.8,48.0,5.9,46,73,2.8,74.7,1,0,1,1,6,Female,No,No,NotPlaced,ME
3723,65.9,58.4,63.3,7.26,67,66,4.8,77.7,0,1,2,2,5,Female,Yes,Yes,Placed,EE
3724,58.7,75.5,64.2,7.29,69,54,2.1,93.1,2,1,3,4,6,Female,Yes,No,NotPlaced,IT
3725,84.0,83.8,64.0,6.97,58,64,2.9,79.0,0,1,0,1,7,Male,Yes,No,NotPlaced,IT
3726,84.8,89.2,70.6,8.41,69,61,4.4,92.5,0,0,0,1,0,Female,No,No,NotPlaced,EE
3727,69.3,72.7,59.2,6.66,48,45,4.3,68.8,2,1,1,0,7,Female,No,Yes,NotPlaced,ME
3728,58.9,62.4,65.5,6.95,62,71,4.2,73.9,2,0,4,0,2,Male,No,Yes,NotPlaced,ChemE
3729,81.0,66.9,79.3,7.49,79,84,3.1,81.9,0,1,4,2,4,Female,Yes,No,Placed,ECE
3730,70.2,62.4,61.2,6.29,73,64,2.8,87.1,0,3,3,1,16,Male,Yes,No,NotPlaced,ECE
3731,67.6,83.2,85.0,8.72,92,62,3.5,88.5,0,1,1,3,11,Female,Yes,Yes,Placed,IT
3732,88.2,81.4,84.0,8.23,91,84,2.9,86.5,0,3,1,0,19,Female,Yes,No,Placed,IT
3733,79.8,70.4,68.5,8.03,83,59,4.8,91.5,0,1,0,2,7,Female,No,Yes,Placed,EE
3734,54.1,52.6,65.9,6.67,68,62,3.4,75.1,1,2,2,0,10,Female,Yes,Yes,Placed,ME
3735,73.7,72.8,66.8,7.95,59,83,2.9,62.1,1,0,3,1,2,Female,No,No,NotPlaced,ECE
3736,58.8,67.8,56.8,6.1,58,36,2.8,65.6,1,0,0,0,5,Female,Yes,No,NotPlaced,CS
3737,72.5,78.5,53.0,6.68,60,43,1.8,65.8,1,0,1,0,2,Female,No,No,NotPlaced,ME
3738,63.6,66.1,60.5,7.08,76,42,4.2,77.4,0,1,2,1,4,Male,Yes,Yes,Placed,EE
3739,69.5,64.5,69.1,7.04,65,58,4.1,78.2,3,0,2,4,0,Male,No,No,NotPlaced,CS
3740,82.2,78.1,75.6,8.25,87,69,3.6,78.1,0,1,1,0,7,Male,Yes,No,Placed,ECE
3741,45.0,69.0,56.3,6.24,42,65,4.4,62.5,2,2,1,1,20,Female,No,No,NotPlaced,IT
3742,67.5,78.7,61.4,6.18,58,49,2.2,70.8,0,0,2,2,6,Male,Yes,No,NotPlaced,ME
3743,68.1,63.1,65.1,7.4,46,57,3.1,70.0,5,0,0,0,0,Female,No,Yes,NotPlaced,ME
3744,48.7,73.1,57.0,7.26,62,65,2.3,81.2,1,1,0,2,5,Male,Yes,Yes,NotPlaced,ChemE
3745,78.5,72.9,72.4,7.93,69,57,3.4,57.6,0,0,1,0,1,Male,Yes,Yes,Placed,CE
3746,79.0,71.1,70.5,8.1,77,75,3.8,98.1,0,0,2,0,1,Male,Yes,Yes,Placed,IT
3747,69.1,64.9,64.1,6.97,70,55,4.8,94.8,0,0,1,1,0,Male,Yes,Yes,NotPlaced,ME
3748,70.8,76.5,70.1,6.23,81,61,3.8,78.0,2,1,2,2,4,Male,Yes,Yes,NotPlaced,CS
3749,73.0,80.1,75.0,7.28,74,70,3.3,82.2,0,2,2,2,15,Female,No,Yes,Placed,CE
3750,71.4,64.9,66.1,7.05,73,55,2.7,79.2,3,0,1,1,2,Female,No,Yes,NotPlaced,ME
3751,85.1,84.8,80.4,8.19,86,86,4.1,89.8,0,1,4,1,5,Female,Yes,No,Placed,ME
3752,74.9,78.4,67.8,7.82,76,88,3.7,79.0,0,0,5,2,6,Male,Yes,No,Placed,CS
3753,46.1,54.1,50.8,5.89,59,53,3.2,84.3,0,0,1,0,2,Male,No,Yes,NotPlaced,ChemE
3754,85.0,77.8,80.3,8.16,71,50,4.6,90.0,0,0,2,1,2,Female,Yes,Yes,Placed,ECE
3755,79.9,69.2,82.4,7.89,88,88,4.9,95.4,0,1,0,0,11,Female,No,Yes,Placed,CE
3756,66.6,45.0,61.6,6.09,43,67,3.6,76.5,2,0,0,1,0,Female,No,Yes,NotPlaced,ChemE
3757,74.0,69.7,71.1,7.2,75,64,3.9,84.6,0,0,0,3,0,Female,Yes,No,Placed,CS
3758,60.8,64.1,63.1,7.05,63,78,2.7,79.9,0,0,2,2,0,Female,No,Yes,NotPlaced,CE
3759,47.7,61.4,53.0,6.29,68,50,4.2,64.4,1,0,0,0,4,Male,Yes,No,NotPlaced,ECE
3760,87.5,81.9,86.6,7.56,77,91,5.0,95.7,0,1,3,5,8,Male,No,Yes,Placed,CS
3761,80.3,78.2,74.1,8.94,74,51,2.8,77.2,0,1,2,2,9,Female,No,Yes,Placed,EE
3762,84.6,57.6,78.5,7.35,86,76,3.1,76.4,0,1,5,2,9,Male,No,Yes,Placed,ECE
3763,83.7,72.8,70.6,7.35,64,75,3.6,74.0,0,0,0,0,1,Female,No,Yes,Placed,ME
3764,68.0,58.4,74.8,7.75,72,71,4.2,93.1,0,0,1,3,9,Male,Yes,Yes,Placed,ECE
3765,73.5,85.1,82.1,8.16,76,80,3.2,87.2,0,1,2,1,6,Female,Yes,Yes,NotPlaced,IT
3766,62.8,68.2,61.0,5.81,56,62,2.6,84.9,0,0,1,1,0,Female,No,No,Placed,CS
3767,82.1,76.4,74.6,8.08,94,96,3.8,89.1,0,1,2,3,7,Female,No,Yes,Placed,IT
3768,57.4,71.8,63.2,6.98,56,81,3.3,67.4,2,0,3,2,6,Female,Yes,No,Placed,EE
3769,82.7,86.1,78.5,8.05,80,70,4.2,86.7,0,0,2,1,2,Male,Yes,No,Placed,IT
3770,74.0,69.7,73.9,7.32,57,91,2.8,77.9,0,3,2,5,19,Male,Yes,No,NotPlaced,IT
3771,55.6,60.0,67.2,6.74,58,38,3.2,74.2,2,0,0,0,6,Female,No,Yes,NotPlaced,CS
3772,70.5,66.5,82.0,7.7,75,85,3.5,83.0,0,1,0,2,7,Female,No,No,NotPlaced,ChemE
3773,68.2,59.4,59.0,6.88,47,60,4.0,70.6,1,0,0,1,0,Female,Yes,Yes,NotPlaced,CS
3774,80.7,54.8,59.0,6.45,55,50,2.9,70.3,0,0,0,0,0,Male,Yes,No,NotPlaced,ECE
3775,68.4,60.4,63.1,7.9,56,75,3.3,80.5,0,1,1,2,11,Female,No,No,NotPlaced,ME
3776,78.1,68.1,73.5,8.22,89,87,4.8,89.8,0,2,4,3,16,Male,Yes,Yes,Placed,IT
3777,60.0,46.1,65.7,6.18,62,50,3.4,75.9,0,0,1,0,3,Male,No,No,NotPlaced,ME
3778,78.6,83.1,71.1,8.43,70,73,2.4,91.4,0,3,4,3,18,Female,Yes,Yes,Placed,ECE
3779,69.3,73.8,69.9,7.77,69,56,4.1,75.3,0,1,2,0,10,Male,No,No,Placed,EE
3780,72.4,81.7,74.6,7.86,70,75,3.2,68.4,1,0,4,2,1,Female,Yes,No,NotPlaced,CE
3781,88.0,74.2,65.1,7.11,58,53,2.9,84.9,0,0,0,1,3,Male,Yes,Yes,NotPlaced,ME
3782,61.8,62.0,56.3,6.1,70,44,2.9,78.7,0,0,1,1,1,Male,No,Yes,NotPlaced,CE
3783,63.0,79.1,77.3,7.54,67,70,4.2,95.3,0,2,0,3,12,Female,Yes,Yes,NotPlaced,CE
3784,84.9,80.0,77.6,7.84,85,59,4.6,86.8,0,1,2,1,8,Male,Yes,Yes,Placed,CS
3785,92.1,93.3,77.6,7.83,96,75,3.4,78.0,0,1,1,1,8,Male,No,No,Placed,CS
3786,67.1,55.2,59.0,6.09,55,61,3.6,89.6,1,0,1,3,5,Male,Yes,Yes,Placed,ME
3787,65.9,64.6,66.0,6.62,66,62,3.5,82.4,1,1,1,1,4,Female,Yes,No,NotPlaced,CE
3788,70.4,73.3,87.2,7.47,72,69,4.1,82.4,0,0,1,2,0,Female,No,Yes,Placed,CS
3789,69.6,90.6,81.1,8.08,76,69,2.9,90.3,0,0,5,2,0,Male,Yes,No,Placed,EE
3790,71.8,66.3,86.7,7.63,74,67,3.3,79.6,0,1,2,3,5,Male,Yes,Yes,Placed,EE
3791,77.3,88.9,71.8,7.98,73,53,3.9,90.9,0,0,4,3,6,Male,Yes,Yes,Placed,IT
3792,62.9,53.7,70.8,6.74,64,56,2.3,64.7,3,0,0,1,0,Female,Yes,Yes,Placed,IT
3793,85.6,75.9,81.8,7.98,77,84,2.6,76.8,2,0,5,1,0,Male,Yes,No,Placed,EE
3794,84.1,74.3,74.6,7.64,67,67,4.2,77.3,0,1,2,1,7,Male,Yes,No,Placed,CE
3795,75.7,55.7,61.0,5.72,59,47,2.5,72.7,2,0,1,0,1,Female,Yes,Yes,NotPlaced,CS
3796,73.1,72.2,79.9,8.63,83,92,4.4,92.1,0,1,1,0,11,Male,Yes,Yes,Placed,ME
3797,46.0,53.0,48.0,5.33,55,51,3.5,83.7,1,3,0,1,19,Male,Yes,No,NotPlaced,ChemE
3798,82.9,78.5,73.8,8.58,78,70,3.0,82.4,0,0,2,3,6,Female,Yes,Yes,NotPlaced,ChemE
3799,74.3,61.5,60.8,7.39,78,84,3.5,80.3,0,0,1,0,5,Female,No,No,NotPlaced,CS
3800,72.3,76.9,60.9,6.75,63,79,4.4,80.7,1,1,3,3,6,Female,No,Yes,Placed,IT
3801,65.1,59.5,60.1,6.11,71,71,2.7,82.8,1,1,4,3,5,Male,No,Yes,Placed,CS
3802,67.2,54.7,55.0,5.67,45,58,4.0,77.8,1,0,1,0,1,Female,No,Yes,NotPlaced,ChemE
3803,58.8,66.1,51.6,6.1,56,58,2.8,80.5,0,0,5,1,0,Male,Yes,No,Placed,ME
3804,72.0,75.9,65.1,6.29,63,62,2.8,90.4,0,2,3,0,6,Male,No,No,NotPlaced,ME
3805,73.0,48.6,68.4,7.25,60,51,3.5,89.9,0,1,1,1,7,Male,Yes,No,Placed,IT
3806,58.5,53.6,55.7,6.15,46,70,3.0,56.6,1,0,2,1,0,Male,No,No,NotPlaced,ECE
3807,70.1,48.4,64.4,6.45,66,63,2.0,77.4,0,1,1,1,5,Male,Yes,No,NotPlaced,EE
3808,79.6,99.0,84.0,9.21,92,80,3.5,80.5,0,0,0,3,1,Male,Yes,Yes,Placed,ECE
3809,61.7,67.7,72.4,7.29,53,55,3.4,83.0,0,1,0,2,8,Male,No,No,NotPlaced,CE
3810,88.5,92.2,86.1,8.95,86,74,3.2,97.1,1,3,6,3,16,Male,Yes,Yes,Placed,IT
3811,69.4,75.2,72.4,8.17,82,69,3.7,91.5,0,1,2,2,8,Female,No,Yes,Placed,ECE
3812,73.2,64.3,75.7,7.05,55,36,3.6,89.7,1,0,1,0,0,Male,Yes,No,NotPlaced,CE
3813,74.6,90.6,75.4,8.89,75,55,4.3,88.2,0,2,1,3,18,Female,Yes,No,Placed,EE
3814,83.0,73.9,68.6,6.76,78,66,3.5,77.8,1,0,1,1,3,Female,Yes,No,NotPlaced,EE
3815,74.3,89.0,87.5,7.35,98,78,3.1,88.9,0,1,1,3,6,Female,No,No,Placed,ME
3816,78.4,58.6,66.9,6.77,72,72,3.3,71.4,2,0,0,1,4,Male,No,No,NotPlaced,ME
3817,73.5,71.6,67.9,7.71,76,59,2.9,80.9,0,0,1,3,0,Male,No,Yes,Placed,ChemE
3818,80.8,85.7,81.9,8.47,89,64,3.0,84.0,0,3,1,1,26,Male,Yes,No,Placed,CS
3819,92.9,91.1,86.9,9.14,84,68,4.3,89.9,0,1,2,6,11,Male,Yes,Yes,Placed,ECE
3820,54.0,51.4,48.7,5.39,43,50,3.8,69.1,2,0,1,1,4,Female,No,Yes,NotPlaced,CS
3821,65.4,52.7,59.8,6.76,63,55,3.9,68.0,1,0,0,3,0,Male,No,No,NotPlaced,EE
3822,64.2,57.1,57.1,6.76,51,64,4.2,70.0,1,0,0,1,1,Female,No,Yes,NotPlaced,ECE
3823,54.0,56.2,48.0,6.16,51,73,2.8,65.0,6,0,1,1,0,Female,No,Yes,NotPlaced,CE
3824,87.6,55.7,63.0,7.72,76,67,3.3,85.7,1,1,1,1,8,Male,Yes,No,Placed,IT
3825,51.0,53.4,66.4,6.36,56,56,1.9,82.0,2,2,0,1,19,Female,No,No,NotPlaced,ME
3826,60.9,67.8,60.2,7.32,62,78,4.3,79.0,0,0,1,0,0,Male,No,No,NotPlaced,IT
3827,79.7,62.8,68.7,7.19,65,78,3.2,66.7,1,0,1,0,0,Female,Yes,No,NotPlaced,CE
3828,78.4,70.0,74.3,6.7,54,58,4.2,81.2,1,0,0,0,0,Male,Yes,No,NotPlaced,CE
3829,58.5,62.0,65.2,5.98,63,62,3.3,76.0,1,0,1,1,0,Male,No,No,NotPlaced,ME
3830,60.5,65.2,77.7,8.04,67,64,2.8,71.2,1,2,0,0,13,Male,No,Yes,NotPlaced,ME
3831,77.5,59.6,61.7,7.33,65,77,3.4,80.1,0,1,2,1,4,Female,No,No,NotPlaced,ME
3832,63.1,78.8,70.8,7.44,77,85,3.7,94.3,0,0,1,0,0,Male,Yes,Yes,Placed,ECE
3833,57.7,61.4,63.6,6.71,60,57,3.5,76.8,0,0,1,1,0,Female,No,Yes,NotPlaced,ECE
3834,76.4,75.9,77.6,7.44,57,50,4.9,77.0,0,1,0,2,5,Male,No,Yes,NotPlaced,CE
3835,47.0,51.8,55.4,5.99,39,63,1.3,56.9,2,0,1,0,5,Female,No,No,NotPlaced,EE
3836,98.9,84.5,83.8,9.64,89,72,2.5,88.0,0,1,2,0,10,Female,Yes,Yes,Placed,ECE
3837,64.0,56.6,63.7,6.36,69,68,3.0,72.5,0,0,1,5,7,Female,Yes,No,NotPlaced,EE
3838,55.3,45.0,60.6,5.35,63,79,3.3,78.4,0,1,2,2,6,Male,Yes,No,NotPlaced,ME
3839,62.9,61.4,64.7,6.45,59,65,2.8,78.9,1,0,2,3,1,Male,No,Yes,NotPlaced,ChemE
3840,94.4,79.0,79.3,9.47,82,65,2.7,88.1,0,0,1,2,2,Female,No,No,Placed,CS
3841,76.7,81.7,78.3,8.82,76,68,3.1,91.1,0,0,2,3,0,Male,Yes,No,Placed,ECE
3842,69.3,57.3,56.2,6.04,63,68,3.2,82.1,2,0,1,1,0,Male,No,No,NotPlaced,ME
3843,67.9,71.8,62.4,6.12,66,77,4.2,85.7,0,1,0,3,10,Female,Yes,Yes,Placed,ME
3844,56.9,65.5,71.4,7.72,57,71,4.0,93.8,1,0,1,2,2,Male,No,No,Placed,ECE
3845,73.5,66.8,70.0,6.94,74,58,4.6,80.7,1,1,0,1,8,Male,No,No,NotPlaced,CE
3846,77.7,67.3,69.1,6.86,64,61,3.4,76.2,0,2,3,1,7,Male,No,Yes,NotPlaced,ChemE
3847,94.5,85.3,76.0,7.81,98,87,4.2,94.9,0,1,0,5,4,Male,Yes,No,Placed,IT
3848,57.2,78.8,62.3,6.78,53,73,3.8,82.8,2,0,3,2,4,Male,Yes,No,NotPlaced,ME
3849,55.4,69.3,71.8,8.64,65,88,4.6,92.5,0,3,4,4,12,Male,Yes,Yes,Placed,ECE
3850,74.6,81.7,73.3,7.28,65,80,3.8,69.9,1,1,2,0,4,Male,Yes,No,Placed,ECE
3851,78.0,74.4,80.8,7.72,84,64,4.4,82.2,0,0,2,0,1,Male,Yes,Yes,Placed,CE
3852,65.7,73.1,72.8,7.54,72,66,3.2,79.2,0,0,0,4,2,Male,Yes,No,Placed,IT
3853,66.2,58.6,62.8,7.38,58,69,3.3,85.0,1,2,2,1,15,Female,Yes,No,NotPlaced,CS
3854,61.2,73.8,64.5,6.74,59,54,2.9,79.4,0,1,0,0,3,Male,Yes,No,Placed,CE
3855,73.7,73.6,75.3,7.96,77,57,2.8,83.9,0,3,0,2,9,Male,Yes,Yes,NotPlaced,CE
3856,86.7,92.3,82.4,8.71,98,65,3.4,83.9,0,0,2,1,4,Female,Yes,Yes,Placed,IT
3857,70.6,46.3,66.3,6.77,55,54,2.8,89.1,1,0,0,1,2,Male,No,Yes,NotPlaced,EE
3858,61.7,63.9,57.9,6.59,73,70,2.9,89.9,1,0,5,1,2,Male,Yes,No,Placed,ChemE
3859,85.5,81.6,87.4,8.62,78,78,3.8,96.1,1,1,4,6,9,Male,Yes,No,Placed,CE
3860,73.0,64.5,70.4,7.75,66,60,3.0,88.8,0,1,2,2,4,Male,Yes,Yes,Placed,ChemE
3861,47.3,51.1,52.0,6.23,43,34,2.3,79.7,1,0,2,1,3,Female,No,No,NotPlaced,ChemE
3862,58.3,54.9,48.0,5.02,58,49,2.3,78.9,1,0,0,1,4,Male,Yes,No,NotPlaced,CE
3863,64.8,57.4,60.5,6.69,63,45,3.6,89.1,0,0,1,0,3,Male,Yes,No,NotPlaced,IT
3864,67.4,56.1,61.6,7.13,65,77,4.3,81.7,0,2,2,1,16,Female,No,Yes,Placed,ECE
3865,68.5,66.5,74.3,7.45,74,59,3.5,74.5,0,2,0,2,15,Male,Yes,Yes,Placed,ME
3866,60.6,69.9,70.8,6.94,69,80,3.8,80.5,0,0,4,2,2,Male,Yes,Yes,Placed,CS
3867,53.2,48.7,48.0,5.56,50,39,3.4,74.5,0,1,0,0,5,Male,Yes,No,NotPlaced,CE
3868,67.7,51.6,60.6,6.33,65,44,4.1,70.2,3,0,2,1,3,Female,Yes,Yes,NotPlaced,ME
3869,84.2,71.4,74.4,7.27,56,56,2.1,66.8,0,0,0,0,6,Female,No,No,Placed,IT
3870,67.2,58.0,55.3,5.63,44,59,3.9,75.9,4,0,2,0,0,Male,No,No,NotPlaced,CS
3871,60.9,75.6,70.9,7.91,71,79,4.8,94.5,0,2,3,2,18,Male,Yes,Yes,Placed,CS
3872,62.8,70.2,55.7,7.21,66,72,4.7,70.8,3,1,2,3,6,Female,No,Yes,Placed,IT
3873,88.1,91.9,81.1,8.75,81,74,3.4,86.3,0,1,2,2,6,Male,No,Yes,Placed,ECE
3874,83.3,72.3,70.7,7.33,66,54,3.4,85.7,0,1,1,2,8,Male,Yes,No,Placed,CE
3875,65.8,69.1,75.3,7.95,70,80,3.5,97.4,0,2,0,3,13,Male,No,No,Placed,EE
3876,81.1,85.4,82.0,8.3,81,84,4.0,93.6,0,2,4,2,11,Male,Yes,Yes,Placed,ECE
3877,69.9,71.1,72.8,7.91,89,100,4.2,89.9,0,1,5,3,7,Male,Yes,Yes,Placed,IT
3878,65.7,57.7,50.3,7.07,52,69,3.0,77.3,0,0,1,1,0,Female,No,No,NotPlaced,CE
3879,60.7,50.1,53.7,6.57,49,69,1.8,68.0,3,3,2,0,13,Female,No,Yes,NotPlaced,ChemE
3880,71.4,82.3,74.1,7.27,56,63,2.9,67.6,0,0,0,1,6,Female,Yes,Yes,Placed,IT
3881,56.0,78.9,61.0,6.14,70,71,2.7,75.0,2,0,0,3,0,Male,Yes,No,NotPlaced,CS
3882,59.1,67.6,60.5,7.04,51,84,4.0,86.7,0,1,3,2,14,Male,No,No,Placed,EE
3883,95.8,77.1,63.1,7.83,78,63,4.1,86.1,0,2,1,4,7,Male,Yes,Yes,Placed,EE
3884,82.5,86.4,80.6,8.42,67,34,3.4,92.7,0,1,1,1,10,Male,Yes,No,NotPlaced,EE
3885,86.6,70.3,68.4,7.32,71,72,3.1,90.1,0,0,1,1,1,Male,Yes,Yes,NotPlaced,CE
3886,76.1,72.0,70.0,6.62,45,32,3.0,87.2,2,0,0,0,0,Female,No,Yes,NotPlaced,CE
3887,58.2,57.9,66.6,7.19,43,69,3.2,81.4,0,0,2,1,4,Male,Yes,No,NotPlaced,EE
3888,60.6,53.2,56.1,5.7,40,32,2.5,76.3,3,0,0,0,5,Female,Yes,Yes,NotPlaced,CS
3889,57.6,48.0,63.5,6.68,65,62,4.4,85.3,0,2,3,0,16,Male,Yes,Yes,NotPlaced,CE
3890,73.6,65.9,77.0,7.66,77,73,3.7,80.3,1,0,4,3,5,Male,No,Yes,Placed,ECE
3891,48.9,46.9,68.2,6.31,41,45,3.8,75.9,0,0,0,2,2,Male,Yes,No,NotPlaced,CS
3892,47.7,45.0,60.4,6.27,58,73,3.4,68.1,1,0,1,0,4,Male,Yes,Yes,NotPlaced,CS
3893,59.8,59.5,72.8,6.96,58,46,4.0,73.6,1,0,1,0,1,Female,No,Yes,NotPlaced,ME
3894,73.8,79.2,77.8,8.56,68,72,3.5,100.0,0,1,2,4,9,Female,No,Yes,Placed,CE
3895,58.2,49.3,48.0,6.22,59,74,3.8,82.4,1,2,0,1,9,Male,Yes,Yes,NotPlaced,ME
3896,60.8,61.8,60.9,6.65,72,74,3.6,84.5,2,2,0,2,10,Female,Yes,No,NotPlaced,ECE
3897,69.1,59.7,68.9,6.69,66,61,3.6,79.0,0,1,1,3,11,Female,Yes,No,Placed,ME
3898,73.2,63.3,60.1,7.04,62,61,3.0,77.1,1,0,2,0,4,Male,Yes,No,NotPlaced,CS
3899,63.7,53.9,58.0,6.6,53,55,3.0,81.9,1,1,0,0,8,Male,No,Yes,NotPlaced,ECE
3900,74.3,64.9,67.6,8.13,90,73,3.4,72.8,1,2,3,6,15,Female,Yes,Yes,Placed,CS
3901,80.1,83.5,82.2,7.98,57,74,4.8,95.7,0,3,2,3,22,Male,Yes,Yes,Placed,CS
3902,53.7,54.6,68.6,6.48,47,56,2.6,72.9,1,1,1,0,7,Female,No,No,NotPlaced,EE
3903,74.3,54.7,62.8,7.05,78,69,3.0,83.4,2,0,3,0,0,Female,No,Yes,NotPlaced,CS
3904,58.8,71.1,63.1,6.35,61,75,2.9,79.5,1,1,3,2,6,Male,No,No,NotPlaced,CE
3905,75.1,47.5,66.7,6.45,64,66,4.0,77.2,0,0,2,1,3,Male,Yes,Yes,NotPlaced,CS
3906,85.2,88.0,82.2,9.02,74,57,4.1,85.4,0,1,0,0,6,Female,Yes,Yes,Placed,CS
3907,64.3,49.0,48.0,6.03,46,61,3.7,68.0,1,0,0,1,0,Male,Yes,No,NotPlaced,EE
3908,81.4,76.1,77.7,7.91,86,81,4.4,69.5,0,0,0,6,2,Female,No,No,Placed,IT
3909,83.4,74.4,83.5,8.5,99,95,4.0,82.0,0,1,2,2,7,Male,No,Yes,Placed,CE
3910,54.1,56.9,57.0,6.77,54,54,4.8,79.8,1,1,2,2,7,Female,No,Yes,Placed,ME
3911,59.2,59.4,58.1,6.28,59,44,2.8,84.6,0,0,2,0,6,Male,Yes,No,NotPlaced,EE
3912,83.3,60.4,62.8,7.52,86,95,4.1,89.5,0,1,2,3,8,Male,Yes,Yes,Placed,ECE
3913,69.9,54.1,49.9,6.93,47,54,3.4,74.5,1,1,0,0,5,Male,Yes,No,NotPlaced,CE
3914,70.4,72.8,72.4,7.81,80,71,3.8,86.5,0,1,1,1,10,Female,No,Yes,Placed,IT
3915,72.6,70.2,55.3,6.34,49,48,3.6,76.1,0,1,2,1,8,Female,Yes,Yes,NotPlaced,IT
3916,81.0,82.4,72.9,8.81,78,63,3.8,100.0,0,1,1,2,8,Female,No,Yes,Placed,ECE
3917,71.0,65.7,72.4,7.85,73,66,4.1,97.0,0,1,2,1,9,Female,Yes,Yes,Placed,CE
3918,67.6,66.6,65.1,7.06,74,83,4.0,76.6,1,1,1,1,3,Male,No,No,NotPlaced,EE
3919,66.7,56.9,64.5,5.74,76,72,2.3,79.9,1,3,0,1,17,Female,Yes,Yes,NotPlaced,CE
3920,81.5,72.7,81.7,7.39,63,62,3.3,72.8,0,1,1,1,7,Male,Yes,No,Placed,CE
3921,76.6,72.4,72.5,7.84,76,62,2.6,99.6,0,3,3,0,20,Female,Yes,No,Placed,EE
3922,65.2,58.5,64.3,6.58,56,53,3.6,79.3,1,0,0,1,3,Male,Yes,No,NotPlaced,ME
3923,47.7,46.9,48.0,5.07,54,77,3.3,73.7,2,0,2,0,2,Female,No,No,NotPlaced,ME
3924,69.2,60.7,63.1,6.7,77,74,3.2,77.7,1,0,3,0,3,Male,Yes,No,NotPlaced,EE
3925,64.0,47.1,58.1,7.59,72,74,3.8,73.7,1,0,1,0,0,Male,No,Yes,NotPlaced,CS
3926,61.8,65.8,59.1,7.56,67,56,4.5,81.6,0,1,0,0,5,Female,Yes,Yes,NotPlaced,CE
3927,74.0,69.3,55.7,5.97,58,67,3.5,77.7,1,0,2,1,2,Female,No,Yes,NotPlaced,EE
3928,73.3,90.8,77.5,7.88,77,60,3.2,87.7,0,1,1,2,6,Male,Yes,Yes,Placed,ECE
3929,72.2,94.7,83.5,8.81,100,100,4.1,91.4,0,1,2,2,6,Female,Yes,No,Placed,CS
3930,87.5,77.0,74.6,8.06,85,81,4.3,94.4,0,2,2,2,14,Male,Yes,No,Placed,CS
3931,62.1,63.6,65.9,8.26,79,82,3.6,85.9,0,1,2,5,11,Female,Yes,No,Placed,CS
3932,64.0,60.0,64.0,6.86,59,59,2.9,74.8,2,0,0,0,3,Female,No,Yes,NotPlaced,ME
3933,60.9,60.6,62.1,7.31,56,56,3.4,74.0,0,0,0,0,3,Female,Yes,No,NotPlaced,ChemE
3934,63.7,55.5,66.4,6.15,58,57,4.4,76.8,1,1,1,2,12,Male,No,Yes,NotPlaced,EE
3935,84.0,57.7,63.0,6.77,59,60,2.9,71.8,1,0,2,2,2,Male,Yes,Yes,NotPlaced,CS
3936,65.8,58.2,53.8,7.13,62,63,3.7,75.7,0,1,3,1,6,Male,No,No,NotPlaced,CS
3937,86.4,71.6,77.8,9.43,84,86,4.9,87.0,0,3,3,6,15,Male,Yes,Yes,Placed,ME
3938,81.4,81.3,75.5,7.2,86,74,4.4,80.8,0,0,1,4,1,Male,No,Yes,NotPlaced,EE
3939,54.4,60.9,59.7,5.98,65,62,2.4,74.4,0,0,2,5,0,Female,No,No,NotPlaced,ECE
3940,71.9,60.8,54.0,5.8,64,75,4.7,86.4,0,1,3,1,8,Male,Yes,Yes,Placed,CS
3941,84.1,83.2,74.8,8.28,82,69,5.0,98.7,0,2,1,2,15,Female,Yes,Yes,Placed,ECE
3942,69.3,63.5,57.9,6.98,63,60,3.6,65.1,1,1,0,0,5,Female,No,Yes,NotPlaced,ChemE
3943,52.3,48.5,59.8,6.29,72,48,2.6,66.8,1,0,3,0,9,Female,No,No,NotPlaced,CE
3944,71.6,80.4,67.4,6.99,65,64,2.5,61.9,2,0,0,0,3,Female,No,Yes,Placed,EE
3945,64.1,55.3,54.0,6.47,56,50,2.6,81.7,2,0,1,1,3,Female,No,Yes,NotPlaced,EE
3946,90.8,68.1,82.5,9.6,74,82,4.7,97.9,0,1,1,3,9,Male,Yes,Yes,Placed,ECE
3947,58.9,61.3,65.8,6.34,62,61,3.5,74.9,0,1,2,0,15,Male,Yes,Yes,Placed,EE
3948,79.6,66.5,62.3,6.4,80,65,2.5,63.5,4,1,1,1,6,Female,Yes,No,NotPlaced,CE
3949,68.2,60.7,58.2,6.5,62,71,3.4,84.5,1,0,1,5,0,Male,Yes,Yes,Placed,ECE
3950,62.7,70.8,64.4,5.89,48,58,3.5,58.3,2,0,0,1,4,Male,No,No,NotPlaced,ChemE
3951,64.4,65.1,63.7,6.98,63,33,3.6,94.9,0,0,0,2,6,Female,Yes,Yes,NotPlaced,ECE
3952,62.7,53.3,57.8,6.71,64,69,3.9,63.4,2,0,0,1,0,Female,Yes,Yes,Placed,CE
3953,59.2,56.4,64.9,6.8,42,52,3.3,79.8,1,0,0,1,0,Female,No,No,NotPlaced,ChemE
3954,91.2,86.6,83.9,9.21,81,60,2.9,74.7,0,1,0,3,5,Female,No,Yes,NotPlaced,CE
3955,60.7,58.4,57.5,5.97,66,66,3.3,70.7,1,0,2,0,7,Female,No,No,NotPlaced,ME
3956,85.6,78.9,72.6,7.25,46,63,3.8,87.8,0,1,1,1,11,Male,No,No,NotPlaced,EE
3957,71.8,79.8,69.4,8.19,79,66,3.1,88.3,0,1,0,1,11,Female,Yes,No,Placed,CS
3958,74.9,61.5,66.9,7.59,65,68,3.5,90.3,0,2,1,0,7,Female,No,Yes,Placed,ECE
3959,57.2,56.0,58.3,5.94,51,54,3.5,72.7,0,2,1,1,16,Male,Yes,Yes,NotPlaced,IT
3960,85.7,59.9,76.8,7.81,71,75,4.4,80.6,1,0,3,0,5,Female,No,Yes,Placed,ECE
3961,50.6,69.9,48.0,5.93,72,78,3.5,87.0,0,0,2,2,3,Male,No,Yes,NotPlaced,ME
3962,89.5,80.5,90.4,8.67,90,63,2.8,65.2,0,0,0,1,0,Male,No,Yes,NotPlaced,CS
3963,81.0,78.8,76.1,7.64,68,77,3.3,81.9,1,1,2,1,12,Female,Yes,Yes,NotPlaced,IT
3964,62.1,62.7,64.5,8.38,52,72,4.3,83.2,0,1,3,4,10,Male,Yes,No,Placed,CE
3965,96.0,59.1,70.4,8.3,61,65,3.9,89.9,0,0,1,4,4,Male,Yes,No,NotPlaced,IT
3966,54.6,48.5,62.4,6.56,66,97,3.9,80.6,1,1,6,1,10,Male,No,No,Placed,ME
3967,73.7,69.5,73.9,7.15,59,84,2.5,89.8,0,2,2,4,16,Female,No,Yes,Placed,IT
3968,79.6,69.4,58.5,7.11,63,70,3.6,70.3,2,0,1,2,2,Male,Yes,Yes,Placed,IT
3969,64.3,68.9,65.3,7.61,75,90,3.2,81.3,1,0,1,1,5,Female,No,No,Placed,ECE
3970,67.1,52.8,69.7,6.92,70,69,4.5,69.6,2,1,4,2,9,Male,Yes,Yes,Placed,ECE
3971,91.5,96.4,95.7,9.22,80,76,3.6,83.4,0,1,1,5,4,Male,Yes,Yes,Placed,ECE
3972,70.7,76.6,59.3,7.53,70,67,3.1,76.2,2,2,2,1,12,Male,Yes,No,NotPlaced,ECE
3973,88.8,83.7,81.5,8.25,64,68,4.0,82.0,0,0,0,2,2,Male,No,Yes,NotPlaced,IT
3974,60.2,57.6,53.3,6.55,62,84,2.9,73.1,1,1,2,1,6,Male,No,No,Placed,ME
3975,50.1,67.8,67.5,6.74,58,50,2.5,80.2,0,2,3,0,12,Male,Yes,Yes,NotPlaced,ECE
3976,72.8,72.3,66.1,7.18,66,72,3.1,86.0,0,2,2,1,15,Female,Yes,No,Placed,CS
3977,70.7,79.2,69.1,7.01,64,64,4.1,83.8,0,0,1,0,3,Female,Yes,Yes,NotPlaced,CS
3978,81.5,92.3,73.9,7.91,77,89,4.3,98.2,1,3,3,2,21,Male,Yes,Yes,Placed,ECE
3979,69.8,74.2,62.6,7.28,62,54,3.3,67.7,2,1,0,0,4,Female,No,Yes,NotPlaced,CE
3980,70.7,75.9,75.8,7.63,83,65,4.6,85.5,0,1,1,2,4,Male,No,No,Placed,CS
3981,74.8,74.7,74.3,8.57,68,44,3.5,74.5,2,0,1,0,0,Male,No,No,NotPlaced,EE
3982,83.0,68.4,71.1,7.4,55,54,3.3,83.6,2,0,1,0,4,Female,Yes,Yes,Placed,EE
3983,67.4,66.9,61.6,7.27,59,58,4.9,62.3,1,1,0,1,11,Male,Yes,Yes,Placed,CS
3984,67.1,55.3,50.8,6.32,43,40,3.8,69.4,2,1,1,1,10,Male,Yes,No,NotPlaced,CS
3985,74.2,96.3,82.7,7.56,80,64,5.0,85.5,0,1,1,1,8,Female,Yes,Yes,Placed,CE
3986,72.5,66.5,79.1,8.03,81,68,4.4,96.3,0,1,1,1,8,Male,Yes,No,Placed,EE
3987,61.6,77.0,62.7,7.03,72,70,1.2,82.2,1,1,0,0,4,Male,No,No,NotPlaced,ChemE
3988,89.6,61.2,79.9,8.42,85,94,3.4,88.3,0,0,3,0,0,Male,Yes,Yes,Placed,CS
3989,56.6,63.4,63.1,6.95,53,58,2.3,67.8,2,2,1,2,11,Female,Yes,Yes,NotPlaced,CE
3990,79.0,71.9,83.3,6.89,70,76,3.8,83.4,1,0,1,0,5,Female,No,No,NotPlaced,CE
3991,73.2,70.4,64.8,7.07,68,41,3.6,78.2,1,0,1,1,3,Male,No,Yes,NotPlaced,ECE
3992,64.2,56.4,58.3,6.02,55,57,2.5,86.8,0,2,1,2,13,Female,No,Yes,Placed,IT
3993,45.2,70.7,48.4,6.49,59,68,3.0,71.0,2,1,1,2,12,Female,No,No,NotPlaced,CE
3994,58.5,69.6,78.5,7.74,75,59,3.6,85.8,0,0,3,0,0,Male,No,Yes,Placed,EE
3995,68.0,56.4,61.0,7.8,79,77,2.6,86.8,1,2,2,0,14,Male,No,No,Placed,ME
3996,67.3,64.5,77.8,7.81,72,68,4.1,84.0,0,1,1,1,5,Male,Yes,No,NotPlaced,ECE
3997,70.3,69.4,68.6,7.47,68,65,2.2,70.9,0,1,0,2,4,Female,No,Yes,NotPlaced,EE
3998,54.4,60.0,53.2,5.7,76,72,2.8,81.8,1,1,0,1,7,Female,Yes,No,NotPlaced,ECE
3999,56.7,69.0,56.9,6.83,81,60,1.6,75.1,3,2,0,0,19,Female,No,No,NotPlaced,EE
4000,74.0,72.3,75.7,8.91,84,87,3.2,87.2,0,1,2,2,9,Male,No,No,Placed,CS
4001,60.3,50.9,55.1,5.65,62,73,3.0,74.4,0,1,0,1,7,Female,No,Yes,NotPlaced,CE
4002,59.5,63.0,69.7,7.44,72,53,3.8,81.9,0,0,1,0,3,Male,No,Yes,Placed,ChemE
4003,69.8,69.4,68.6,7.49,72,74,2.4,74.3,1,0,1,1,5,Female,No,No,NotPlaced,ECE
4004,71.5,82.4,65.6,7.16,76,75,3.0,87.7,0,1,1,1,8,Male,Yes,Yes,Placed,IT
4005,69.3,68.6,67.7,7.44,72,60,3.2,80.7,2,2,0,3,16,Male,Yes,Yes,Placed,CS
4006,91.1,76.0,60.4,7.65,63,51,2.4,88.0,0,0,2,1,0,Male,Yes,No,Placed,EE
4007,57.9,68.4,59.8,6.59,71,60,4.6,79.3,0,1,1,1,8,Female,Yes,Yes,NotPlaced,ECE
4008,87.3,78.7,73.7,8.79,86,72,5.0,88.7,0,1,2,2,5,Male,Yes,Yes,Placed,ME
4009,75.8,62.1,75.8,7.9,83,80,3.4,89.6,0,2,0,2,11,Male,No,No,Placed,EE
4010,67.9,56.3,66.6,7.36,63,78,2.9,86.7,0,2,0,1,15,Male,No,Yes,NotPlaced,ChemE
4011,56.1,61.0,56.8,6.18,50,60,2.9,77.7,2,0,0,2,1,Female,No,No,NotPlaced,CE
4012,81.6,73.7,65.4,6.81,51,59,3.4,84.4,1,1,0,0,11,Male,No,Yes,NotPlaced,EE
4013,83.0,77.1,71.4,9.22,57,59,3.5,81.6,0,0,0,2,4,Female,No,No,NotPlaced,EE
4014,89.5,91.0,80.6,8.2,69,65,2.7,96.7,0,1,5,1,4,Male,Yes,Yes,NotPlaced,IT
4015,45.0,51.8,49.8,5.7,54,38,2.7,63.4,2,0,0,0,1,Female,Yes,Yes,NotPlaced,CE
4016,58.8,52.2,56.7,5.85,52,69,3.3,78.8,0,1,2,1,7,Male,No,Yes,Placed,ME
4017,61.7,50.3,64.1,6.66,52,62,3.2,73.4,2,1,1,0,6,Male,No,No,NotPlaced,IT
4018,68.5,83.2,61.3,7.85,68,56,3.1,90.7,0,0,1,1,4,Male,Yes,No,Placed,CS
4019,76.6,79.2,82.0,8.55,77,85,4.4,93.8,0,2,1,2,12,Male,Yes,No,Placed,CE
4020,67.1,61.4,66.1,7.51,53,47,2.5,72.7,1,0,0,1,0,Male,Yes,No,NotPlaced,ChemE
4021,73.6,67.3,63.0,6.93,77,90,4.2,86.3,0,1,0,1,11,Female,Yes,Yes,Placed,IT
4022,85.1,88.3,70.0,8.18,71,64,4.2,89.0,0,0,1,1,3,Female,Yes,Yes,Placed,ME
4023,88.2,88.0,79.0,8.63,74,61,4.8,72.1,0,1,1,1,6,Male,Yes,Yes,Placed,CS
4024,83.9,77.7,80.1,9.42,79,89,3.9,81.2,0,3,2,1,20,Female,No,Yes,Placed,CS
4025,68.4,69.3,58.9,7.19,59,85,3.8,80.9,1,1,1,2,6,Male,Yes,Yes,Placed,CS
4026,69.1,79.2,68.6,6.85,75,77,3.8,67.4,1,1,3,2,5,Female,No,No,Placed,CS
4027,69.8,72.3,69.4,7.94,87,80,4.2,74.1,1,0,1,3,2,Male,Yes,Yes,Placed,EE
4028,83.8,90.0,91.8,9.04,90,100,4.4,97.0,0,2,1,5,10,Female,Yes,Yes,Placed,CS
4029,74.0,58.8,73.7,7.56,79,72,2.8,80.0,0,0,0,2,4,Male,No,No,NotPlaced,IT
4030,72.4,77.6,56.1,7.74,58,60,4.0,68.8,1,0,0,0,4,Male,Yes,No,NotPlaced,ME
4031,67.7,45.0,53.7,5.82,51,74,3.7,58.9,2,1,1,0,7,Male,No,Yes,NotPlaced,ECE
4032,65.3,49.0,54.3,6.73,74,74,2.8,92.7,0,2,5,1,18,Male,No,Yes,Placed,CS
4033,73.8,63.9,72.6,8.92,73,50,3.5,84.3,0,0,1,1,0,Female,No,No,NotPlaced,CS
4034,66.9,49.9,49.0,5.9,55,40,2.7,72.2,1,0,2,0,2,Male,Yes,Yes,NotPlaced,EE
4035,58.7,75.4,73.0,7.33,77,79,4.2,90.6,0,1,3,4,7,Male,Yes,Yes,Placed,IT
4036,76.6,76.0,60.1,7.29,67,63,3.3,75.9,2,2,1,1,11,Female,No,No,NotPlaced,EE
4037,76.1,88.6,89.5,7.96,85,50,2.5,82.5,0,2,1,2,11,Female,Yes,Yes,Placed,ME
4038,73.8,80.6,59.7,7.15,45,59,2.9,66.1,1,0,0,0,7,Male,No,No,NotPlaced,ECE
4039,74.9,73.7,65.3,8.1,75,96,4.5,79.8,1,0,3,0,5,Male,No,Yes,NotPlaced,ME
4040,62.3,55.0,54.4,5.78,46,41,4.1,76.1,0,0,0,1,1,Female,No,Yes,NotPlaced,ME
4041,87.1,54.8,61.8,7.37,70,68,3.6,78.8,2,1,0,2,9,Male,No,Yes,NotPlaced,IT
4042,69.2,69.0,79.2,7.86,69,65,2.0,84.0,0,1,5,2,6,Female,No,Yes,Placed,CS
4043,60.3,48.9,60.8,6.93,67,52,3.3,87.3,0,1,2,0,6,Female,No,No,Placed,ME
4044,73.5,60.3,75.8,7.84,77,60,3.1,91.6,0,0,0,1,0,Male,No,No,Placed,CE
4045,86.5,78.6,70.8,7.86,67,82,3.8,97.4,0,2,4,1,15,Male,No,Yes,Placed,CE
4046,58.4,45.0,55.0,5.76,64,62,2.8,81.5,0,0,0,0,0,Male,No,Yes,NotPlaced,EE
4047,70.2,55.0,63.9,7.47,67,79,2.2,79.8,2,0,1,1,2,Male,Yes,No,NotPlaced,ChemE
4048,65.5,47.5,73.0,6.7,72,92,3.4,71.1,1,2,6,0,12,Male,Yes,No,Placed,CE
4049,64.8,76.4,63.1,8.69,63,53,2.2,76.8,1,0,1,2,8,Male,Yes,No,NotPlaced,ECE
4050,73.2,82.9,53.0,7.82,61,34,2.6,85.4,0,0,0,1,0,Male,Yes,No,NotPlaced,ME
4051,73.1,73.7,74.4,7.58,88,84,3.6,94.8,0,1,3,2,9,Female,Yes,No,Placed,ChemE
4052,80.5,76.2,62.3,6.54,65,74,3.6,66.9,1,1,3,0,6,Male,No,No,NotPlaced,CS
4053,84.0,67.3,76.3,7.74,68,63,2.8,70.7,0,1,2,3,10,Male,No,No,NotPlaced,ME
4054,74.7,93.3,81.6,7.82,86,80,4.4,82.6,0,0,3,2,6,Female,No,Yes,Placed,ECE
4055,61.5,55.1,57.3,6.8,58,79,2.9,81.7,1,4,3,6,25,Female,No,Yes,Placed,ME
4056,64.6,63.0,54.8,6.09,39,56,3.3,68.5,2,0,1,0,0,Female,No,Yes,NotPlaced,EE
4057,59.5,64.0,65.4,6.52,67,58,3.3,89.0,1,0,1,2,1,Male,Yes,Yes,Placed,ME
4058,60.8,51.0,63.5,7.31,56,56,5.0,81.2,0,1,1,0,11,Male,No,Yes,NotPlaced,EE
4059,66.2,60.3,65.5,6.99,72,62,2.9,82.7,0,1,3,0,4,Male,Yes,Yes,NotPlaced,ECE
4060,81.2,78.6,73.3,8.26,74,76,3.8,92.6,0,1,0,2,3,Male,Yes,No,Placed,ECE
4061,80.5,56.1,78.2,7.37,81,76,4.1,78.4,0,0,2,0,3,Male,No,Yes,Placed,EE
4062,93.3,93.6,96.0,9.47,91,88,3.7,84.7,0,0,3,3,5,Male,No,Yes,Placed,ECE
4063,79.6,47.2,50.2,6.85,56,80,4.6,67.2,1,1,2,1,14,Male,Yes,Yes,Placed,CS
4064,69.0,76.4,71.0,7.99,62,67,4.2,100.0,0,0,1,1,0,Female,Yes,No,Placed,ChemE
4065,89.0,71.7,76.9,9.22,79,67,4.7,92.4,0,2,1,1,13,Male,No,Yes,Placed,CS
4066,62.8,72.4,61.4,7.44,64,50,2.5,86.3,0,1,0,2,5,Female,Yes,No,NotPlaced,ME
4067,93.2,86.7,62.2,7.6,73,66,3.8,88.7,0,3,3,3,17,Female,No,No,Placed,IT
4068,67.2,52.6,51.6,5.56,40,40,5.0,76.2,1,1,0,0,6,Male,No,No,NotPlaced,CS
4069,67.2,58.4,57.0,5.65,56,62,4.6,61.6,5,1,2,1,5,Male,No,No,NotPlaced,ChemE
4070,59.8,82.5,76.5,7.85,81,60,2.6,68.9,1,0,3,2,0,Female,No,No,NotPlaced,ECE
4071,75.2,61.6,72.2,7.2,69,65,2.6,73.6,1,1,1,3,4,Male,No,Yes,NotPlaced,ME
4072,53.2,51.9,58.0,6.6,46,47,4.1,76.0,2,2,0,1,12,Female,No,Yes,NotPlaced,EE
4073,73.9,73.5,71.2,7.69,64,55,3.5,85.9,1,2,0,2,15,Male,No,Yes,Placed,CS
4074,64.6,76.9,76.7,7.68,76,59,2.1,74.1,1,0,3,1,4,Female,No,No,NotPlaced,ChemE
4075,69.2,62.8,66.3,7.64,52,49,3.0,81.4,1,0,5,1,1,Female,No,No,NotPlaced,ECE
4076,68.2,59.0,74.8,7.68,70,90,2.3,77.8,3,2,3,1,12,Male,No,Yes,Placed,ME
4077,49.6,59.6,48.0,5.69,47,42,2.9,70.6,1,0,0,1,1,Female,No,Yes,NotPlaced,ChemE
4078,78.9,62.8,69.0,7.84,73,100,3.5,73.5,0,0,3,1,5,Female,No,No,Placed,CS
4079,62.2,77.9,55.7,7.01,49,54,4.9,82.0,1,0,2,0,4,Male,Yes,Yes,Placed,EE
4080,66.6,56.2,61.9,7.18,69,56,3.3,84.7,0,2,0,2,15,Male,Yes,Yes,Placed,CE
4081,86.7,71.2,77.8,8.08,63,67,4.0,87.4,0,1,2,0,5,Male,Yes,Yes,NotPlaced,IT
4082,89.2,76.2,80.7,7.23,65,61,2.6,84.3,0,1,2,2,9,Male,Yes,Yes,Placed,EE
4083,73.4,73.6,72.8,7.21,66,54,5.0,82.7,0,0,5,3,3,Female,Yes,Yes,Placed,IT
4084,60.8,64.4,77.4,7.32,80,100,4.6,81.4,2,2,8,2,8,Male,No,No,Placed,ECE
4085,57.4,80.1,65.2,7.15,84,76,2.7,68.7,0,1,1,2,6,Male,No,No,NotPlaced,IT
4086,80.7,81.5,76.9,8.03,74,71,2.9,89.0,0,2,3,1,16,Male,Yes,Yes,Placed,ME
4087,72.8,60.7,64.8,6.53,64,58,2.9,70.4,0,0,0,2,1,Male,No,No,NotPlaced,EE
4088,74.3,74.4,72.4,8.05,68,56,3.6,75.9,0,1,1,1,10,Female,Yes,No,NotPlaced,EE
4089,84.0,88.6,79.8,8.97,78,66,3.1,67.0,0,0,1,2,3,Male,Yes,Yes,Placed,ME
4090,67.7,78.6,76.8,6.66,64,61,4.6,83.9,0,0,4,2,4,Female,Yes,Yes,NotPlaced,CS
4091,77.8,70.1,70.5,7.11,77,81,3.8,83.8,0,0,2,6,4,Female,Yes,No,Placed,CS
4092,94.5,79.3,83.7,9.17,84,81,3.9,92.6,0,2,1,4,7,Male,Yes,No,Placed,ChemE
4093,66.5,62.1,67.3,7.74,74,76,3.7,88.3,0,0,3,1,0,Male,Yes,No,NotPlaced,CS
4094,75.8,59.2,73.7,7.59,69,87,3.7,75.9,0,0,1,1,2,Female,Yes,No,Placed,CE
4095,65.8,70.4,78.2,7.71,68,73,2.7,88.3,0,1,2,4,8,Female,Yes,Yes,Placed,IT
4096,80.4,75.8,79.3,8.15,74,68,3.2,87.7,0,3,2,4,14,Female,Yes,No,Placed,IT
4097,74.5,76.6,76.3,7.67,74,57,3.9,82.3,0,1,0,0,11,Female,No,No,Placed,IT
4098,53.1,57.2,48.0,5.14,45,62,3.3,71.1,0,3,2,0,16,Female,No,No,Placed,ECE
4099,80.1,59.6,82.8,7.6,67,60,3.1,61.6,0,1,3,0,14,Female,No,No,Placed,ECE
4100,82.1,78.7,84.3,8.68,97,86,4.5,77.6,0,1,3,3,13,Male,Yes,No,Placed,CS
4101,88.1,79.9,72.9,8.38,66,54,3.4,79.6,0,2,1,0,19,Male,No,No,Placed,EE
4102,76.8,52.5,75.6,8.02,87,86,3.9,71.5,0,2,3,1,11,Male,No,No,Placed,IT
4103,65.1,64.5,61.0,6.81,57,49,4.5,82.9,1,1,1,0,7,Male,Yes,Yes,Placed,ECE
4104,90.0,99.0,75.6,8.73,86,71,3.7,90.6,0,1,1,5,7,Male,Yes,No,Placed,CS
4105,81.0,70.7,57.6,7.2,62,50,2.7,71.0,1,1,1,0,5,Female,Yes,Yes,Placed,IT
4106,71.4,71.9,71.4,7.66,65,52,4.4,82.2,0,0,4,1,5,Female,Yes,Yes,Placed,CE
4107,65.9,65.3,58.7,6.97,62,45,3.8,73.8,1,0,0,0,2,Female,Yes,Yes,NotPlaced,ME
4108,68.1,71.3,65.3,6.71,71,84,2.3,100.0,2,4,5,5,21,Female,No,No,Placed,IT
4109,73.9,80.7,76.2,6.91,69,71,3.0,78.6,0,0,3,1,10,Male,Yes,Yes,Placed,IT
4110,68.6,65.2,69.0,8.14,59,62,2.5,81.5,2,1,2,0,9,Female,No,No,Placed,CE
4111,61.7,82.3,73.6,7.56,77,67,3.4,79.8,1,1,1,0,6,Male,Yes,Yes,NotPlaced,ECE
4112,73.1,65.9,59.8,7.33,81,55,3.7,76.5,0,0,3,0,1,Male,Yes,Yes,Placed,CE
4113,83.7,89.1,66.8,8.22,68,69,4.2,83.0,0,1,2,3,4,Male,Yes,No,Placed,ECE
4114,65.4,62.3,55.1,5.81,54,56,3.4,67.6,1,0,0,0,0,Female,No,No,NotPlaced,IT
4115,76.4,65.5,65.7,6.44,63,54,2.2,78.3,1,0,3,2,1,Male,Yes,No,NotPlaced,ME
4116,85.2,83.8,85.4,8.33,66,58,3.6,79.6,0,0,0,0,0,Male,No,Yes,Placed,EE
4117,66.9,59.9,59.5,6.61,67,63,2.9,71.5,2,0,0,4,0,Female,No,No,NotPlaced,ME
4118,89.6,88.8,77.5,8.4,80,86,4.4,80.2,0,0,1,0,0,Female,Yes,Yes,Placed,ECE
4119,60.2,62.2,68.8,7.33,62,83,3.5,95.3,0,0,1,3,4,Female,Yes,Yes,Placed,ME
4120,77.3,79.4,70.7,7.93,93,83,5.0,99.2,0,3,5,3,22,Male,Yes,Yes,Placed,CS
4121,68.4,64.9,69.7,6.79,63,72,2.8,75.1,0,0,1,1,4,Male,Yes,No,NotPlaced,ME
4122,63.8,45.0,52.3,6.21,60,57,3.4,87.0,1,2,1,1,14,Male,Yes,No,NotPlaced,EE
4123,76.3,80.7,79.1,9.06,78,56,4.5,88.5,0,0,1,0,0,Female,No,No,Placed,ME
4124,67.9,59.0,82.0,7.55,64,55,2.8,77.4,0,1,2,1,6,Male,Yes,No,Placed,ME
4125,69.4,67.0,68.0,7.64,75,55,3.6,80.8,0,1,4,0,6,Male,No,No,Placed,CE
4126,73.8,73.5,67.9,7.16,79,75,3.6,78.2,0,2,0,1,22,Female,No,Yes,Placed,ChemE
4127,83.4,84.3,81.6,8.61,75,65,2.9,100.0,1,0,0,1,0,Male,Yes,Yes,NotPlaced,ME
4128,65.2,75.4,62.7,7.71,69,58,3.7,73.0,2,0,0,1,0,Male,Yes,Yes,NotPlaced,CE
4129,64.2,64.6,73.5,7.39,78,77,3.2,80.6,1,0,1,2,0,Male,No,Yes,NotPlaced,ChemE
4130,74.3,79.8,58.2,7.77,91,69,2.7,89.2,0,0,2,1,5,Male,Yes,No,Placed,ME
4131,90.1,81.2,90.6,9.42,83,100,4.1,87.5,0,2,1,6,17,Female,Yes,No,Placed,CS
4132,70.8,74.1,63.8,7.14,60,72,3.5,84.1,1,0,1,1,0,Male,Yes,Yes,Placed,CS
4133,51.1,61.3,48.0,5.33,40,50,3.0,64.7,1,0,1,1,0,Male,No,Yes,NotPlaced,CS
4134,75.0,54.7,65.7,6.9,66,72,4.2,70.6,0,1,1,0,6,Male,Yes,No,NotPlaced,EE
4135,62.7,53.6,49.4,6.42,44,55,2.9,55.9,1,0,1,0,2,Female,No,Yes,NotPlaced,CE
4136,65.7,56.4,59.0,6.13,69,82,3.7,71.9,1,1,1,1,3,Female,No,No,Placed,CS
4137,66.1,62.7,54.1,6.06,50,68,5.0,84.0,2,0,2,1,5,Male,Yes,No,NotPlaced,ME
4138,97.0,76.8,76.2,8.9,82,70,4.3,88.6,1,0,3,3,5,Male,Yes,Yes,Placed,ME
4139,66.8,63.2,70.2,7.61,75,87,3.6,89.1,0,1,6,3,6,Male,No,Yes,Placed,IT
4140,64.6,64.9,70.7,6.89,76,75,3.4,76.4,1,0,1,0,6,Male,Yes,No,Placed,CS
4141,92.2,90.2,96.0,10.0,83,60,3.1,97.9,0,2,1,3,14,Female,No,No,Placed,ChemE
4142,78.5,65.8,63.2,7.09,54,65,3.3,82.3,1,1,1,2,7,Female,No,No,NotPlaced,EE
4143,70.2,78.1,69.0,7.22,70,71,5.0,79.5,0,0,0,0,2,Male,Yes,Yes,NotPlaced,CE
4144,70.0,61.2,70.1,7.87,63,57,4.2,84.0,0,0,1,3,1,Male,No,Yes,NotPlaced,CS
4145,73.8,71.9,65.4,7.39,58,52,3.1,85.3,0,1,0,6,10,Male,No,Yes,Placed,EE
4146,65.7,57.5,56.0,7.03,73,76,2.5,79.3,0,2,0,3,15,Male,Yes,Yes,Placed,EE
4147,74.3,63.1,63.4,6.73,54,45,1.8,75.6,2,0,1,0,0,Male,No,No,NotPlaced,ECE
4148,71.7,67.9,67.7,7.21,76,62,3.0,79.1,0,0,3,4,2,Male,Yes,Yes,Placed,CE
4149,56.8,49.5,57.8,6.4,56,67,4.3,73.4,0,0,3,1,0,Male,Yes,Yes,NotPlaced,ME
4150,66.7,74.6,65.0,7.2,80,92,3.6,74.2,1,0,0,1,0,Female,No,Yes,NotPlaced,CE
4151,73.4,96.3,77.0,8.24,80,58,3.5,84.4,0,1,1,1,4,Female,No,Yes,NotPlaced,ECE
4152,84.3,62.0,65.2,6.67,62,42,4.1,83.1,0,1,3,2,8,Female,Yes,Yes,NotPlaced,ECE
4153,81.5,71.5,84.0,8.37,75,74,3.2,72.9,1,0,3,0,2,Male,No,No,Placed,CS
4154,78.6,66.5,78.2,7.36,51,38,2.2,78.7,0,0,0,1,1,Female,Yes,No,NotPlaced,EE
4155,73.3,78.9,65.5,7.45,76,71,4.0,86.7,1,1,1,2,4,Male,Yes,Yes,Placed,ECE
4156,70.1,59.8,61.4,7.27,75,69,4.9,83.3,2,1,3,4,4,Male,Yes,No,NotPlaced,ECE
4157,70.6,72.5,63.1,6.58,61,59,1.5,81.5,2,0,1,0,3,Male,No,No,NotPlaced,ME
4158,66.7,46.6,54.4,6.03,56,57,3.4,66.8,4,0,0,0,3,Male,No,No,NotPlaced,EE
4159,63.4,59.4,58.3,6.54,63,55,3.9,71.3,4,0,1,2,3,Female,No,Yes,Placed,CE
4160,69.1,71.9,63.9,7.2,59,62,2.7,70.6,0,1,2,1,4,Male,Yes,Yes,NotPlaced,ME
4161,66.8,73.2,70.9,6.67,69,60,3.1,78.5,0,1,2,0,6,Male,Yes,Yes,Placed,ME
4162,79.8,80.6,78.7,7.73,86,63,2.8,94.8,0,0,2,2,1,Male,Yes,No,Placed,ECE
4163,74.9,74.6,69.7,7.29,68,69,4.0,92.2,0,2,2,1,13,Female,Yes,Yes,Placed,CE
4164,99.0,93.6,73.4,8.57,82,85,4.5,91.0,0,1,4,1,3,Female,No,Yes,Placed,CE
4165,78.6,60.8,72.9,7.08,62,68,3.9,91.9,0,1,2,2,6,Female,No,No,NotPlaced,ME
4166,68.2,66.1,67.0,7.42,62,63,2.2,92.3,0,2,1,3,19,Male,Yes,No,Placed,ME
4167,66.8,70.4,72.3,7.14,75,86,3.1,73.6,0,1,1,1,7,Male,Yes,Yes,Placed,ECE
4168,60.2,72.1,58.8,6.29,74,69,2.8,76.4,0,1,2,0,8,Male,Yes,No,NotPlaced,ME
4169,57.9,67.1,64.4,7.17,52,28,2.9,74.2,2,0,0,0,1,Male,No,Yes,NotPlaced,ME
4170,66.1,72.6,63.0,7.86,68,69,4.4,90.9,0,3,3,0,20,Male,No,Yes,Placed,CE
4171,66.8,70.6,65.1,7.11,74,69,3.7,74.5,0,0,6,2,2,Male,Yes,Yes,Placed,ECE
4172,71.1,78.1,71.2,8.01,61,81,2.6,84.3,0,0,1,7,0,Male,Yes,No,Placed,ECE
4173,81.8,70.8,85.9,9.62,83,84,2.9,96.0,0,1,3,2,11,Female,No,Yes,Placed,ECE
4174,66.6,59.6,61.4,6.63,56,66,3.0,91.5,0,0,0,3,5,Female,Yes,No,NotPlaced,CS
4175,57.9,54.5,54.9,6.29,67,58,1.1,65.1,4,0,4,1,4,Male,No,No,NotPlaced,ME
4176,61.0,61.5,58.2,7.38,62,78,3.6,88.7,0,1,1,1,6,Male,Yes,No,NotPlaced,CS
4177,71.7,57.4,61.8,6.25,46,53,2.7,77.8,0,0,0,0,2,Female,No,Yes,Placed,ME
4178,77.1,76.7,74.2,8.03,60,69,3.7,83.1,1,0,4,2,3,Male,Yes,Yes,Placed,IT
4179,59.8,63.0,59.7,6.46,55,64,4.5,64.4,1,0,0,0,8,Male,No,No,NotPlaced,ME
4180,68.6,82.9,67.2,8.13,51,77,5.0,85.6,0,3,4,5,15,Female,No,Yes,Placed,CS
4181,61.2,53.3,69.3,8.04,72,76,3.8,74.5,1,2,2,2,13,Female,No,No,Placed,CS
4182,48.9,69.1,57.3,6.7,64,79,3.6,63.7,0,0,2,0,1,Female,Yes,No,Placed,EE
4183,81.1,66.3,70.1,7.4,66,80,4.4,87.0,1,2,3,3,16,Female,No,Yes,Placed,ME
4184,52.5,51.7,48.0,5.0,48,57,2.2,78.5,5,0,0,1,2,Female,No,No,NotPlaced,CE
4185,74.6,74.1,77.5,7.92,80,80,4.8,100.0,0,0,1,1,1,Male,No,No,Placed,CS
4186,95.5,87.5,83.9,8.31,88,81,4.8,90.0,0,4,1,2,32,Female,Yes,Yes,Placed,ECE
4187,65.2,49.0,59.0,6.11,74,85,3.6,81.0,1,0,1,1,0,Female,Yes,Yes,NotPlaced,ME
4188,68.2,54.4,62.5,7.19,76,75,1.7,65.5,0,0,2,1,3,Female,No,No,NotPlaced,ECE
4189,76.7,72.8,73.8,7.11,61,67,4.4,78.8,1,1,2,5,10,Female,No,Yes,Placed,CS
4190,81.1,53.6,73.6,8.49,67,73,5.0,89.9,1,0,1,2,3,Female,Yes,Yes,Placed,ECE
4191,68.5,55.2,71.2,6.95,55,44,4.1,92.9,1,0,1,1,2,Female,Yes,Yes,NotPlaced,ECE
4192,69.2,75.0,68.9,6.83,74,40,2.8,82.4,1,1,1,1,5,Male,Yes,No,Placed,CE
4193,73.3,68.9,65.0,7.49,57,37,3.6,72.0,1,0,0,0,4,Female,No,No,NotPlaced,ME
4194,70.4,74.0,83.9,8.19,89,76,4.2,87.5,0,1,1,3,7,Male,Yes,Yes,Placed,IT
4195,68.2,84.4,69.1,8.17,69,90,4.2,93.2,0,1,2,1,8,Male,No,No,Placed,CS
4196,82.1,81.5,63.2,7.28,65,68,4.9,68.4,1,0,0,0,0,Female,No,No,NotPlaced,IT
4197,70.4,74.8,78.9,7.83,65,68,2.1,81.6,0,0,1,0,0,Male,No,No,NotPlaced,CE
4198,60.6,82.5,64.7,7.94,74,49,3.3,78.6,1,0,0,2,6,Male,Yes,No,NotPlaced,CE
4199,80.0,83.5,61.2,7.2,68,59,2.5,82.4,0,1,2,4,14,Female,Yes,No,Placed,ECE
4200,78.3,74.7,72.5,7.38,68,78,2.8,83.7,0,2,3,2,12,Male,Yes,Yes,Placed,ChemE
4201,80.6,72.8,77.2,7.53,67,53,4.5,87.7,0,0,0,1,0,Male,Yes,No,NotPlaced,ChemE
4202,59.6,58.4,61.5,5.44,52,66,4.6,78.3,1,2,1,1,13,Male,Yes,Yes,NotPlaced,ME
4203,75.0,54.4,65.8,6.56,71,73,3.1,72.0,2,0,1,0,1,Female,Yes,Yes,NotPlaced,ECE
4204,81.6,72.7,55.5,7.46,61,77,3.8,78.0,1,1,0,1,5,Male,Yes,No,NotPlaced,ECE
4205,65.1,64.0,60.6,7.39,70,67,3.8,74.4,1,1,3,3,4,Male,No,No,NotPlaced,ECE
4206,85.9,80.5,72.1,7.99,82,65,4.2,83.6,1,0,0,0,0,Male,Yes,Yes,NotPlaced,ChemE
4207,78.4,68.3,57.2,6.35,74,62,3.4,71.8,1,0,0,1,5,Male,Yes,Yes,NotPlaced,EE
4208,47.4,45.0,48.0,5.1,58,74,4.0,87.9,0,1,3,2,7,Female,Yes,Yes,Placed,CS
4209,89.8,77.0,78.6,8.31,82,73,3.2,87.7,0,1,1,3,11,Male,No,Yes,Placed,ECE
4210,91.1,70.9,85.3,8.88,72,74,4.7,79.6,0,1,3,2,11,Female,No,Yes,Placed,CS
4211,48.9,50.9,56.7,6.04,50,71,3.9,96.1,1,1,3,3,6,Female,No,No,NotPlaced,IT
4212,93.8,72.0,76.6,8.02,80,87,4.6,82.1,0,2,3,3,11,Male,No,No,Placed,CS
4213,48.9,47.3,59.3,6.2,59,63,2.6,86.6,0,1,2,2,8,Female,No,No,NotPlaced,EE
4214,71.6,56.9,72.7,8.05,83,72,4.5,78.5,0,0,1,0,4,Female,Yes,Yes,Placed,ChemE
4215,74.5,63.8,66.5,7.45,66,84,4.6,77.1,1,1,3,2,4,Male,Yes,No,Placed,CS
4216,73.9,67.6,59.4,6.42,65,88,2.7,84.8,1,1,2,6,4,Male,No,Yes,Placed,IT
4217,77.9,77.0,73.1,8.16,81,63,3.6,81.1,0,1,0,2,6,Male,Yes,Yes,Placed,CE
4218,62.1,72.9,61.1,7.21,56,74,3.0,87.0,0,1,0,1,12,Male,Yes,No,Placed,ECE
4219,53.0,45.0,48.0,5.04,63,60,3.2,76.6,2,0,3,1,8,Male,No,Yes,NotPlaced,CS
4220,71.6,68.7,74.6,7.38,76,66,4.4,81.7,0,0,1,1,3,Male,Yes,Yes,Placed,EE
4221,81.0,80.4,72.7,7.04,68,71,2.5,92.6,2,2,2,3,7,Male,No,Yes,NotPlaced,IT
4222,70.2,70.6,74.2,7.17,67,61,3.7,79.1,0,1,1,2,8,Female,No,No,Placed,EE
4223,69.4,73.9,67.6,7.58,79,54,4.0,80.7,0,1,5,2,8,Male,Yes,No,Placed,EE
4224,51.8,76.7,62.6,5.8,61,80,4.2,90.3,1,1,3,2,3,Female,Yes,Yes,Placed,CE
4225,70.5,71.0,63.8,8.17,78,66,2.9,88.8,0,0,0,4,5,Male,No,Yes,Placed,ME
4226,79.5,75.2,80.5,8.75,95,65,4.8,90.1,0,0,4,5,0,Male,Yes,Yes,Placed,CS
4227,51.5,48.7,59.5,6.06,48,29,2.3,66.2,3,0,0,1,2,Male,Yes,No,NotPlaced,EE
4228,56.4,64.7,60.6,6.83,69,69,3.5,84.0,0,0,2,4,5,Male,No,No,Placed,CS
4229,78.7,77.6,74.1,7.33,86,62,3.6,90.9,1,0,1,1,1,Female,Yes,No,NotPlaced,EE
4230,51.3,60.0,62.8,6.62,46,58,3.6,82.8,2,0,0,0,0,Male,Yes,Yes,NotPlaced,EE
4231,61.4,80.3,64.8,7.56,68,63,2.9,82.8,0,3,2,2,25,Male,Yes,No,Placed,CE
4232,82.7,71.9,75.5,6.54,80,99,3.8,85.7,1,3,4,4,20,Female,No,Yes,Placed,EE
4233,76.2,49.8,57.9,6.22,56,69,3.0,78.5,2,0,0,2,3,Male,Yes,No,NotPlaced,ECE
4234,78.8,74.1,67.3,6.93,60,61,4.2,80.7,0,2,1,2,14,Male,Yes,Yes,Placed,ME
4235,75.6,70.7,55.3,7.37,71,84,4.2,100.0,0,1,5,3,5,Female,No,Yes,Placed,CS
4236,81.2,69.5,73.2,6.62,76,74,2.8,88.7,0,0,4,3,2,Male,Yes,Yes,NotPlaced,ECE
4237,71.9,72.5,54.0,6.62,59,80,3.8,80.8,1,2,3,1,9,Female,Yes,No,Placed,CS
4238,66.7,64.8,55.9,6.39,62,58,2.7,90.8,0,2,0,1,14,Male,Yes,Yes,Placed,ME
4239,67.1,77.8,73.4,7.71,73,60,4.0,80.6,3,1,0,0,11,Male,Yes,Yes,NotPlaced,ME
4240,67.8,67.0,79.7,8.03,82,76,3.6,96.3,0,3,2,2,22,Male,No,No,Placed,ChemE
4241,63.4,49.5,58.8,7.33,46,69,4.0,75.7,1,2,1,2,9,Female,No,No,NotPlaced,ECE
4242,57.0,57.6,62.3,6.61,61,55,2.7,65.7,0,0,1,2,5,Male,No,No,NotPlaced,ChemE
4243,69.8,71.4,81.8,7.63,72,53,4.3,87.6,0,0,0,1,0,Male,No,Yes,Placed,CE
4244,85.7,90.4,79.5,9.51,87,78,3.0,85.7,0,1,2,1,10,Male,No,Yes,NotPlaced,EE
4245,83.4,62.4,65.0,7.79,74,64,4.1,82.6,2,1,2,0,7,Male,Yes,Yes,Placed,IT
4246,76.6,99.0,91.0,9.05,98,93,4.2,100.0,0,4,5,0,14,Male,Yes,Yes,Placed,CS
4247,65.0,54.4,62.4,6.51,64,66,2.7,84.5,0,0,2,4,0,Female,No,Yes,NotPlaced,ChemE
4248,48.5,53.7,61.2,6.63,46,43,3.6,85.3,2,0,0,0,0,Male,Yes,No,NotPlaced,ChemE
4249,74.9,77.6,69.5,7.81,79,68,4.7,80.4,0,3,0,3,24,Male,Yes,Yes,Placed,ECE
4250,81.4,75.2,62.4,7.04,60,100,3.9,80.5,2,2,0,6,18,Male,Yes,Yes,Placed,CS
4251,68.8,76.8,64.6,7.63,87,76,3.5,95.5,0,1,5,0,3,Female,No,Yes,Placed,IT
4252,67.6,85.3,69.9,7.0,77,68,3.6,88.8,0,0,4,0,2,Male,No,No,Placed,ChemE
4253,85.4,78.6,88.1,9.2,94,87,3.8,93.4,0,2,1,3,12,Male,Yes,No,Placed,ECE
4254,84.6,80.5,82.2,8.23,81,74,4.0,83.2,0,0,0,3,4,Male,Yes,Yes,Placed,ECE
4255,46.8,46.2,49.4,5.57,55,65,3.5,74.2,1,0,0,1,0,Female,Yes,No,NotPlaced,EE
4256,86.1,83.1,80.4,6.81,83,100,5.0,90.6,0,0,5,1,0,Male,Yes,Yes,Placed,ECE
4257,60.6,64.8,57.2,6.41,59,56,1.9,83.7,3,0,0,1,3,Female,Yes,No,NotPlaced,CE
4258,83.8,80.6,67.3,8.88,94,90,3.6,75.0,0,1,2,1,7,Male,No,Yes,Placed,CS
4259,65.1,52.1,54.8,6.37,45,51,3.5,74.5,1,0,1,0,5,Male,No,Yes,NotPlaced,ChemE
4260,90.9,81.0,75.6,8.69,82,59,3.4,73.0,0,0,2,2,0,Male,No,No,Placed,CE
4261,88.5,63.9,60.5,7.92,64,60,3.1,76.2,0,1,2,2,8,Male,Yes,Yes,NotPlaced,EE
4262,69.1,65.5,61.0,7.09,56,73,4.3,100.0,0,0,0,2,6,Male,Yes,No,Placed,EE
4263,72.4,64.0,64.7,7.79,71,70,3.3,80.0,2,2,1,3,10,Male,Yes,Yes,Placed,CS
4264,67.8,64.7,70.9,7.03,68,84,4.3,82.0,0,0,5,2,3,Female,Yes,No,Placed,ME
4265,60.1,58.4,62.4,6.58,39,39,2.4,80.0,1,0,0,1,3,Male,Yes,Yes,NotPlaced,ME
4266,70.9,71.2,80.9,8.1,67,83,3.2,66.2,0,1,2,1,6,Male,No,Yes,Placed,CS
4267,62.0,56.8,52.0,5.9,56,69,3.3,81.5,1,1,1,1,5,Male,Yes,Yes,NotPlaced,CE
4268,61.1,56.9,65.3,6.51,71,78,3.1,78.6,0,1,1,3,12,Female,Yes,No,Placed,IT
4269,67.3,71.1,76.5,7.86,75,70,2.9,77.2,0,2,1,0,15,Male,Yes,Yes,Placed,CE
4270,63.2,78.5,81.5,8.57,100,79,4.1,84.6,0,0,4,2,0,Male,Yes,Yes,Placed,ME
4271,69.6,51.5,53.3,6.13,56,73,4.3,73.4,1,0,1,1,0,Male,No,No,NotPlaced,ME
4272,80.2,65.4,71.9,7.41,65,41,3.9,95.2,2,2,0,2,9,Male,No,Yes,Placed,ME
4273,70.4,45.0,60.3,6.77,60,54,4.4,76.1,2,1,0,0,9,Female,Yes,Yes,NotPlaced,ME
4274,79.3,99.0,90.7,8.94,85,80,3.7,90.1,0,0,2,1,4,Male,Yes,Yes,Placed,IT
4275,58.7,69.8,57.0,7.64,72,65,5.0,96.9,0,2,4,0,11,Male,No,Yes,Placed,CS
4276,61.2,73.2,77.9,8.45,74,59,3.6,77.9,0,0,0,2,0,Male,Yes,No,NotPlaced,IT
4277,87.8,77.9,87.1,8.62,89,79,4.1,79.9,0,1,1,3,4,Male,Yes,Yes,Placed,ECE
4278,93.0,83.5,76.3,8.44,79,77,4.2,96.9,0,3,3,3,17,Male,Yes,Yes,Placed,EE
4279,68.2,54.8,62.0,7.23,67,52,2.8,63.8,1,0,1,1,6,Female,No,Yes,NotPlaced,ME
4280,80.0,75.8,64.3,7.24,62,64,2.8,77.7,0,1,3,2,5,Male,No,No,NotPlaced,CE
4281,69.6,50.4,60.4,7.37,64,52,3.1,76.9,1,0,1,0,0,Female,Yes,Yes,NotPlaced,ChemE
4282,65.9,59.3,60.3,7.11,79,92,3.4,85.6,0,2,5,4,9,Female,No,No,Placed,ME
4283,84.4,69.8,65.0,7.74,59,71,3.7,89.6,0,3,3,3,13,Male,Yes,No,Placed,ECE
4284,79.8,82.9,63.2,7.04,66,42,3.3,81.8,0,1,0,2,6,Male,Yes,Yes,Placed,CE
4285,47.8,45.0,56.4,5.26,64,64,5.0,79.3,0,0,0,1,3,Female,Yes,No,NotPlaced,ECE
4286,82.5,77.6,64.1,8.38,77,91,2.2,90.4,0,0,3,2,5,Male,No,Yes,Placed,CS
4287,66.6,48.8,71.4,7.09,75,80,2.9,88.5,0,1,5,5,11,Male,Yes,Yes,Placed,CS
4288,67.8,67.7,71.2,7.13,72,82,3.1,87.4,0,1,3,2,7,Male,No,Yes,Placed,CS
4289,79.1,88.5,80.2,8.72,73,71,3.4,72.6,0,1,3,1,8,Female,No,No,Placed,CS
4290,52.7,50.1,48.0,5.15,57,69,2.3,73.7,2,0,2,1,0,Male,Yes,Yes,NotPlaced,CS
4291,80.6,55.6,79.5,7.6,73,72,4.0,68.0,1,0,3,1,0,Male,Yes,Yes,Placed,ME
4292,69.9,74.9,65.9,7.36,63,64,4.4,91.4,0,2,1,3,19,Female,Yes,Yes,Placed,CS
4293,80.2,70.7,80.2,7.48,54,75,3.0,81.5,0,0,3,0,0,Female,Yes,No,Placed,EE
4294,47.9,62.9,68.2,5.37,43,52,2.1,69.2,4,0,0,0,0,Male,Yes,Yes,NotPlaced,CE
4295,70.8,69.3,67.6,7.11,62,66,3.5,79.1,1,0,2,0,5,Male,No,No,Placed,ME
4296,62.6,49.1,59.5,6.3,46,64,2.2,88.2,0,0,2,1,0,Female,No,Yes,NotPlaced,CS
4297,65.9,54.4,50.1,5.89,48,63,3.2,82.9,2,1,4,0,7,Female,No,Yes,NotPlaced,ChemE
4298,78.5,71.4,76.0,8.36,69,77,4.2,69.9,0,0,3,1,0,Female,No,Yes,Placed,ECE
4299,65.2,47.4,64.7,6.88,59,70,4.0,91.0,0,3,1,4,11,Male,Yes,No,NotPlaced,ECE
4300,95.6,82.8,70.4,9.52,96,85,3.7,79.8,0,0,3,1,2,Male,Yes,No,Placed,ECE
4301,64.1,64.9,67.0,7.17,48,57,2.4,75.7,3,0,0,0,3,Male,No,No,NotPlaced,CE
4302,71.0,75.7,77.2,7.35,83,88,4.1,86.0,1,0,5,2,5,Female,No,Yes,Placed,CS
4303,65.6,86.2,72.2,8.36,83,63,4.2,88.1,0,1,3,1,4,Male,Yes,Yes,Placed,ECE
4304,67.9,65.0,64.1,7.2,74,82,3.8,66.8,2,0,2,5,0,Male,Yes,No,NotPlaced,CS
4305,57.9,50.1,65.7,7.24,62,74,3.6,72.9,2,1,2,2,7,Female,Yes,Yes,Placed,CE
4306,60.1,52.3,53.4,6.69,73,65,4.4,61.8,0,0,1,2,2,Male,Yes,No,NotPlaced,ChemE
4307,83.9,80.8,83.3,8.48,79,81,4.2,93.9,0,1,3,0,8,Male,No,Yes,Placed,CS
4308,76.7,93.4,83.7,9.46,85,77,4.5,75.6,0,3,1,1,16,Male,Yes,Yes,Placed,ChemE
4309,48.5,51.1,62.6,5.82,63,56,4.4,67.1,1,0,0,1,6,Male,Yes,No,NotPlaced,IT
4310,57.2,65.6,65.0,7.33,62,57,3.6,79.1,2,3,2,0,22,Male,Yes,No,NotPlaced,ECE
4311,69.2,69.1,67.1,8.13,56,66,5.0,76.9,1,1,3,1,14,Female,No,Yes,Placed,IT
4312,68.7,73.8,74.0,8.14,73,63,3.8,91.8,1,1,2,2,8,Male,No,No,Placed,CE
4313,93.8,91.8,75.8,8.12,83,67,3.0,85.8,0,4,0,1,18,Male,No,No,Placed,ME
4314,73.4,58.8,67.1,6.35,63,60,3.9,85.0,0,0,0,0,4,Male,Yes,No,NotPlaced,CE
4315,80.5,66.3,75.5,6.39,64,71,4.3,97.9,0,0,2,2,0,Male,Yes,Yes,Placed,EE
4316,73.2,81.9,76.4,7.73,85,77,4.8,90.1,0,1,3,4,10,Female,No,Yes,Placed,CS
4317,68.2,61.9,65.3,7.09,77,82,4.6,82.8,2,0,4,1,3,Male,No,No,Placed,ECE
4318,53.8,47.3,55.4,6.18,49,64,2.6,77.7,1,0,3,1,0,Female,No,No,NotPlaced,CE
4319,90.9,61.9,70.0,7.96,55,58,3.5,82.3,0,1,0,0,8,Male,No,Yes,NotPlaced,EE
4320,72.7,58.3,48.0,7.26,61,59,4.4,71.6,0,0,1,1,6,Male,No,No,NotPlaced,ME
4321,82.1,98.8,96.0,8.93,93,73,3.1,100.0,0,0,2,2,0,Female,Yes,No,Placed,ECE
4322,84.7,90.1,75.9,7.76,70,78,3.5,92.9,0,0,0,0,0,Male,Yes,Yes,Placed,ECE
4323,61.4,61.3,66.8,6.87,53,48,1.7,71.5,2,0,1,0,5,Female,No,No,NotPlaced,EE
4324,85.0,83.9,96.0,8.44,94,96,4.1,84.4,1,1,4,6,3,Male,Yes,No,Placed,CS
4325,72.1,72.6,67.1,7.06,70,63,4.0,60.2,1,1,1,0,4,Female,No,No,NotPlaced,ECE
4326,99.0,91.3,94.2,10.0,96,93,4.4,84.8,0,2,6,2,12,Male,No,No,Placed,IT
4327,86.5,88.3,77.9,8.81,89,87,4.1,88.4,0,0,0,2,6,Male,Yes,No,Placed,ECE
4328,70.4,74.1,68.8,7.47,63,57,3.7,74.1,0,1,1,3,8,Male,Yes,No,Placed,EE
4329,71.9,74.5,67.3,7.85,79,95,2.6,84.7,2,0,2,1,0,Female,No,No,Placed,CS
4330,47.6,69.8,74.0,7.42,72,71,3.2,87.0,0,2,0,0,10,Male,Yes,No,NotPlaced,ChemE
4331,81.4,55.2,67.5,6.65,57,37,3.5,80.3,0,0,0,1,4,Female,Yes,No,NotPlaced,EE
4332,66.6,80.2,68.9,8.3,77,65,3.9,73.9,0,0,3,1,0,Male,No,Yes,NotPlaced,EE
4333,62.2,63.1,54.2,6.15,61,55,2.9,69.7,4,0,0,0,5,Female,Yes,No,NotPlaced,ME
4334,93.4,78.5,73.2,8.23,77,71,4.3,81.1,0,1,2,4,6,Female,Yes,Yes,Placed,CS
4335,74.7,76.5,86.0,7.64,81,89,3.8,81.7,0,1,1,2,6,Female,Yes,Yes,Placed,ME
4336,65.8,57.8,67.2,6.69,65,44,3.2,81.8,1,0,0,3,4,Male,No,No,NotPlaced,IT
4337,75.5,73.7,66.4,7.3,76,64,3.1,74.1,0,0,1,0,2,Female,Yes,Yes,Placed,IT
4338,90.8,90.5,76.2,8.41,86,63,3.9,81.9,0,0,2,2,0,Male,No,Yes,NotPlaced,ECE
4339,81.4,94.0,83.3,7.78,84,81,3.5,93.2,0,0,2,4,2,Male,No,No,Placed,ECE
4340,78.6,61.9,68.3,7.27,60,76,3.3,73.7,2,2,2,1,13,Female,No,Yes,NotPlaced,IT
4341,57.3,56.0,61.1,6.7,43,69,3.8,75.6,0,1,2,3,6,Male,No,Yes,Placed,CE
4342,77.5,54.9,65.4,8.45,77,83,2.1,75.1,2,0,1,0,0,Male,No,No,Placed,EE
4343,78.8,54.4,72.8,8.5,65,58,3.8,74.7,1,1,1,4,10,Male,Yes,No,Placed,ECE
4344,70.6,73.4,72.7,7.86,77,95,4.2,74.7,0,0,1,2,7,Female,No,Yes,Placed,CS
4345,80.5,69.8,71.6,8.76,100,90,5.0,88.1,0,3,7,3,11,Male,Yes,Yes,Placed,CS
4346,53.6,45.0,66.0,6.92,68,71,4.1,76.3,1,1,3,0,13,Male,No,Yes,NotPlaced,ME
4347,77.5,69.0,85.4,7.8,78,69,3.9,67.2,2,0,0,1,0,Female,No,No,Placed,CS
4348,53.9,63.3,58.7,6.6,58,61,2.9,67.1,2,0,1,0,0,Male,No,No,NotPlaced,ME
4349,63.8,67.7,62.7,6.34,71,68,2.9,80.9,2,0,5,0,5,Female,No,No,NotPlaced,ME
4350,85.5,62.5,75.9,8.16,81,56,4.4,68.4,0,2,3,1,8,Female,Yes,Yes,Placed,ECE
4351,90.0,96.0,85.4,8.85,87,86,3.8,92.5,0,0,1,1,0,Female,Yes,No,Placed,ME
4352,75.1,65.3,76.0,7.42,70,91,3.9,76.9,0,3,1,1,17,Female,Yes,No,Placed,CS
4353,63.0,75.1,67.2,7.56,65,57,3.2,95.9,0,1,0,1,6,Female,Yes,Yes,Placed,EE
4354,61.9,56.8,51.3,5.03,42,40,3.5,71.0,1,2,0,0,19,Male,Yes,No,Placed,EE
4355,73.4,71.8,72.2,6.77,57,41,2.7,83.4,0,0,2,0,0,Male,No,No,Placed,CE
4356,65.5,51.1,60.4,6.67,49,69,3.7,68.6,3,0,2,0,4,Male,No,Yes,NotPlaced,EE
4357,96.2,85.0,83.4,8.57,100,85,4.2,100.0,0,1,2,3,10,Female,Yes,Yes,Placed,IT
4358,66.9,69.9,71.3,7.62,55,66,4.2,87.8,0,0,0,1,2,Female,Yes,Yes,NotPlaced,CE
4359,63.5,61.7,69.4,6.68,58,79,2.5,88.9,1,2,1,1,7,Male,No,Yes,Placed,ME
4360,76.0,67.8,69.9,6.43,45,70,4.7,81.4,1,1,0,1,5,Male,Yes,Yes,NotPlaced,ME
4361,64.2,75.1,67.3,6.45,67,59,2.6,68.6,3,0,2,0,6,Male,Yes,Yes,NotPlaced,CE
4362,62.7,55.3,57.2,6.07,48,60,3.3,80.4,0,2,2,0,12,Male,Yes,Yes,NotPlaced,EE
4363,56.7,74.5,68.6,6.93,75,60,3.0,79.6,1,0,4,1,0,Male,No,Yes,Placed,ME
4364,61.4,59.2,53.0,6.48,53,39,3.3,80.8,2,1,0,1,12,Female,No,Yes,NotPlaced,ECE
4365,77.3,76.7,58.2,7.05,73,52,3.8,80.7,0,2,1,6,9,Female,Yes,Yes,Placed,IT
4366,66.0,49.6,66.5,6.66,54,67,3.4,81.0,3,2,0,3,18,Male,Yes,Yes,Placed,CE
4367,79.8,81.6,79.1,7.61,71,69,3.9,95.1,1,0,0,2,0,Male,Yes,Yes,Placed,EE
4368,92.4,80.3,75.9,9.17,93,67,1.7,90.5,0,1,2,2,8,Male,No,No,Placed,ChemE
4369,84.3,89.4,74.2,8.07,82,71,3.1,74.8,1,0,1,0,2,Female,No,No,NotPlaced,CS
4370,52.7,55.2,48.0,5.25,66,74,2.2,81.1,2,2,4,3,8,Male,No,No,NotPlaced,ME
4371,65.0,61.6,62.7,5.14,53,33,3.3,69.5,1,0,1,1,6,Male,Yes,Yes,NotPlaced,EE
4372,92.1,72.5,72.5,7.48,73,64,3.3,72.2,0,0,2,1,0,Male,Yes,No,Placed,CS
4373,61.2,63.9,70.7,6.32,68,76,4.5,73.9,2,1,4,0,11,Female,Yes,No,Placed,ECE
4374,52.4,64.7,55.2,6.14,46,49,3.4,76.5,2,0,0,0,0,Female,Yes,Yes,NotPlaced,IT
4375,70.9,72.3,69.6,8.0,69,66,3.3,95.6,0,3,1,3,19,Male,Yes,No,Placed,CS
4376,70.3,70.5,65.5,6.29,82,76,4.2,85.1,0,1,4,1,7,Female,Yes,No,Placed,CS
4377,45.0,45.0,56.1,6.34,58,45,2.8,67.4,2,1,1,0,11,Female,No,No,NotPlaced,ECE
4378,56.9,54.5,63.0,6.73,51,54,4.4,85.1,0,1,0,2,6,Female,Yes,Yes,NotPlaced,CE
4379,65.6,65.8,69.7,6.82,63,44,3.9,89.6,0,1,1,0,10,Male,Yes,Yes,NotPlaced,EE
4380,72.5,73.7,67.4,7.04,63,85,3.1,75.0,1,1,4,1,5,Female,No,Yes,NotPlaced,EE
4381,89.7,82.7,78.7,7.8,71,60,3.7,81.6,0,1,2,2,5,Male,No,Yes,Placed,EE
4382,79.1,70.1,82.4,8.09,86,73,3.8,70.0,0,0,2,0,1,Male,No,No,NotPlaced,CE
4383,62.6,65.5,71.7,7.1,53,65,2.9,91.7,0,1,2,1,12,Female,Yes,No,NotPlaced,CE
4384,99.0,84.1,71.6,7.83,71,97,4.9,73.8,0,2,1,3,20,Male,No,No,Placed,CS
4385,61.5,67.9,60.2,6.31,57,42,3.7,75.3,1,0,0,1,3,Female,No,No,NotPlaced,ECE
4386,54.3,70.0,53.1,6.3,65,55,3.7,74.8,1,1,2,1,7,Male,No,Yes,NotPlaced,ECE
4387,82.7,88.6,91.8,9.76,87,81,4.3,93.8,0,2,2,4,17,Female,No,Yes,Placed,IT
4388,68.3,94.5,64.3,8.06,83,69,3.4,93.1,2,0,5,1,4,Male,Yes,Yes,Placed,CS
4389,73.9,83.5,85.0,9.02,74,55,4.5,81.4,0,0,0,2,0,Male,No,No,NotPlaced,ECE
4390,66.6,61.7,59.0,7.03,69,85,4.7,67.7,3,1,3,1,5,Male,No,Yes,NotPlaced,ECE
4391,53.0,83.7,74.7,7.12,73,60,3.6,87.3,0,1,1,0,6,Male,Yes,Yes,NotPlaced,CE
4392,89.1,92.9,79.5,8.43,79,74,5.0,96.0,0,0,1,2,0,Female,No,Yes,Placed,EE
4393,74.3,71.6,72.2,6.97,69,54,4.2,71.6,2,0,0,1,4,Female,Yes,Yes,Placed,EE
4394,64.5,58.2,67.4,7.63,57,67,3.3,78.6,1,1,3,3,4,Female,No,Yes,NotPlaced,ME
4395,67.1,58.2,62.3,6.01,71,57,2.6,83.4,1,1,1,1,6,Female,No,Yes,NotPlaced,ME
4396,65.6,75.9,68.6,6.8,84,80,3.9,86.2,0,2,1,2,12,Male,Yes,Yes,Placed,CS
4397,69.6,89.7,70.6,7.6,82,70,4.8,95.2,0,1,0,5,13,Male,Yes,No,Placed,EE
4398,73.0,90.2,58.5,7.45,87,70,3.8,77.8,0,1,4,5,7,Male,Yes,Yes,Placed,IT
4399,70.0,64.6,62.5,7.57,63,38,3.4,86.7,0,1,1,0,6,Female,No,Yes,NotPlaced,ME
4400,60.3,69.1,61.9,6.61,66,71,3.7,75.9,0,1,3,2,11,Male,No,Yes,Placed,ECE
4401,77.7,70.6,76.1,7.92,83,85,3.6,92.5,0,3,2,3,18,Female,No,Yes,Placed,CS
4402,82.5,69.8,71.8,7.63,60,53,3.0,61.4,1,0,1,0,0,Female,No,Yes,NotPlaced,ChemE
4403,85.9,67.9,70.1,8.11,77,74,4.3,89.4,0,0,1,1,0,Female,Yes,No,Placed,CE
4404,82.2,91.0,77.2,8.23,63,49,3.5,72.9,2,0,0,4,2,Male,No,No,Placed,CE
4405,65.6,67.8,71.8,6.85,83,74,3.8,92.4,0,0,2,2,0,Female,No,Yes,NotPlaced,CS
4406,73.5,69.8,68.7,7.14,54,60,3.1,95.9,0,1,0,1,8,Female,Yes,Yes,Placed,EE
4407,68.2,73.1,71.7,7.42,58,46,3.5,71.9,0,0,1,0,11,Male,No,Yes,Placed,ECE
4408,86.3,79.2,76.4,8.43,71,54,2.6,90.8,0,1,0,1,5,Female,No,Yes,NotPlaced,CE
4409,82.7,77.3,79.2,7.73,65,72,4.9,88.4,0,1,3,8,6,Male,Yes,Yes,Placed,IT
4410,80.1,57.8,63.3,6.36,59,69,3.2,87.6,1,3,1,2,21,Female,Yes,No,NotPlaced,EE
4411,67.6,58.0,67.7,8.51,69,69,3.2,79.4,0,1,3,1,13,Male,Yes,No,Placed,ChemE
4412,63.9,57.9,64.9,6.95,70,55,3.1,82.7,0,1,0,2,5,Male,Yes,No,NotPlaced,CS
4413,75.2,56.1,65.1,6.92,50,49,3.4,74.9,0,0,1,1,1,Male,Yes,Yes,Placed,ECE
4414,70.7,72.3,66.7,6.96,66,71,2.9,80.0,0,4,0,0,18,Male,Yes,No,Placed,ECE
4415,79.1,63.1,72.6,7.07,75,78,4.3,93.2,0,1,1,3,7,Male,Yes,Yes,Placed,IT
4416,90.1,86.9,86.5,8.59,89,84,5.0,98.5,0,1,3,4,5,Female,Yes,Yes,Placed,IT
4417,74.3,60.7,55.9,5.65,81,70,4.0,87.7,0,2,2,1,11,Male,No,Yes,Placed,ECE
4418,65.3,47.5,56.7,6.72,76,63,3.0,98.1,0,0,4,1,0,Female,Yes,Yes,Placed,CS
4419,66.3,53.4,49.5,5.87,66,42,1.4,73.0,0,0,1,2,7,Male,No,Yes,NotPlaced,ME
4420,85.8,72.2,96.0,8.89,76,78,4.0,97.4,1,0,0,2,0,Male,Yes,No,Placed,CS
4421,71.8,58.9,72.0,6.47,71,71,3.6,75.2,0,2,3,0,8,Male,Yes,Yes,Placed,CE
4422,70.0,64.3,63.6,7.21,75,79,4.7,93.9,0,0,4,1,4,Male,Yes,Yes,NotPlaced,CE
4423,73.1,64.5,71.6,6.86,62,84,4.2,84.6,0,1,2,0,9,Male,No,Yes,NotPlaced,CE
4424,79.4,78.5,69.7,6.64,60,48,2.3,84.2,3,0,3,2,1,Male,No,No,Placed,ME
4425,69.9,84.3,76.7,8.35,81,59,4.2,85.4,0,0,0,2,5,Female,Yes,No,Placed,CS
4426,62.8,57.4,63.7,5.48,74,83,2.0,75.5,0,2,1,2,8,Female,No,No,NotPlaced,EE
4427,73.3,82.4,69.0,7.79,81,81,4.0,90.5,0,1,1,5,5,Female,No,No,Placed,ECE
4428,69.5,54.4,59.8,5.8,60,52,4.4,79.9,1,1,0,2,11,Female,No,Yes,NotPlaced,IT
4429,69.6,73.5,61.2,8.76,68,52,4.5,96.2,0,2,2,1,16,Male,Yes,Yes,Placed,CS
4430,70.5,77.6,67.5,7.39,72,53,3.4,87.0,0,0,0,2,2,Male,Yes,Yes,Placed,ME
4431,57.8,50.4,55.8,6.01,56,49,2.8,73.5,1,1,0,1,13,Male,No,Yes,NotPlaced,CE
4432,54.5,74.4,70.5,7.38,76,78,3.6,88.5,1,2,2,3,14,Female,No,Yes,NotPlaced,ME
4433,82.0,73.8,71.6,7.16,58,89,2.7,86.2,0,0,1,2,0,Male,No,Yes,Placed,EE
4434,53.6,66.4,61.9,5.57,59,51,3.8,74.7,0,0,0,0,10,Female,No,Yes,NotPlaced,ME
4435,63.3,87.7,77.1,8.21,76,73,3.1,86.5,0,1,2,0,10,Male,Yes,Yes,Placed,IT
4436,83.9,79.0,62.0,7.76,76,80,4.3,82.3,0,0,1,1,1,Female,No,No,NotPlaced,CS
4437,86.5,89.4,86.4,9.19,82,62,3.4,88.2,0,0,1,0,3,Male,Yes,Yes,Placed,CS
4438,66.3,54.2,59.1,6.96,62,70,2.8,93.3,0,1,1,0,5,Male,No,No,Placed,CS
4439,59.2,60.0,51.1,5.93,54,65,4.1,77.5,0,0,1,3,6,Male,No,Yes,NotPlaced,EE
4440,83.4,69.9,71.1,7.28,79,59,2.7,82.5,3,1,0,0,7,Male,No,Yes,NotPlaced,ECE
4441,72.5,73.9,73.7,8.18,74,86,3.6,87.7,0,2,1,0,10,Female,Yes,No,NotPlaced,EE
4442,74.0,63.6,68.9,7.36,44,60,2.4,82.4,1,1,2,0,6,Male,Yes,Yes,Placed,ECE
4443,67.0,77.6,74.7,7.73,68,61,3.5,75.1,0,1,2,1,8,Female,Yes,No,Placed,ME
4444,68.2,55.3,58.0,7.18,56,60,3.3,74.3,3,0,0,0,0,Male,No,Yes,NotPlaced,CE
4445,82.7,76.1,72.1,7.79,72,66,2.2,77.0,0,2,1,2,7,Male,No,Yes,Placed,CS
4446,74.9,53.5,68.4,7.09,53,52,2.4,76.9,0,0,0,1,1,Female,No,Yes,NotPlaced,CE
4447,74.2,70.3,91.5,9.44,84,79,2.5,84.7,0,1,1,2,5,Female,Yes,No,Placed,ECE
4448,67.4,64.6,64.7,7.6,63,50,3.6,86.5,0,0,1,2,2,Male,Yes,Yes,Placed,IT
4449,77.4,66.8,62.7,6.91,48,57,2.5,67.0,3,0,0,0,1,Male,Yes,No,NotPlaced,ME
4450,76.7,61.5,62.0,6.74,65,56,3.7,74.8,0,0,0,0,0,Male,Yes,Yes,Placed,ChemE
4451,73.5,74.2,77.3,7.89,78,69,4.1,94.2,1,0,2,0,5,Male,No,Yes,Placed,ChemE
4452,62.2,56.4,70.5,6.17,53,63,2.7,56.8,1,0,0,0,0,Female,No,Yes,NotPlaced,CE
4453,68.9,55.9,60.5,7.15,73,83,4.5,90.5,0,2,2,2,16,Male,Yes,Yes,Placed,EE
4454,69.5,74.7,75.2,8.11,86,87,2.9,80.9,0,0,2,4,2,Male,Yes,No,Placed,ECE
4455,84.4,73.8,81.5,8.23,71,69,3.0,91.3,0,0,2,1,3,Female,Yes,Yes,Placed,ChemE
4456,71.2,68.1,63.3,6.46,63,63,3.2,78.6,1,1,2,0,3,Female,No,Yes,NotPlaced,CE
4457,64.6,59.2,66.2,7.78,93,80,3.5,74.6,0,1,6,2,9,Male,Yes,Yes,NotPlaced,CS
4458,79.3,82.9,93.2,8.53,87,77,4.2,79.7,0,1,2,2,5,Male,No,No,Placed,ECE
4459,61.2,66.8,64.9,7.27,49,45,3.1,79.9,2,0,1,0,4,Male,Yes,No,NotPlaced,CE
4460,82.4,86.1,86.7,8.7,80,62,2.8,89.8,0,0,1,2,1,Male,No,No,Placed,ECE
4461,77.4,80.8,71.4,7.72,61,38,2.7,78.0,1,0,0,1,2,Female,Yes,No,NotPlaced,CS
4462,83.6,86.2,80.0,8.5,78,95,2.7,94.8,0,1,3,4,8,Female,Yes,No,Placed,EE
4463,59.0,64.0,54.5,6.72,62,61,4.2,91.6,0,0,2,3,1,Male,No,Yes,NotPlaced,ME
4464,80.8,75.5,71.7,6.44,55,61,3.8,87.9,0,0,0,2,3,Male,Yes,No,Placed,IT
4465,67.9,62.5,62.6,6.62,43,38,3.0,79.6,1,2,1,1,17,Female,No,No,NotPlaced,ChemE
4466,67.0,57.0,48.0,6.23,59,52,4.0,85.5,0,1,2,1,13,Female,No,Yes,Placed,ECE
4467,70.9,57.4,52.1,5.89,40,64,3.6,73.7,1,1,0,3,6,Female,No,No,NotPlaced,ME
4468,55.1,74.9,71.8,6.44,66,39,3.4,88.1,2,1,0,0,8,Male,No,Yes,NotPlaced,ME
4469,63.0,66.3,61.6,6.73,73,70,3.1,71.0,2,0,5,1,1,Male,No,No,NotPlaced,CE
4470,66.3,56.8,67.9,6.82,80,63,3.1,70.5,0,1,5,2,10,Male,No,Yes,Placed,IT
4471,85.7,84.3,74.7,8.51,91,63,3.3,99.8,0,0,2,3,0,Male,Yes,Yes,Placed,IT
4472,60.4,45.0,50.1,5.19,59,49,3.8,88.4,1,2,1,0,10,Male,No,Yes,Placed,ChemE
4473,77.6,80.7,66.6,7.24,73,78,2.8,95.8,0,0,1,2,3,Male,No,No,Placed,CE
4474,57.3,64.4,59.6,6.37,47,45,3.1,79.4,0,1,0,0,9,Female,No,No,NotPlaced,ChemE
4475,85.0,66.0,65.1,8.17,73,68,5.0,90.0,0,0,0,3,3,Female,No,Yes,Placed,ECE
4476,62.9,55.3,66.8,7.1,73,78,2.7,80.6,1,0,1,2,6,Male,Yes,Yes,NotPlaced,CE
4477,77.1,70.7,59.3,7.69,86,59,2.6,68.3,0,0,1,0,0,Female,Yes,Yes,Placed,ME
4478,58.6,48.5,51.8,6.48,53,80,2.6,86.9,1,1,3,1,4,Male,Yes,Yes,Placed,ECE
4479,65.4,56.6,68.5,6.85,68,51,3.7,94.6,1,1,1,1,9,Female,No,Yes,Placed,CE
4480,80.9,70.2,80.9,7.82,75,67,5.0,76.4,0,1,1,5,5,Male,No,Yes,NotPlaced,CE
4481,91.2,83.5,77.2,7.85,82,78,4.9,93.6,0,1,5,1,10,Male,Yes,No,Placed,ECE
4482,69.8,53.3,62.2,7.27,66,52,2.7,70.4,0,0,2,1,2,Male,No,Yes,NotPlaced,CS
4483,70.6,66.3,71.7,7.74,49,64,4.0,85.3,0,2,1,2,10,Female,No,Yes,Placed,ME
4484,73.4,78.8,69.5,6.11,54,48,3.6,71.3,1,0,0,0,0,Male,No,No,NotPlaced,CE
4485,67.6,76.8,59.0,6.42,57,75,2.4,99.5,0,2,1,2,11,Male,Yes,Yes,Placed,CS
4486,74.8,81.3,70.5,7.07,81,62,4.5,81.0,0,1,1,2,6,Female,No,Yes,Placed,ECE
4487,92.3,84.2,76.8,8.95,81,58,3.6,80.0,0,2,2,2,8,Male,Yes,No,Placed,CS
4488,59.7,60.0,49.9,6.52,64,54,3.9,78.2,1,1,2,3,6,Female,No,Yes,NotPlaced,ME
4489,99.0,83.6,87.3,8.52,100,100,5.0,100.0,0,3,2,6,14,Female,Yes,Yes,Placed,ECE
4490,90.4,68.4,92.9,9.76,86,86,3.4,93.8,0,2,1,2,8,Male,Yes,No,Placed,IT
4491,79.6,64.5,69.5,7.82,71,65,3.4,84.9,1,1,1,1,9,Male,No,No,NotPlaced,ME
4492,63.1,53.0,60.4,5.64,70,65,2.7,65.1,0,1,0,0,9,Male,No,No,NotPlaced,ME
4493,73.2,68.0,61.6,6.3,69,57,4.5,78.4,0,1,1,1,12,Male,Yes,No,Placed,ME
4494,78.0,83.2,72.3,8.32,85,71,3.9,100.0,0,0,0,2,6,Male,Yes,No,Placed,ChemE
4495,58.0,70.8,61.0,6.13,71,58,4.6,79.0,0,2,2,3,13,Male,No,Yes,Placed,ECE
4496,63.8,57.3,53.9,6.06,61,47,3.2,83.6,0,0,0,2,3,Male,No,No,NotPlaced,ECE
4497,66.6,63.0,63.8,7.98,69,40,2.7,74.2,0,1,0,1,10,Female,No,Yes,Placed,EE
4498,60.8,60.8,62.6,6.52,74,72,4.5,65.2,1,0,3,3,1,Male,Yes,Yes,Placed,ECE
4499,77.4,80.9,74.9,8.98,85,77,2.8,78.6,0,1,0,0,8,Female,No,No,Placed,ChemE
4500,83.1,71.2,69.9,6.94,86,70,2.6,77.2,0,0,2,3,5,Male,Yes,No,Placed,CE
4501,76.9,68.3,81.6,7.48,82,85,3.1,86.2,1,4,3,3,28,Male,Yes,Yes,Placed,IT
4502,69.9,71.4,75.9,6.76,78,75,4.0,80.6,1,1,2,0,4,Female,No,Yes,Placed,EE
4503,54.2,49.9,63.2,6.27,56,63,2.8,81.7,0,1,0,0,13,Male,No,No,NotPlaced,EE
4504,97.6,77.2,84.9,9.37,82,58,3.0,75.9,0,1,0,1,7,Female,Yes,Yes,Placed,ME
4505,80.5,73.7,76.4,6.96,82,82,3.2,85.1,1,2,7,1,9,Female,No,No,Placed,ECE
4506,91.0,74.6,80.2,8.05,88,65,3.8,94.3,0,3,1,4,21,Male,No,Yes,Placed,IT
4507,45.0,45.0,48.0,5.0,45,43,2.6,63.6,3,0,0,0,5,Female,No,No,NotPlaced,CS
4508,85.8,82.3,77.7,8.53,80,76,4.8,85.2,0,0,1,1,4,Male,Yes,Yes,Placed,CS
4509,55.4,59.1,54.6,6.45,68,69,3.2,80.2,3,2,2,4,12,Female,No,No,NotPlaced,CE
4510,75.9,60.3,71.8,7.04,71,53,3.4,85.4,0,1,1,4,10,Female,Yes,No,NotPlaced,ME
4511,78.8,77.4,65.7,7.3,82,100,3.8,75.4,2,3,3,2,15,Female,Yes,Yes,Placed,ME
4512,70.7,57.1,60.4,6.82,75,77,3.8,64.0,1,0,1,1,1,Male,Yes,Yes,NotPlaced,ECE
4513,50.0,65.0,49.4,6.26,35,40,3.2,69.9,2,0,1,1,1,Male,No,Yes,NotPlaced,EE
4514,67.7,70.4,65.1,8.14,76,56,4.3,84.2,0,1,0,2,7,Female,No,Yes,NotPlaced,IT
4515,67.1,74.6,66.6,7.18,60,87,2.7,81.8,2,1,4,1,11,Male,No,Yes,NotPlaced,EE
4516,74.5,76.1,69.6,7.45,65,66,2.5,79.1,0,1,0,2,8,Male,No,No,Placed,ME
4517,72.6,69.8,76.7,7.86,77,70,4.0,97.3,0,0,3,2,5,Female,Yes,Yes,Placed,ME
4518,72.5,60.8,64.8,7.63,70,74,3.4,86.2,2,0,3,0,4,Male,Yes,Yes,NotPlaced,ME
4519,70.1,81.9,75.3,8.64,62,55,4.1,88.0,0,2,4,6,14,Male,Yes,Yes,Placed,CE
4520,76.9,64.0,66.4,8.03,65,88,5.0,93.2,0,1,4,2,10,Male,Yes,Yes,Placed,CS
4521,77.6,54.8,57.7,6.41,63,62,3.3,88.5,0,2,3,3,14,Male,No,No,NotPlaced,ECE
4522,85.8,87.2,71.0,7.93,60,62,4.1,100.0,0,3,1,2,12,Male,No,Yes,Placed,ECE
4523,78.7,72.5,77.9,8.05,65,77,2.9,84.8,0,1,3,3,7,Male,No,Yes,NotPlaced,CS
4524,79.8,69.6,72.3,7.28,72,84,3.9,85.1,0,4,2,2,29,Male,Yes,Yes,Placed,ECE
4525,74.7,73.0,76.8,8.42,87,80,3.0,89.7,0,3,3,3,11,Female,Yes,Yes,Placed,IT
4526,98.3,79.2,86.7,8.64,75,82,4.6,80.3,0,2,2,2,10,Female,No,Yes,Placed,ECE
4527,73.5,86.2,71.9,6.76,47,61,3.8,96.1,0,0,3,4,0,Male,Yes,Yes,Placed,IT
4528,71.6,76.3,77.5,7.44,83,77,5.0,87.7,0,1,1,2,6,Female,No,Yes,Placed,ChemE
4529,77.3,63.6,68.9,6.98,79,76,2.3,79.5,0,1,3,2,8,Female,Yes,No,NotPlaced,IT
4530,95.6,85.6,82.7,9.34,88,51,5.0,95.0,0,3,2,1,11,Male,Yes,No,Placed,CS
4531,60.7,72.4,70.2,7.25,67,63,4.8,87.5,1,0,1,2,0,Male,No,Yes,Placed,CE
4532,77.4,67.5,86.3,7.1,98,95,4.1,79.6,1,1,2,3,11,Male,Yes,Yes,Placed,CS
4533,99.0,80.3,80.4,9.42,87,68,4.0,81.4,0,1,1,3,6,Female,Yes,No,Placed,ECE
4534,86.5,70.1,67.2,8.19,68,51,3.4,74.7,0,0,1,2,5,Female,No,Yes,Placed,EE
4535,63.2,54.2,48.0,6.96,57,47,1.8,71.3,0,0,0,1,7,Female,Yes,Yes,NotPlaced,IT
4536,82.9,84.8,64.0,8.39,80,61,2.8,89.0,0,1,2,1,4,Female,No,No,Placed,ME
4537,61.6,55.5,67.7,6.25,57,66,3.4,79.6,3,0,0,5,1,Male,No,No,NotPlaced,EE
4538,73.0,67.3,66.3,7.72,87,95,3.3,84.4,0,1,2,3,9,Female,No,No,NotPlaced,EE
4539,74.2,76.9,68.8,8.3,82,57,2.2,71.3,0,1,2,1,3,Male,Yes,Yes,Placed,CE
4540,73.9,88.5,74.5,7.06,84,57,4.2,90.0,0,2,1,2,13,Male,Yes,Yes,Placed,IT
4541,60.2,61.2,74.5,6.21,60,52,2.0,77.9,0,1,1,0,8,Male,No,No,Placed,EE
4542,85.4,88.2,70.0,7.18,76,68,3.1,77.4,0,1,2,2,10,Male,Yes,No,Placed,ME
4543,57.2,54.8,66.9,6.85,44,53,4.3,66.8,0,2,0,1,6,Male,Yes,No,NotPlaced,IT
4544,68.4,55.1,51.4,5.73,42,44,2.4,58.5,4,0,1,0,9,Female,No,No,NotPlaced,ChemE
4545,73.5,82.5,81.3,7.63,74,60,2.8,79.3,1,2,1,2,13,Female,No,No,NotPlaced,ME
4546,62.8,79.7,60.5,6.31,72,60,2.8,83.1,0,2,1,2,8,Male,No,Yes,Placed,CS
4547,68.3,60.7,58.0,6.51,46,54,3.0,85.5,1,0,2,1,3,Female,Yes,Yes,NotPlaced,CE
4548,66.1,83.8,67.8,8.21,51,43,3.7,78.1,2,0,0,0,1,Male,Yes,Yes,NotPlaced,CE
4549,73.3,72.8,63.4,6.41,57,48,2.7,80.0,1,0,1,0,0,Male,Yes,Yes,NotPlaced,IT
4550,76.0,69.4,79.2,8.12,74,71,3.2,85.1,0,1,0,3,12,Male,Yes,Yes,Placed,IT
4551,54.5,55.2,52.2,5.62,48,57,4.4,68.4,4,0,0,0,3,Female,No,No,NotPlaced,CE
4552,62.7,65.7,70.6,7.82,53,62,4.9,83.9,1,3,2,2,10,Female,No,Yes,Placed,ME
4553,81.7,56.5,60.1,6.95,57,46,3.4,87.2,0,0,1,0,2,Female,No,Yes,Placed,ECE
4554,63.7,62.5,59.9,6.52,61,65,4.1,90.4,0,4,2,1,26,Female,No,Yes,Placed,CE
4555,67.9,66.8,62.4,6.78,73,62,3.7,92.4,1,0,2,4,0,Male,Yes,Yes,Placed,EE
4556,78.5,73.1,78.3,7.5,67,63,3.0,77.6,1,0,2,1,4,Female,Yes,Yes,NotPlaced,ME
4557,66.9,71.7,72.7,6.88,85,84,3.2,83.5,1,1,3,4,8,Female,No,No,Placed,IT
4558,81.0,65.3,71.0,7.51,54,57,2.9,75.0,0,1,2,1,6,Male,No,No,NotPlaced,ME
4559,59.7,76.5,54.8,5.89,59,67,3.4,70.0,2,0,0,1,9,Female,No,No,NotPlaced,ChemE
4560,51.2,60.2,54.7,6.02,73,53,2.4,73.7,0,0,0,0,0,Female,No,No,NotPlaced,CE
4561,71.2,83.7,66.9,8.59,72,77,3.1,60.7,2,0,1,2,5,Male,No,Yes,NotPlaced,EE
4562,59.4,68.5,70.9,7.51,58,57,3.1,74.9,0,0,2,1,4,Female,Yes,No,NotPlaced,ChemE
4563,74.4,84.0,62.4,8.21,71,85,2.8,77.9,2,2,1,2,10,Male,No,Yes,Placed,ChemE
4564,73.8,72.1,75.0,8.55,66,79,3.5,96.3,0,1,1,2,7,Female,No,No,Placed,EE
4565,69.2,73.5,77.5,7.97,81,65,2.9,92.6,0,4,2,5,21,Male,Yes,No,Placed,ChemE
4566,75.0,67.3,61.1,8.11,63,60,4.2,88.5,0,0,3,1,0,Female,No,Yes,Placed,CE
4567,76.0,69.4,73.6,7.92,84,72,3.7,91.6,0,2,2,3,11,Female,No,No,NotPlaced,IT
4568,74.1,64.7,57.2,6.95,72,87,2.3,79.4,2,2,2,4,12,Female,No,Yes,NotPlaced,EE
4569,68.8,55.2,56.6,6.76,61,67,3.3,80.5,1,0,0,1,0,Female,Yes,No,NotPlaced,EE
4570,74.4,60.7,70.0,7.95,59,51,3.5,93.0,0,0,2,0,1,Male,Yes,Yes,Placed,ME
4571,64.1,55.0,48.0,6.38,55,56,4.1,73.4,1,1,1,0,11,Male,Yes,No,NotPlaced,ECE
4572,62.0,67.3,72.6,7.78,74,84,2.9,84.5,0,0,1,1,3,Female,No,Yes,Placed,ECE
4573,71.0,70.4,57.3,6.81,62,47,4.9,68.0,3,0,3,0,4,Male,Yes,Yes,Placed,EE
4574,64.4,46.9,54.9,6.5,35,50,4.2,72.4,1,0,0,0,10,Male,No,No,NotPlaced,EE
4575,75.5,62.0,65.4,7.29,63,42,2.8,83.2,1,0,0,3,1,Female,No,No,NotPlaced,ME
4576,71.0,65.3,72.1,7.0,88,75,1.9,81.2,1,1,2,0,10,Female,No,No,NotPlaced,EE
4577,70.2,76.3,71.6,7.12,55,57,4.0,95.4,0,0,3,1,2,Male,No,Yes,NotPlaced,ME
4578,64.7,60.0,67.5,7.17,74,87,3.6,82.3,0,0,4,3,1,Female,No,Yes,Placed,CS
4579,98.3,95.5,72.7,9.1,80,64,4.5,100.0,0,2,0,3,9,Male,Yes,Yes,Placed,EE
4580,65.3,60.0,62.1,6.47,48,49,2.3,83.3,0,0,2,1,0,Male,Yes,Yes,NotPlaced,EE
4581,57.2,69.8,65.0,7.13,58,65,3.3,75.5,3,0,1,0,1,Male,Yes,Yes,NotPlaced,ME
4582,67.9,69.2,56.7,5.63,74,72,3.0,68.5,0,2,2,1,9,Male,Yes,Yes,Placed,ECE
4583,72.3,64.4,74.1,7.71,81,87,3.3,84.2,0,0,0,2,0,Female,No,No,Placed,ME
4584,86.3,74.8,80.3,7.98,82,86,3.4,86.6,0,1,5,3,7,Female,No,No,Placed,CS
4585,84.0,82.1,72.8,8.31,65,78,2.6,80.4,0,1,0,1,7,Male,Yes,Yes,Placed,ECE
4586,72.3,61.9,66.8,6.84,58,38,1.5,75.9,1,0,0,3,4,Male,Yes,Yes,Placed,CE
4587,72.0,51.3,66.7,6.44,71,49,3.2,73.0,2,0,2,1,1,Male,Yes,Yes,NotPlaced,CS
4588,80.5,77.2,72.4,8.13,75,74,3.8,78.7,1,1,1,3,6,Female,Yes,Yes,Placed,CS
4589,72.6,61.9,54.3,6.17,50,75,3.7,81.2,1,1,1,1,6,Female,No,Yes,Placed,CE
4590,86.1,79.9,88.6,8.54,84,79,3.4,72.2,0,1,2,1,7,Male,No,No,Placed,CS
4591,59.8,60.4,62.8,6.43,71,41,3.4,72.9,2,0,0,0,0,Male,No,No,NotPlaced,EE
4592,63.4,45.0,69.5,7.88,75,84,4.1,89.9,0,1,2,7,6,Male,Yes,Yes,Placed,ECE
4593,70.9,79.8,74.7,8.01,87,81,4.1,79.6,0,3,1,2,15,Male,No,Yes,Placed,ME
4594,72.9,69.8,67.0,6.41,62,57,4.0,75.8,2,0,6,0,0,Male,Yes,No,NotPlaced,CS
4595,58.2,69.4,76.3,7.71,66,50,2.5,73.5,1,1,1,2,6,Male,No,Yes,NotPlaced,CE
4596,69.1,55.1,65.8,7.28,63,56,3.5,78.3,0,0,3,0,4,Male,Yes,Yes,NotPlaced,CS
4597,73.9,69.9,66.5,7.89,67,64,1.9,75.4,3,0,3,0,0,Male,No,Yes,Placed,CE
4598,85.5,82.8,79.0,8.01,74,72,4.2,95.3,0,0,1,3,2,Female,Yes,No,Placed,CS
4599,84.4,81.1,78.6,8.69,82,60,4.3,84.1,0,0,2,1,1,Male,No,Yes,Placed,ChemE
4600,76.8,78.3,71.6,7.94,88,77,2.7,80.4,2,1,1,0,3,Male,No,No,NotPlaced,ME
4601,70.9,55.5,57.1,5.56,50,36,3.6,86.6,0,1,0,0,12,Female,Yes,Yes,NotPlaced,EE
4602,68.4,69.3,63.4,7.34,69,78,4.6,82.7,0,1,2,1,11,Male,Yes,Yes,Placed,ECE
4603,69.1,58.3,69.7,7.5,68,57,3.4,92.0,0,0,2,1,3,Male,Yes,Yes,Placed,CS
4604,71.3,71.5,74.9,8.52,87,75,3.4,73.9,1,0,2,1,0,Male,Yes,No,NotPlaced,ME
4605,80.6,85.8,73.3,8.05,63,59,4.2,85.2,0,2,1,3,12,Female,No,Yes,Placed,ME
4606,59.4,51.6,58.8,6.45,60,58,4.7,71.0,0,1,0,0,5,Female,No,Yes,NotPlaced,ChemE
4607,58.8,56.0,55.0,6.33,67,67,2.1,54.8,4,2,2,0,6,Female,No,No,NotPlaced,EE
4608,86.1,82.1,76.4,8.12,67,53,3.7,78.4,0,4,1,2,15,Male,No,Yes,NotPlaced,EE
4609,77.3,81.3,76.6,7.69,85,69,1.8,83.0,2,2,4,0,13,Male,Yes,No,Placed,CE
4610,65.5,70.1,69.2,7.12,79,78,3.4,94.0,0,3,2,2,26,Male,No,Yes,NotPlaced,CS
4611,58.0,65.8,60.4,6.71,65,66,3.1,77.2,0,1,1,0,11,Female,No,No,NotPlaced,ME
4612,83.5,83.9,80.8,8.77,69,67,3.2,82.5,0,0,1,3,0,Female,No,Yes,Placed,IT
4613,74.9,75.8,78.9,9.08,72,81,4.1,88.4,0,0,1,2,2,Male,Yes,Yes,Placed,CE
4614,61.0,69.7,64.0,6.67,45,36,2.9,72.5,2,0,0,1,0,Male,Yes,No,NotPlaced,ChemE
4615,62.9,63.1,69.3,6.48,65,44,3.8,84.5,2,2,3,1,9,Female,Yes,No,Placed,CE
4616,75.8,64.5,70.7,7.14,81,67,2.8,81.8,0,0,2,3,0,Female,Yes,No,NotPlaced,CS
4617,69.0,66.0,69.8,8.53,79,75,4.2,85.4,0,1,4,2,8,Female,Yes,Yes,Placed,ECE
4618,60.0,48.7,55.6,5.12,50,54,3.0,87.1,0,0,3,1,4,Male,No,Yes,Placed,ECE
4619,76.4,74.1,80.0,8.41,92,61,3.6,85.0,0,0,0,0,0,Female,Yes,No,Placed,CS
4620,83.8,71.4,70.0,7.76,71,52,2.4,76.7,0,0,2,3,2,Female,Yes,No,Placed,EE
4621,54.0,45.0,50.6,6.3,49,68,3.5,88.7,2,0,0,0,0,Male,No,No,NotPlaced,CE
4622,66.8,66.5,63.4,6.26,61,73,4.0,69.2,0,0,3,0,0,Male,No,Yes,Placed,ME
4623,84.9,69.6,75.2,7.81,88,74,3.6,83.1,0,2,1,3,17,Female,Yes,No,Placed,CE
4624,81.5,72.2,67.9,7.52,73,70,2.9,88.6,0,2,4,3,9,Female,Yes,No,Placed,ECE
4625,75.4,69.3,67.4,6.68,60,42,3.4,82.1,1,0,0,1,3,Female,No,Yes,NotPlaced,EE
4626,68.1,96.7,82.9,7.68,80,78,3.1,85.8,0,0,1,3,5,Female,No,No,Placed,EE
4627,60.4,58.6,61.1,6.24,51,50,3.2,83.6,1,0,0,0,0,Female,No,No,NotPlaced,EE
4628,71.9,72.4,71.3,7.47,66,78,4.2,77.8,0,2,0,4,13,Female,No,Yes,Placed,IT
4629,72.8,59.7,67.9,6.6,71,77,2.1,71.6,0,2,1,3,12,Male,Yes,No,NotPlaced,IT
4630,58.6,50.2,51.8,6.39,70,48,2.9,74.5,1,0,2,2,6,Male,No,Yes,NotPlaced,IT
4631,69.1,68.0,74.6,8.35,62,52,3.2,87.1,0,0,2,3,0,Male,No,No,Placed,EE
4632,71.8,69.4,67.3,8.82,93,99,4.4,83.6,0,3,3,4,14,Female,No,Yes,Placed,ECE
4633,72.6,58.7,60.1,8.1,65,64,2.9,84.6,0,0,0,2,3,Male,Yes,Yes,NotPlaced,CS
4634,57.3,50.8,56.4,5.31,35,62,2.7,67.4,0,0,1,1,4,Male,Yes,No,NotPlaced,EE
4635,74.2,73.5,69.8,8.86,72,59,3.6,89.3,0,1,1,1,6,Male,Yes,Yes,Placed,ECE
4636,68.8,75.1,76.2,7.51,49,49,4.1,82.8,1,0,0,1,5,Male,Yes,Yes,Placed,ME
4637,52.9,71.2,71.5,6.51,68,60,3.0,66.1,2,0,3,0,9,Female,Yes,No,NotPlaced,EE
4638,54.9,63.6,71.1,6.68,52,59,4.1,79.2,0,0,1,0,4,Male,No,No,NotPlaced,EE
4639,88.0,94.7,85.1,7.94,83,63,3.6,75.5,0,2,2,1,9,Male,No,No,Placed,ECE
4640,91.4,91.7,78.7,9.24,85,93,3.2,100.0,0,1,1,2,7,Female,No,Yes,Placed,CS
4641,83.5,80.5,77.1,7.88,70,54,2.5,82.5,0,0,0,0,5,Female,Yes,No,NotPlaced,ChemE
4642,74.1,45.3,60.6,6.05,65,42,3.9,76.8,1,0,2,0,0,Female,No,No,NotPlaced,IT
4643,61.2,58.0,72.2,7.71,75,79,3.3,91.2,0,2,3,0,11,Male,Yes,Yes,Placed,ME
4644,50.4,75.7,64.5,5.74,65,73,3.2,80.5,2,0,3,0,2,Male,Yes,No,NotPlaced,CE
4645,63.1,79.8,69.9,7.95,72,84,3.2,73.7,2,1,4,2,5,Female,Yes,Yes,Placed,CS
4646,45.4,70.8,57.4,6.27,55,64,3.1,72.6,3,0,1,0,10,Male,No,No,NotPlaced,ME
4647,60.4,77.1,55.1,6.49,57,67,3.1,68.8,0,0,4,1,2,Female,No,Yes,Placed,ME
4648,82.8,88.0,77.5,7.8,62,69,4.1,69.9,0,0,3,1,0,Male,Yes,No,NotPlaced,ChemE
4649,73.3,70.9,62.1,7.51,72,62,4.5,99.3,0,0,2,2,5,Male,No,Yes,Placed,ME
4650,88.1,83.8,76.0,7.88,78,62,3.2,83.0,0,3,2,1,10,Female,Yes,Yes,Placed,CS
4651,85.1,75.8,87.0,9.04,95,91,4.5,100.0,0,0,4,1,3,Female,No,Yes,Placed,IT
4652,74.3,77.6,66.3,8.31,79,67,4.5,84.9,0,2,4,2,7,Female,Yes,No,Placed,ECE
4653,60.8,68.0,60.6,6.33,54,54,2.9,73.0,1,0,1,1,3,Female,No,No,NotPlaced,IT
4654,75.5,76.4,73.7,7.35,68,62,4.6,97.5,0,1,1,1,4,Female,Yes,Yes,Placed,CE
4655,70.7,79.8,82.7,8.95,91,84,2.5,82.6,0,2,2,2,18,Male,No,Yes,Placed,CS
4656,55.4,61.1,77.6,8.27,91,84,4.6,92.3,0,3,0,4,14,Male,Yes,Yes,Placed,CS
4657,57.7,45.0,48.0,5.51,48,57,3.8,82.2,2,0,0,0,3,Male,Yes,Yes,NotPlaced,EE
4658,84.6,85.5,87.0,8.21,94,82,2.9,81.8,0,1,2,1,7,Female,No,No,Placed,CS
4659,87.1,69.7,66.3,7.71,69,61,5.0,67.6,0,2,0,0,19,Male,Yes,Yes,Placed,ECE
4660,80.9,79.4,76.4,7.61,69,59,4.1,74.5,0,1,1,1,8,Male,No,Yes,Placed,CE
4661,56.6,45.0,51.0,5.68,42,45,2.7,68.9,2,0,0,2,3,Female,No,No,NotPlaced,ChemE
4662,62.5,73.0,57.2,6.51,60,69,3.4,77.6,2,0,4,0,4,Male,Yes,Yes,NotPlaced,EE
4663,46.9,45.0,48.0,5.0,56,85,3.5,49.5,4,1,3,1,7,Female,No,Yes,NotPlaced,ChemE
4664,63.2,74.5,71.2,7.16,67,43,3.0,77.3,0,0,1,3,2,Male,Yes,No,Placed,IT
4665,72.8,50.8,56.3,6.97,74,45,2.8,70.6,1,2,2,3,11,Male,No,Yes,Placed,CE
4666,84.4,84.5,69.2,7.91,76,70,3.4,77.5,0,0,0,2,0,Male,No,Yes,NotPlaced,CE
4667,78.6,62.2,65.3,7.12,58,75,3.5,84.7,1,1,3,1,5,Male,No,No,NotPlaced,ME
4668,74.5,71.7,72.8,7.87,62,50,3.9,82.8,1,3,1,0,22,Male,Yes,No,Placed,IT
4669,78.2,92.5,89.7,8.38,83,67,5.0,90.0,0,1,5,2,11,Male,No,Yes,Placed,ChemE
4670,81.5,78.3,70.1,7.43,69,60,3.1,90.4,0,1,0,1,10,Female,No,No,NotPlaced,ME
4671,80.2,63.7,60.8,7.3,52,53,4.1,82.2,1,0,1,1,7,Female,Yes,No,Placed,ME
4672,79.4,71.6,75.7,7.71,80,70,4.2,85.5,0,0,0,4,4,Female,No,Yes,Placed,ME
4673,85.0,67.1,82.7,7.88,76,81,4.6,80.3,0,1,4,1,9,Male,Yes,No,Placed,ChemE
4674,89.4,70.6,85.0,8.8,85,64,3.6,85.9,0,1,4,3,12,Female,Yes,No,Placed,CE
4675,52.5,45.8,54.5,5.32,45,35,2.7,69.4,0,0,1,2,2,Male,Yes,No,NotPlaced,CE
4676,72.6,65.8,61.8,7.4,71,81,3.5,79.9,0,2,1,1,12,Male,No,No,NotPlaced,ECE
4677,69.3,62.3,66.2,8.18,85,68,3.2,77.2,0,0,3,2,2,Male,Yes,Yes,Placed,CS
4678,69.9,68.1,68.0,7.07,62,59,3.2,86.4,0,2,0,0,15,Male,Yes,Yes,NotPlaced,CE
4679,90.0,81.0,85.7,8.68,73,94,3.2,76.4,0,0,2,0,3,Male,No,No,NotPlaced,IT
4680,91.4,84.2,78.7,9.18,92,79,5.0,72.3,0,2,1,0,13,Female,No,Yes,Placed,EE
4681,75.6,63.0,69.4,7.3,75,69,4.1,76.2,1,1,5,0,4,Female,Yes,No,Placed,ME
4682,76.3,62.4,66.8,7.33,67,79,2.9,73.3,1,0,1,0,7,Male,No,Yes,NotPlaced,ECE
4683,70.0,68.2,64.3,7.11,77,89,3.8,90.4,0,2,3,3,8,Male,Yes,Yes,NotPlaced,ECE
4684,63.0,76.1,64.7,7.68,83,75,2.4,97.6,0,1,5,6,4,Female,No,Yes,Placed,EE
4685,87.6,82.7,86.4,9.42,88,82,4.2,97.7,0,3,0,0,27,Female,Yes,No,Placed,ECE
4686,68.9,53.8,64.3,7.75,61,47,3.5,87.8,0,2,1,1,14,Female,No,Yes,Placed,IT
4687,79.6,70.2,75.8,8.16,86,94,3.3,82.2,0,1,0,1,12,Male,Yes,No,Placed,CE
4688,88.3,80.2,80.0,8.82,77,57,3.0,92.9,0,1,1,1,5,Male,Yes,No,Placed,ECE
4689,82.0,59.8,76.1,8.84,59,54,3.3,71.3,1,0,4,0,6,Male,Yes,Yes,Placed,EE
4690,61.4,71.4,71.5,8.21,79,91,2.7,87.6,0,2,1,0,18,Female,No,Yes,Placed,IT
4691,72.9,70.2,76.1,8.64,66,64,2.6,84.1,0,1,1,1,8,Male,Yes,No,Placed,ECE
4692,65.6,63.1,67.0,6.6,68,80,3.4,73.8,0,1,5,2,7,Female,No,No,Placed,IT
4693,75.9,73.7,68.7,7.28,72,50,3.7,69.8,0,0,2,1,3,Female,No,No,NotPlaced,CE
4694,79.8,57.4,58.6,6.63,52,73,4.2,95.8,0,0,3,4,0,Male,Yes,Yes,Placed,IT
4695,55.5,63.9,58.7,5.99,56,49,3.6,92.0,0,2,1,1,10,Female,No,No,NotPlaced,ME
4696,48.3,47.4,54.0,5.48,53,57,2.8,64.1,1,0,1,0,0,Female,Yes,Yes,NotPlaced,ChemE
4697,57.1,55.1,58.2,6.15,53,55,2.4,80.3,1,0,3,1,0,Female,No,Yes,Placed,CE
4698,68.6,69.7,60.0,8.08,87,82,4.1,84.7,1,0,2,0,4,Male,Yes,Yes,Placed,CS
4699,63.1,65.9,62.7,7.65,70,74,4.3,76.1,1,1,3,2,9,Female,Yes,Yes,Placed,ECE
4700,63.9,49.8,56.3,6.57,64,57,3.1,87.5,0,1,2,2,4,Female,No,Yes,Placed,CS
4701,72.8,48.4,65.1,6.57,70,54,3.7,74.7,0,1,2,0,6,Female,No,No,NotPlaced,EE
4702,68.4,74.0,54.2,7.69,73,65,2.5,87.8,0,1,1,3,10,Female,Yes,Yes,Placed,IT
4703,59.8,65.3,64.1,6.14,66,69,3.0,76.9,0,0,5,3,0,Male,Yes,No,Placed,ECE
4704,67.6,62.4,69.0,6.42,66,77,3.5,77.7,0,2,3,0,14,Male,No,No,Placed,ME
4705,78.3,93.6,86.9,9.06,83,82,3.9,78.6,1,1,3,1,6,Male,Yes,Yes,Placed,ECE
4706,93.6,99.0,83.6,8.87,85,65,4.9,97.9,0,2,1,3,11,Male,Yes,Yes,Placed,EE
4707,83.1,58.3,60.9,7.3,64,82,4.7,66.2,1,0,1,2,2,Male,No,Yes,NotPlaced,CS
4708,61.2,70.6,68.5,6.71,80,53,3.0,95.9,0,2,0,0,8,Male,Yes,Yes,NotPlaced,CS
4709,70.7,72.0,73.3,6.71,85,69,2.6,73.3,0,0,0,1,0,Male,No,No,NotPlaced,ECE
4710,68.5,59.4,68.2,8.26,74,79,3.4,95.7,0,2,1,2,11,Female,No,No,Placed,ECE
4711,82.5,68.7,90.7,9.0,70,86,5.0,92.3,0,2,1,2,19,Male,No,No,NotPlaced,EE
4712,79.8,86.8,82.0,8.62,91,91,4.2,77.1,0,0,4,2,7,Female,No,Yes,Placed,IT
4713,61.0,68.3,66.9,6.92,71,72,4.0,91.8,0,2,0,2,12,Female,No,No,NotPlaced,CE
4714,75.4,58.5,64.3,6.68,75,91,2.8,69.9,1,0,3,0,6,Male,Yes,Yes,Placed,CE
4715,59.2,45.0,58.5,6.0,52,41,3.8,88.7,1,0,0,3,6,Female,Yes,No,NotPlaced,CE
4716,67.1,71.0,64.4,6.96,77,68,3.1,76.3,1,1,3,1,8,Female,No,No,NotPlaced,IT
4717,90.1,77.5,84.9,8.97,88,93,5.0,84.9,0,1,3,4,7,Female,No,No,Placed,CS
4718,62.9,58.9,76.3,7.07,66,55,3.7,85.2,0,2,0,2,11,Male,Yes,No,NotPlaced,EE
4719,67.0,58.4,72.7,6.39,61,41,4.9,81.6,1,1,0,1,8,Female,No,Yes,NotPlaced,ECE
4720,61.4,70.4,70.0,8.2,74,67,3.5,82.1,0,2,1,2,20,Female,Yes,No,Placed,EE
4721,51.2,57.4,61.2,6.97,74,73,4.1,89.3,1,1,5,2,4,Female,Yes,No,Placed,CS
4722,72.1,70.2,68.3,7.94,92,100,3.7,93.9,1,0,1,1,0,Male,Yes,No,Placed,IT
4723,71.3,81.0,83.4,7.06,55,53,2.9,77.4,2,0,1,0,3,Female,No,No,NotPlaced,CS
4724,60.1,72.4,75.3,7.84,73,65,4.6,85.1,0,0,2,3,4,Female,Yes,Yes,NotPlaced,ME
4725,77.3,79.9,84.8,7.89,87,97,3.1,73.7,0,3,5,1,16,Female,Yes,Yes,Placed,CS
4726,91.1,98.5,90.4,10.0,97,86,4.1,98.7,0,2,4,1,7,Male,Yes,Yes,Placed,ECE
4727,70.2,60.1,64.3,6.88,62,42,2.7,73.7,0,0,0,1,0,Male,Yes,Yes,NotPlaced,ECE
4728,69.8,65.6,57.1,6.74,61,53,4.8,86.4,0,0,0,0,0,Female,Yes,Yes,Placed,ECE
4729,86.0,74.9,54.1,7.0,72,77,4.1,75.7,2,0,2,2,3,Male,No,No,NotPlaced,CE
4730,84.5,71.9,74.2,8.3,67,78,3.6,84.5,0,0,1,2,3,Female,Yes,No,Placed,IT
4731,62.5,72.3,68.1,7.13,67,62,3.8,87.6,1,2,1,1,13,Female,No,No,NotPlaced,CS
4732,80.3,75.5,73.7,7.82,72,72,3.3,76.1,1,0,1,0,0,Male,No,No,Placed,EE
4733,87.8,78.0,71.5,8.35,80,83,2.6,86.0,0,3,2,1,11,Male,Yes,No,Placed,ChemE
4734,68.2,88.1,76.9,8.08,78,75,4.2,97.3,0,3,2,2,17,Male,Yes,No,Placed,CE
4735,71.1,78.4,72.6,8.78,93,68,4.3,73.5,0,4,0,1,16,Male,Yes,No,Placed,IT
4736,69.8,71.5,81.5,7.64,70,64,4.8,74.7,0,0,3,2,0,Male,Yes,Yes,Placed,EE
4737,74.9,78.7,80.2,9.02,61,66,4.7,77.4,0,1,2,0,10,Male,No,No,Placed,IT
4738,77.4,73.0,75.9,8.08,67,54,3.3,63.9,1,0,0,1,5,Male,No,No,NotPlaced,CE
4739,76.6,54.2,62.6,6.55,52,47,3.8,74.1,0,1,1,0,5,Male,No,Yes,NotPlaced,ChemE
4740,81.4,56.9,67.7,8.12,80,75,3.3,84.7,1,3,2,1,10,Male,No,No,NotPlaced,CS
4741,74.5,69.1,62.4,8.12,64,61,4.2,92.7,0,0,2,3,2,Female,No,Yes,NotPlaced,ECE
4742,68.0,72.7,53.1,7.41,73,70,3.4,80.2,0,4,0,2,21,Male,No,No,Placed,CE
4743,76.1,78.9,74.0,7.1,69,56,1.4,80.9,0,0,1,2,1,Female,No,No,NotPlaced,ME
4744,68.8,65.1,53.3,6.73,63,64,2.8,72.9,1,1,1,1,7,Male,Yes,Yes,Placed,IT
4745,82.7,83.7,69.3,7.83,82,59,3.3,85.8,0,0,2,2,1,Male,No,Yes,Placed,IT
4746,70.7,70.1,68.8,7.27,72,84,3.2,72.8,1,0,3,1,3,Female,No,Yes,Placed,CS
4747,79.0,73.9,68.7,8.11,61,66,2.8,77.4,1,0,0,0,4,Female,No,No,Placed,IT
4748,67.3,69.8,66.5,7.44,63,60,3.8,78.7,0,2,1,2,14,Female,No,No,Placed,EE
4749,78.3,70.0,76.3,7.55,69,81,2.6,77.6,1,1,5,0,6,Male,No,No,Placed,ECE
4750,77.5,67.8,75.2,8.7,79,88,2.8,86.5,0,4,4,2,28,Female,No,Yes,Placed,CS
4751,75.8,75.8,84.4,8.74,51,71,4.8,93.5,0,0,0,2,2,Female,Yes,Yes,Placed,CE
4752,80.1,68.0,68.4,7.56,75,59,3.8,86.3,0,2,1,1,9,Male,No,No,Placed,ChemE
4753,96.2,91.3,81.4,8.39,78,98,3.9,100.0,0,1,3,4,11,Female,Yes,Yes,Placed,IT
4754,81.9,69.5,75.0,8.36,88,79,3.0,70.8,0,1,1,1,7,Male,No,No,Placed,EE
4755,61.8,48.4,54.8,6.47,46,52,4.4,75.0,3,0,1,0,3,Female,Yes,Yes,NotPlaced,ECE
4756,72.5,70.0,62.7,6.89,60,71,3.1,76.9,0,1,0,0,5,Male,No,Yes,Placed,ME
4757,62.9,58.4,55.6,6.86,75,66,4.0,72.6,0,0,1,1,0,Female,No,Yes,NotPlaced,CE
4758,85.5,81.6,83.9,8.65,79,64,3.3,88.7,0,2,0,6,7,Male,Yes,No,Placed,CS
4759,70.0,66.5,55.7,7.39,62,69,2.9,81.2,1,0,1,2,7,Male,No,Yes,Placed,CE
4760,84.9,99.0,92.3,8.46,78,77,4.1,85.6,0,0,2,3,3,Female,No,Yes,Placed,IT
4761,97.0,97.4,83.8,9.77,87,91,4.6,90.5,0,1,2,5,8,Female,Yes,No,Placed,ECE
4762,66.9,62.3,64.9,6.38,69,56,2.8,67.1,2,1,0,0,5,Female,No,No,NotPlaced,ME
4763,78.0,70.7,71.3,7.45,73,61,4.1,79.9,1,1,0,0,11,Female,Yes,Yes,NotPlaced,ME
4764,78.6,80.5,81.1,7.17,70,60,3.6,85.6,0,0,1,1,1,Male,Yes,No,Placed,CS
4765,67.2,89.1,67.3,8.9,85,85,3.2,75.2,0,0,2,4,2,Female,Yes,Yes,Placed,CE
4766,65.5,51.1,52.4,5.9,49,42,3.0,69.2,2,0,0,0,3,Male,No,No,NotPlaced,ChemE
4767,56.9,60.7,60.1,6.58,52,45,4.1,89.6,0,0,2,1,6,Female,Yes,Yes,NotPlaced,CE
4768,55.3,58.1,59.3,6.4,57,63,3.2,70.2,1,0,1,0,4,Male,No,Yes,NotPlaced,EE
4769,60.6,69.1,65.4,6.48,57,62,4.5,95.4,1,0,0,0,8,Male,No,No,NotPlaced,CE
4770,52.3,76.1,65.0,6.86,58,74,3.0,69.8,2,0,3,1,7,Female,No,No,NotPlaced,ME
4771,67.1,61.7,67.9,7.56,39,57,4.5,85.9,0,1,0,3,9,Female,No,Yes,Placed,ECE
4772,72.4,69.0,67.0,7.03,59,54,4.7,97.4,0,0,1,0,3,Male,Yes,No,Placed,EE
4773,58.9,60.6,61.9,6.72,57,70,3.1,78.2,1,0,1,0,6,Female,No,Yes,Placed,CS
4774,84.1,61.3,71.4,7.96,57,69,2.3,77.9,0,0,0,0,0,Male,Yes,No,NotPlaced,CS
4775,68.4,63.6,61.1,6.34,53,36,3.5,68.9,1,0,1,0,0,Male,No,Yes,NotPlaced,ChemE
4776,95.1,99.0,86.0,9.92,94,100,3.4,94.5,0,3,3,2,19,Male,Yes,Yes,Placed,CE
4777,64.6,83.9,67.3,8.26,77,82,1.5,88.7,0,1,1,1,9,Male,Yes,Yes,Placed,EE
4778,82.0,64.3,74.7,7.3,72,77,3.6,71.5,1,0,3,1,0,Male,No,No,Placed,ME
4779,65.9,54.4,66.7,6.92,66,58,3.4,76.7,0,2,2,2,7,Male,No,No,NotPlaced,ME
4780,71.1,60.7,54.1,6.19,50,48,2.8,73.3,2,1,0,2,8,Female,Yes,No,NotPlaced,ME
4781,60.7,53.9,62.2,6.1,54,61,4.3,84.1,1,1,1,3,9,Female,No,No,NotPlaced,CS
4782,66.5,57.3,72.0,7.53,52,64,2.8,81.6,0,4,3,0,30,Male,No,No,Placed,ME
4783,79.9,79.5,77.0,8.05,91,72,1.4,81.8,0,1,0,1,10,Male,Yes,Yes,Placed,IT
4784,53.9,63.6,64.9,6.18,63,73,3.6,79.6,0,1,4,3,10,Male,Yes,Yes,Placed,CE
4785,49.4,55.7,60.1,5.72,55,73,2.8,95.2,0,2,5,2,9,Female,No,No,Placed,ME
4786,55.7,69.7,68.4,7.58,77,79,3.0,94.4,0,0,2,5,1,Male,No,Yes,Placed,CS
4787,97.8,73.6,66.4,7.25,70,92,3.8,85.1,0,1,4,0,9,Male,No,No,Placed,CS
4788,63.7,67.0,73.6,7.1,84,78,3.9,85.6,0,4,5,1,15,Female,No,No,Placed,IT
4789,45.0,49.5,58.8,5.41,58,67,2.1,67.2,3,0,1,0,0,Female,Yes,No,NotPlaced,CE
4790,74.4,55.1,64.0,7.1,55,46,4.2,84.6,0,2,1,1,10,Female,Yes,No,NotPlaced,ECE
4791,58.1,72.1,67.2,6.67,55,78,4.7,81.8,0,0,3,2,0,Male,Yes,Yes,NotPlaced,EE
4792,54.1,85.6,70.4,6.88,59,64,4.1,89.2,0,2,0,4,10,Male,Yes,No,NotPlaced,IT
4793,59.9,80.3,69.3,8.87,68,49,3.0,86.0,0,1,0,0,6,Male,Yes,No,Placed,CE
4794,65.0,69.5,61.3,6.53,35,25,3.0,78.3,1,0,0,0,1,Male,Yes,Yes,NotPlaced,EE
4795,59.0,62.3,66.3,5.91,53,63,3.5,79.9,1,0,0,1,0,Female,Yes,Yes,NotPlaced,CE
4796,72.1,54.1,65.8,6.9,80,80,3.6,75.2,3,0,5,1,1,Female,No,Yes,Placed,CS
4797,61.4,77.0,49.5,6.6,56,47,3.9,70.2,2,1,4,1,8,Male,No,Yes,NotPlaced,EE
4798,76.7,67.6,69.2,7.66,95,74,4.5,86.3,0,0,1,1,2,Male,No,Yes,Placed,IT
4799,62.1,70.4,51.2,6.85,68,68,4.0,80.4,1,2,3,0,12,Female,Yes,Yes,Placed,ECE
4800,59.6,60.4,51.2,6.43,58,52,3.2,64.0,1,1,2,1,9,Female,No,No,NotPlaced,EE
4801,66.7,80.8,74.5,7.05,60,58,1.8,78.6,0,0,3,1,0,Male,No,Yes,Placed,CE
4802,75.8,79.9,77.3,8.91,75,90,4.5,90.6,0,0,0,4,0,Male,No,Yes,Placed,CS
4803,68.0,65.0,77.3,7.69,75,76,2.9,76.5,0,1,1,1,6,Male,No,Yes,Placed,ME
4804,77.3,58.3,66.7,6.65,64,82,4.3,74.0,1,1,1,2,6,Male,No,Yes,Placed,ECE
4805,68.7,88.3,62.6,7.55,64,62,3.4,82.8,0,1,5,2,10,Male,No,Yes,Placed,ME
4806,66.0,84.1,80.9,7.82,82,71,4.2,90.9,0,1,0,3,6,Male,Yes,Yes,Placed,CS
4807,64.7,77.3,50.9,6.97,53,55,4.2,88.7,0,0,2,1,6,Male,No,No,NotPlaced,IT
4808,55.9,55.9,59.5,5.91,58,49,3.2,85.1,0,2,0,2,14,Male,Yes,Yes,NotPlaced,CE
4809,73.8,77.9,73.3,8.39,76,80,2.9,75.8,0,1,3,1,4,Male,No,No,Placed,CE
4810,51.2,45.0,48.0,5.91,42,48,2.3,82.6,1,0,2,0,5,Male,No,No,NotPlaced,ECE
4811,94.8,83.1,72.7,8.2,84,86,2.5,93.2,0,0,1,1,3,Female,Yes,Yes,Placed,CS
4812,83.5,99.0,76.3,9.03,68,88,3.8,85.2,0,0,2,2,3,Female,Yes,Yes,Placed,ME
4813,70.0,55.0,73.6,6.16,63,67,2.5,89.2,0,0,0,2,4,Female,No,No,NotPlaced,EE
4814,77.5,64.8,72.4,6.96,76,76,3.5,71.3,1,0,2,2,0,Female,No,Yes,NotPlaced,CE
4815,72.8,88.3,78.8,7.46,59,75,5.0,92.3,0,2,2,2,14,Female,No,Yes,Placed,IT
4816,73.1,70.6,73.6,7.64,50,52,3.4,76.6,0,0,0,0,0,Male,Yes,Yes,NotPlaced,CE
4817,72.2,91.4,82.5,7.8,75,62,3.6,76.4,1,0,0,1,3,Male,No,Yes,Placed,ME
4818,79.5,85.8,92.4,9.44,76,69,3.0,85.6,0,2,3,3,11,Female,No,Yes,NotPlaced,IT
4819,60.2,67.3,64.8,7.18,70,83,4.3,88.5,2,2,1,0,13,Male,No,Yes,NotPlaced,CS
4820,81.3,76.0,70.6,7.21,75,80,5.0,86.0,0,1,1,0,10,Male,Yes,Yes,Placed,CS
4821,85.0,54.4,66.2,7.08,75,73,1.7,79.8,1,0,3,2,3,Male,No,No,NotPlaced,EE
4822,74.2,68.4,76.2,8.46,77,86,4.4,98.1,0,0,6,4,0,Female,Yes,Yes,Placed,CS
4823,81.8,67.7,83.7,8.04,89,96,3.7,85.3,0,2,3,1,14,Male,No,Yes,Placed,ECE
4824,54.5,45.0,48.6,5.75,47,67,3.3,80.3,1,1,1,2,5,Male,No,Yes,NotPlaced,ME
4825,61.6,62.3,66.2,6.6,69,75,3.9,73.2,1,1,3,3,5,Female,No,Yes,Placed,CS
4826,81.0,58.1,72.9,6.92,66,72,3.1,84.2,1,2,0,3,7,Female,Yes,No,Placed,CS
4827,81.4,58.3,55.1,6.61,48,62,3.7,74.5,0,0,1,1,3,Male,Yes,No,NotPlaced,ECE
4828,74.0,85.0,76.3,7.9,71,67,2.7,88.5,0,0,3,5,0,Male,Yes,No,Placed,ECE
4829,86.4,64.2,76.6,6.94,75,71,5.0,90.8,0,0,2,0,6,Female,No,Yes,Placed,IT
4830,68.8,76.3,65.5,6.35,63,67,3.7,83.3,0,0,1,2,1,Female,No,Yes,Placed,CE
4831,51.1,45.0,51.5,6.66,55,64,3.8,80.7,0,1,0,0,8,Female,No,Yes,NotPlaced,ECE
4832,61.4,54.1,65.0,6.88,65,83,3.2,66.8,2,0,3,1,4,Male,No,No,NotPlaced,CS
4833,85.9,92.0,84.6,8.81,76,56,5.0,100.0,0,0,1,0,2,Female,Yes,Yes,Placed,CE
4834,68.5,63.6,48.0,7.5,74,59,5.0,88.5,1,1,4,1,11,Female,Yes,Yes,Placed,CS
4835,78.5,81.5,76.2,7.33,99,99,4.2,81.8,0,0,1,3,3,Female,Yes,No,Placed,EE
4836,65.2,79.6,48.0,6.43,42,45,2.7,71.9,1,1,1,1,11,Female,Yes,No,NotPlaced,CE
4837,83.8,68.6,70.5,7.33,62,51,3.4,76.5,0,0,1,2,1,Female,Yes,No,Placed,IT
4838,80.0,69.1,66.1,8.06,77,71,3.8,71.1,0,1,1,2,6,Male,No,Yes,Placed,ECE
4839,95.0,65.5,78.4,8.83,81,91,3.5,98.3,0,4,1,2,19,Female,Yes,No,Placed,CS
4840,65.5,72.1,69.2,7.23,76,62,2.4,86.0,0,1,2,3,8,Female,Yes,Yes,Placed,IT
4841,76.0,78.9,77.4,8.15,91,98,3.4,100.0,0,1,2,0,6,Female,Yes,No,Placed,CS
4842,69.4,73.3,73.5,7.62,81,63,2.3,75.0,0,0,0,0,0,Male,Yes,No,Placed,CE
4843,54.5,68.9,50.1,6.22,64,75,3.5,80.2,1,0,0,0,0,Female,Yes,Yes,NotPlaced,EE
4844,77.8,76.1,88.8,8.28,69,64,3.0,100.0,0,0,1,0,5,Male,Yes,Yes,NotPlaced,EE
4845,72.8,82.7,65.3,7.38,75,96,4.7,100.0,0,1,4,2,8,Male,Yes,Yes,Placed,EE
4846,87.0,78.6,78.1,7.92,72,84,2.8,85.6,1,0,0,2,0,Female,Yes,Yes,Placed,ECE
4847,63.9,63.2,68.3,6.12,65,56,4.2,82.9,1,1,0,0,6,Male,Yes,No,NotPlaced,CE
4848,83.8,73.8,77.4,7.93,89,87,2.7,74.0,1,0,4,2,2,Male,Yes,No,NotPlaced,ECE
4849,60.1,59.7,56.2,7.27,77,81,4.5,68.0,2,2,3,0,10,Female,No,Yes,Placed,ME
4850,66.3,57.3,65.5,7.14,78,50,2.3,91.3,0,4,0,3,26,Male,Yes,No,Placed,CE
4851,59.6,67.6,61.1,6.57,66,64,3.2,81.8,1,0,2,3,3,Female,No,No,Placed,CS
4852,65.3,53.9,58.5,7.78,54,60,4.1,86.5,0,0,1,2,2,Female,Yes,Yes,NotPlaced,CE
4853,82.5,75.7,75.5,7.89,71,39,3.8,84.2,0,1,2,1,7,Female,No,Yes,Placed,IT
4854,75.9,60.2,65.0,6.97,55,57,4.1,76.5,1,1,2,0,6,Male,Yes,Yes,Placed,EE
4855,66.4,70.4,65.6,7.47,63,60,4.7,77.4,1,0,2,0,5,Female,No,Yes,NotPlaced,ME
4856,78.6,59.8,71.8,7.4,75,73,4.4,77.6,0,0,2,1,0,Male,Yes,Yes,Placed,CE
4857,91.3,54.1,76.0,8.33,82,85,3.5,90.1,0,1,2,2,7,Female,Yes,No,Placed,CS
4858,64.8,76.9,71.0,7.22,56,49,4.3,83.9,0,2,2,0,9,Male,No,Yes,Placed,EE
4859,77.0,94.3,83.4,8.91,81,86,3.4,79.3,0,1,5,0,7,Female,No,Yes,Placed,IT
4860,45.0,45.0,49.8,5.0,48,42,3.7,62.2,1,0,0,0,0,Female,No,No,NotPlaced,CE
4861,74.0,70.5,67.5,7.19,56,65,3.1,93.9,0,2,2,2,12,Female,Yes,No,Placed,EE
4862,53.2,57.1,57.8,5.67,49,41,3.9,78.3,1,0,0,0,2,Male,Yes,Yes,NotPlaced,CE
4863,72.6,56.2,66.9,7.54,82,69,2.7,83.6,1,2,1,2,12,Female,Yes,No,Placed,ChemE
4864,69.0,75.6,61.5,7.38,76,77,1.8,85.7,1,0,1,5,0,Male,Yes,No,NotPlaced,IT
4865,90.4,84.7,72.4,7.88,79,77,4.5,80.3,0,2,2,1,14,Male,Yes,No,Placed,CS
4866,69.1,69.0,56.3,6.48,71,69,3.1,78.4,0,1,3,1,3,Male,Yes,No,Placed,ME
4867,70.6,88.8,77.5,7.71,72,57,3.8,79.5,0,2,1,2,11,Male,No,Yes,Placed,CE
4868,64.2,71.9,67.4,6.86,56,76,2.8,85.0,5,0,1,1,0,Female,No,No,Placed,ME
4869,85.5,71.6,76.5,8.83,98,59,3.3,86.4,0,2,1,0,11,Male,No,No,Placed,CS
4870,60.0,65.6,65.2,6.72,62,53,2.0,76.9,1,0,0,0,0,Female,No,No,NotPlaced,ME
4871,72.8,64.5,52.4,6.64,59,48,3.6,85.3,2,1,0,0,6,Female,Yes,No,Placed,CS
4872,62.9,74.2,59.2,6.31,66,78,4.5,90.7,1,2,1,1,16,Male,Yes,No,Placed,ME
4873,86.8,77.6,65.3,7.26,66,68,3.8,88.1,0,1,1,1,5,Male,No,Yes,Placed,ME
4874,73.3,67.9,75.9,7.94,60,54,2.9,70.2,2,0,1,0,5,Female,Yes,Yes,Placed,ECE
4875,69.2,57.9,81.5,7.97,84,75,2.4,83.3,0,2,0,1,11,Male,No,Yes,Placed,CE
4876,57.6,66.7,56.2,6.6,40,56,3.0,78.1,0,0,1,1,6,Female,No,Yes,NotPlaced,IT
4877,77.4,63.6,62.3,7.62,61,47,2.6,77.1,0,0,2,1,7,Male,No,No,NotPlaced,CE
4878,70.2,63.4,71.4,7.28,74,79,3.4,84.9,0,3,4,3,12,Male,Yes,Yes,Placed,IT
4879,85.0,65.6,52.8,6.0,57,71,3.7,83.5,0,0,2,1,0,Female,Yes,Yes,NotPlaced,ChemE
4880,66.4,59.9,61.1,7.2,82,75,1.9,86.5,0,1,2,3,5,Female,No,No,NotPlaced,ME
4881,62.6,56.0,68.0,7.6,48,51,3.2,87.3,0,0,0,1,3,Male,No,No,NotPlaced,IT
4882,45.0,63.5,53.1,6.22,44,58,1.7,83.3,0,1,0,4,12,Male,Yes,Yes,NotPlaced,ChemE
4883,82.0,54.4,70.1,7.03,73,69,4.1,83.7,0,0,2,3,6,Male,Yes,Yes,Placed,CS
4884,77.7,78.9,74.9,7.84,74,42,4.1,98.8,0,0,0,1,1,Male,No,Yes,NotPlaced,CE
4885,76.7,67.6,63.2,6.55,68,59,1.9,73.1,2,0,2,0,1,Male,No,Yes,NotPlaced,ECE
4886,92.5,60.6,75.9,8.59,80,92,4.1,86.1,0,1,2,1,7,Male,Yes,Yes,Placed,IT
4887,91.8,88.7,93.6,8.56,84,86,3.4,100.0,0,4,2,2,24,Female,No,Yes,Placed,ECE
4888,64.7,53.8,48.2,5.86,49,45,2.5,65.4,1,0,0,0,0,Male,No,No,NotPlaced,ME
4889,77.2,79.3,53.7,6.95,59,61,3.2,84.1,0,0,1,0,0,Female,Yes,No,Placed,ChemE
4890,77.5,77.6,62.2,7.41,62,45,3.0,72.5,0,1,0,1,8,Male,No,No,NotPlaced,ME
4891,55.0,63.3,58.4,6.87,45,63,4.2,77.9,0,0,0,0,6,Female,Yes,Yes,NotPlaced,EE
4892,70.2,45.0,55.2,6.12,41,65,4.0,89.8,0,1,1,2,5,Male,Yes,No,Placed,ChemE
4893,75.7,69.9,73.8,7.53,74,58,3.8,89.3,0,1,0,5,6,Female,No,No,NotPlaced,CE
4894,82.7,64.2,68.6,7.16,61,66,3.1,66.2,1,2,1,1,13,Male,No,Yes,NotPlaced,ECE
4895,65.5,68.5,57.4,6.07,83,62,3.7,84.6,2,0,3,1,3,Male,No,No,Placed,CS
4896,82.8,73.6,77.6,8.2,69,68,4.9,95.5,0,1,2,2,5,Male,Yes,Yes,Placed,ECE
4897,76.3,79.0,70.4,8.02,72,85,3.7,88.4,0,1,6,3,4,Male,Yes,Yes,Placed,CS
4898,65.3,83.0,78.3,8.13,81,67,3.8,86.6,0,0,2,3,3,Male,Yes,No,Placed,ECE
4899,58.2,63.5,60.2,5.43,53,48,3.6,61.5,0,1,0,0,7,Female,No,No,NotPlaced,ME
4900,63.9,65.0,48.0,5.02,49,66,3.3,75.6,2,0,0,1,1,Female,No,No,NotPlaced,ChemE
4901,80.0,87.5,71.5,9.36,82,70,3.3,73.0,0,0,1,0,2,Male,Yes,No,Placed,CS
4902,66.5,63.5,65.6,7.23,76,74,4.5,78.3,1,1,3,1,4,Male,No,Yes,NotPlaced,ME
4903,59.3,77.4,76.0,7.94,80,86,3.3,96.0,0,4,2,0,18,Female,Yes,No,Placed,ME
4904,64.1,62.3,61.9,5.78,58,60,3.0,77.2,1,1,2,4,14,Male,Yes,Yes,NotPlaced,ME
4905,53.7,66.3,48.3,6.38,56,47,2.6,77.8,2,0,1,2,3,Male,Yes,No,NotPlaced,ME
4906,85.1,75.6,70.0,9.03,99,93,4.1,95.2,0,2,2,5,11,Male,Yes,Yes,Placed,EE
4907,79.3,82.5,71.4,8.46,74,77,4.8,82.6,0,2,2,3,17,Male,Yes,No,Placed,ME
4908,69.6,67.6,68.4,7.04,64,69,2.9,68.7,0,4,4,2,19,Male,No,Yes,Placed,EE
4909,70.8,61.2,55.5,6.77,57,57,4.1,74.4,2,2,0,1,16,Male,Yes,Yes,NotPlaced,ME
4910,95.5,84.0,92.9,10.0,90,66,4.8,94.6,0,1,2,1,11,Female,Yes,Yes,Placed,IT
4911,81.3,76.3,78.1,8.15,74,77,4.5,89.3,0,2,3,4,15,Female,Yes,Yes,Placed,ECE
4912,87.1,87.4,87.1,9.29,100,88,3.5,85.6,0,1,3,1,6,Male,Yes,No,Placed,CS
4913,54.2,53.8,48.7,6.53,57,82,3.8,94.4,0,4,1,3,22,Male,No,No,Placed,ME
4914,77.6,49.3,67.5,7.57,63,48,4.0,81.7,1,2,0,2,14,Male,No,Yes,NotPlaced,ME
4915,56.2,50.3,66.8,6.85,77,66,5.0,80.3,1,0,1,3,0,Male,Yes,Yes,Placed,EE
4916,73.5,70.9,63.0,6.85,65,58,2.9,72.1,0,1,0,0,8,Female,No,No,NotPlaced,ChemE
4917,94.7,96.9,80.1,9.16,87,81,3.3,87.7,0,0,3,0,8,Male,Yes,Yes,Placed,ChemE
4918,72.4,76.7,77.7,8.17,59,57,3.8,89.7,0,1,2,3,6,Male,Yes,No,Placed,CS
4919,77.9,83.2,80.0,8.65,83,81,3.9,100.0,0,2,1,5,13,Female,Yes,Yes,Placed,CS
4920,62.4,76.3,60.9,7.85,72,71,5.0,74.6,2,0,1,4,4,Male,No,No,Placed,ME
4921,89.2,74.3,71.1,7.75,72,73,3.8,97.2,1,1,2,3,8,Male,Yes,Yes,Placed,ChemE
4922,68.6,77.0,68.7,7.6,78,71,3.9,86.2,0,1,1,2,11,Female,Yes,Yes,Placed,EE
4923,60.9,65.1,70.3,7.22,59,58,3.3,76.7,0,0,1,0,0,Female,Yes,No,NotPlaced,EE
4924,68.1,59.5,57.3,6.04,63,80,3.9,91.0,0,0,0,2,0,Female,Yes,Yes,NotPlaced,EE
4925,45.9,69.9,62.6,6.64,54,60,3.8,80.7,1,1,1,1,11,Male,No,No,NotPlaced,ME
4926,62.5,72.6,72.6,7.46,78,78,4.4,67.1,3,0,3,2,2,Male,No,No,Placed,ChemE
4927,92.9,78.8,86.0,8.49,77,62,4.7,88.4,0,1,2,2,5,Female,No,Yes,Placed,ECE
4928,66.7,62.9,70.1,7.43,65,69,2.2,77.8,1,0,2,1,8,Female,Yes,No,NotPlaced,ME
4929,53.5,45.0,52.4,5.81,42,54,4.1,69.0,0,0,2,1,2,Female,No,No,NotPlaced,ME
4930,65.9,48.7,55.5,6.99,54,61,2.9,76.8,2,2,2,2,14,Male,No,No,NotPlaced,IT
4931,83.7,75.3,80.4,7.7,80,58,3.2,90.5,0,2,2,1,9,Male,Yes,Yes,Placed,ME
4932,57.2,60.6,65.3,6.21,64,82,2.8,86.7,1,1,3,1,5,Male,No,No,Placed,ME
4933,82.3,63.5,82.2,8.06,99,60,3.3,77.2,0,3,1,1,16,Male,Yes,Yes,Placed,CS
4934,87.6,62.6,74.0,8.67,66,55,2.7,89.8,0,1,1,6,9,Female,Yes,Yes,Placed,CS
4935,57.3,65.5,63.4,7.19,50,66,3.3,73.1,0,0,1,2,2,Female,Yes,No,Placed,IT
4936,79.3,94.3,76.5,7.94,79,70,3.9,87.8,0,1,2,3,5,Female,No,Yes,Placed,ECE
4937,66.3,73.3,58.8,7.45,79,63,3.3,92.5,0,1,2,0,6,Male,Yes,No,NotPlaced,ECE
4938,82.1,60.6,72.2,7.85,76,71,4.3,73.6,1,0,2,0,2,Female,No,Yes,Placed,CS
4939,82.6,84.4,81.2,7.79,85,79,5.0,95.9,0,1,1,5,8,Female,No,No,Placed,CS
4940,73.8,80.6,75.5,7.11,73,77,3.0,78.3,0,0,2,1,2,Female,No,No,Placed,ECE
4941,59.2,64.5,67.0,7.83,70,88,3.2,69.9,2,2,1,1,15,Male,Yes,Yes,Placed,ECE
4942,64.8,69.2,72.3,7.7,83,79,3.5,88.8,0,0,1,2,4,Male,Yes,Yes,NotPlaced,ChemE
4943,83.8,83.9,66.6,8.05,79,67,4.7,82.8,0,0,3,2,3,Female,Yes,Yes,Placed,EE
4944,81.6,88.4,83.8,9.46,84,85,4.4,100.0,0,0,2,2,0,Male,Yes,No,Placed,ME
4945,75.5,79.5,72.0,8.32,73,60,2.7,83.3,0,1,1,1,8,Female,No,No,Placed,ECE
4946,76.5,81.1,67.6,7.8,76,74,5.0,82.3,0,2,2,1,13,Female,Yes,Yes,Placed,CS
4947,85.7,67.9,67.5,7.16,58,46,4.1,80.8,1,0,0,3,5,Female,No,No,Placed,ME
4948,55.2,50.7,62.5,5.65,42,66,2.4,65.9,2,0,2,1,2,Male,No,No,NotPlaced,IT
4949,81.4,65.5,68.0,8.16,66,60,3.2,77.0,3,1,3,0,12,Female,No,No,Placed,ME
4950,75.0,56.4,66.3,6.19,55,50,3.7,71.5,2,0,0,2,0,Male,No,No,NotPlaced,CS
4951,81.9,70.6,70.9,7.26,84,53,3.7,92.9,0,4,1,1,23,Female,No,Yes,Placed,EE
4952,70.5,79.5,84.4,7.97,75,71,3.2,89.3,0,1,1,0,9,Female,Yes,No,Placed,ME
4953,72.6,63.3,60.3,8.58,68,59,2.3,87.6,0,1,1,2,5,Female,Yes,No,NotPlaced,EE
4954,68.0,77.3,67.2,6.68,75,79,3.8,73.5,0,1,4,2,4,Male,Yes,Yes,Placed,CS
4955,96.2,72.2,82.6,8.72,72,39,4.3,78.6,0,0,3,0,1,Male,No,No,Placed,CS
4956,78.2,75.1,72.1,7.76,60,79,4.0,79.3,0,1,1,0,8,Male,No,Yes,Placed,ChemE
4957,52.1,56.7,56.6,5.65,50,61,2.6,62.8,2,0,0,0,5,Male,No,Yes,NotPlaced,ME
4958,84.6,73.0,57.7,7.83,50,54,4.0,68.5,2,0,1,0,4,Male,No,Yes,NotPlaced,ChemE
4959,84.6,71.7,84.3,8.69,82,66,3.7,90.1,0,1,1,1,8,Male,Yes,No,Placed,CS
4960,61.9,55.7,52.7,5.81,58,52,3.3,72.4,1,0,2,1,0,Female,Yes,Yes,NotPlaced,EE
4961,73.9,60.5,64.9,6.76,76,45,3.0,79.6,2,1,1,0,4,Female,No,No,NotPlaced,CE
4962,80.6,66.0,67.1,8.62,66,78,3.0,92.1,0,1,1,2,7,Female,Yes,Yes,Placed,EE
4963,70.3,70.7,66.4,7.84,67,81,4.1,74.6,0,0,1,2,3,Male,Yes,Yes,Placed,CS
4964,80.7,62.8,69.8,7.18,55,71,3.2,81.9,0,0,1,1,2,Female,No,No,NotPlaced,ChemE
4965,59.0,62.8,61.3,6.68,53,49,4.6,80.6,2,0,2,1,5,Male,No,Yes,Placed,CE
4966,81.9,83.4,76.3,8.02,96,85,3.4,100.0,0,4,2,6,30,Male,No,No,NotPlaced,CS
4967,65.3,67.4,64.6,6.24,59,78,5.0,74.3,1,0,0,0,4,Female,No,No,NotPlaced,CS
4968,93.0,80.2,82.8,9.15,55,70,2.9,100.0,0,0,0,2,7,Male,Yes,Yes,Placed,CS
4969,70.6,58.8,65.8,6.42,68,69,2.7,78.0,2,0,0,3,0,Male,No,Yes,NotPlaced,ME
4970,86.1,88.2,85.6,8.25,89,67,3.9,94.0,0,0,1,1,1,Female,Yes,No,Placed,ME
4971,59.0,54.1,48.0,6.7,52,45,2.7,78.1,0,2,1,0,6,Male,Yes,No,NotPlaced,CS
4972,82.6,68.9,75.6,8.14,75,73,3.6,87.5,1,2,0,1,18,Female,No,Yes,NotPlaced,ME
4973,87.5,74.8,84.9,7.99,85,68,4.4,86.8,0,0,5,1,2,Female,No,Yes,Placed,IT
4974,52.1,66.9,71.5,8.09,77,52,5.0,98.8,0,2,1,0,12,Female,Yes,Yes,Placed,ECE
4975,73.2,85.0,74.1,8.44,69,76,3.8,93.2,0,1,1,2,8,Male,Yes,Yes,Placed,ECE
4976,64.3,56.4,53.6,5.53,52,73,3.1,78.1,0,4,3,1,16,Male,No,No,NotPlaced,ME
4977,74.7,75.1,59.5,7.7,59,68,3.5,81.5,1,1,0,2,13,Male,No,No,NotPlaced,ECE
4978,98.2,97.9,95.4,9.42,90,82,4.8,100.0,0,4,3,0,29,Female,No,Yes,Placed,IT
4979,97.6,77.7,87.8,9.36,87,63,3.3,81.9,0,0,1,0,0,Female,Yes,Yes,NotPlaced,CE
4980,80.0,67.6,72.3,7.42,85,78,3.4,100.0,0,0,1,3,4,Male,No,Yes,Placed,CS
4981,50.0,67.3,65.5,6.75,57,59,4.1,81.8,0,1,1,0,8,Female,No,No,NotPlaced,ME
4982,65.6,62.5,65.9,6.35,64,65,4.3,87.8,3,0,0,2,2,Female,No,Yes,NotPlaced,ME
4983,85.0,73.0,63.9,7.55,76,74,4.0,92.2,1,2,1,0,17,Female,No,Yes,Placed,ME
4984,71.1,71.7,68.3,6.28,59,63,3.9,84.4,0,0,1,2,1,Female,Yes,Yes,Placed,CS
4985,75.3,80.0,69.5,8.03,61,79,4.3,98.9,0,3,0,1,26,Female,No,No,Placed,IT
4986,66.6,67.8,69.3,7.71,70,75,3.2,86.5,1,2,0,2,12,Male,No,Yes,Placed,ChemE
4987,79.1,65.6,70.0,7.44,75,56,2.6,78.1,0,0,0,1,0,Female,Yes,No,Placed,CS
4988,68.2,69.6,71.6,7.43,72,79,3.1,83.5,1,0,1,1,4,Female,No,Yes,Placed,CS
4989,82.7,70.4,67.3,7.74,76,88,4.2,83.7,0,2,1,3,13,Female,Yes,Yes,Placed,ME
4990,72.7,68.4,73.1,7.6,80,77,2.2,85.0,0,2,0,3,13,Female,No,Yes,Placed,EE
4991,73.8,71.5,67.6,7.65,92,100,3.0,70.5,0,1,3,0,8,Female,No,No,NotPlaced,ECE
4992,77.7,65.8,70.4,7.65,60,88,4.1,83.5,0,0,3,6,4,Male,Yes,No,NotPlaced,CE
4993,67.5,60.2,53.5,7.4,46,48,3.5,68.7,5,0,0,0,3,Male,No,Yes,NotPlaced,ME
4994,69.3,54.2,55.6,5.58,42,61,3.3,89.9,1,1,1,1,3,Female,Yes,Yes,NotPlaced,EE
4995,84.1,83.6,76.3,7.31,90,97,4.5,90.6,0,3,3,2,18,Female,No,No,Placed,EE
4996,99.0,84.3,89.1,9.63,83,60,4.7,86.8,0,0,2,3,0,Female,Yes,Yes,Placed,IT
4997,72.8,70.5,71.9,7.98,72,70,4.2,89.9,0,1,1,1,6,Male,No,Yes,Placed,CE
4998,71.7,73.3,68.7,7.52,84,80,4.4,85.3,0,0,2,1,1,Female,Yes,Yes,Placed,CE
4999,75.9,78.3,75.9,7.83,70,67,2.3,95.0,0,0,4,0,0,Female,Yes,No,NotPlaced,ChemE
5000,70.0,67.6,52.0,6.77,58,75,3.6,81.4,0,0,2,4,2,Male,Yes,Yes,Placed,CS
5001,61.5,56.4,57.9,6.27,48,62,2.8,73.7,2,0,0,1,1,Male,No,Yes,NotPlaced,EE
5002,63.6,72.5,74.6,6.62,68,85,4.2,73.0,1,1,5,4,10,Female,Yes,No,Placed,ECE
5003,67.6,68.2,69.6,6.16,60,45,4.4,76.2,1,0,0,0,0,Female,No,Yes,NotPlaced,CE
5004,65.6,69.3,61.4,7.33,64,97,3.6,82.7,0,0,2,2,3,Female,Yes,Yes,Placed,EE
5005,67.4,53.2,61.9,6.87,49,52,3.5,69.3,2,1,1,1,6,Female,Yes,Yes,NotPlaced,CE
5006,82.8,78.8,75.2,8.7,63,78,5.0,94.3,0,2,4,3,19,Male,Yes,Yes,Placed,ME
5007,72.7,61.6,77.6,7.43,76,56,3.9,83.9,1,0,2,3,0,Female,Yes,Yes,Placed,IT
5008,60.2,64.5,62.6,6.79,46,50,3.6,93.7,0,1,2,0,6,Male,Yes,Yes,Placed,CS
5009,61.4,53.4,55.2,5.96,41,49,4.9,77.4,2,0,1,0,1,Female,No,Yes,NotPlaced,ECE
5010,74.1,72.5,65.7,7.37,82,85,2.3,68.7,1,2,3,1,10,Female,No,Yes,Placed,IT
5011,61.6,66.4,64.1,6.98,66,83,4.2,86.3,1,1,2,1,8,Female,Yes,Yes,Placed,CS
5012,75.3,65.6,64.2,7.0,58,78,3.5,74.6,0,1,3,1,10,Female,Yes,No,Placed,CS
5013,87.9,79.8,76.6,8.48,89,90,3.6,87.3,0,3,4,6,23,Female,Yes,No,Placed,CS
5014,88.9,80.4,80.1,8.89,88,88,3.8,85.6,0,2,3,1,10,Male,No,Yes,Placed,ME
5015,84.2,75.7,76.5,8.26,89,49,2.0,85.0,0,2,3,2,11,Female,Yes,No,Placed,EE
5016,68.7,61.2,65.5,7.47,54,61,3.7,78.8,0,0,0,3,1,Male,Yes,No,NotPlaced,ChemE
5017,68.2,67.6,67.1,6.73,64,78,3.5,89.0,1,0,4,0,0,Female,No,No,Placed,CE
5018,58.3,46.5,59.1,5.66,42,43,3.5,79.0,1,1,0,1,5,Male,No,No,NotPlaced,EE
5019,63.8,74.4,55.1,5.98,67,71,2.3,73.7,0,1,2,0,8,Female,Yes,No,Placed,ECE
5020,79.6,81.0,69.4,8.22,51,61,2.7,74.7,0,2,2,0,9,Male,Yes,No,Placed,CS
5021,55.0,45.0,48.0,5.38,50,71,3.9,74.9,2,0,0,4,7,Male,Yes,Yes,NotPlaced,IT
5022,50.2,66.0,73.6,6.8,66,65,3.8,75.3,2,0,2,1,3,Female,Yes,No,NotPlaced,ME
5023,75.8,76.7,61.8,7.34,73,49,3.4,84.9,0,1,3,3,11,Male,Yes,Yes,Placed,EE
5024,83.4,74.5,79.1,7.77,70,54,3.7,86.8,0,1,2,0,7,Female,Yes,Yes,Placed,CS
5025,78.2,78.3,76.6,8.11,73,66,4.0,98.4,0,4,0,4,17,Female,Yes,Yes,Placed,ChemE
5026,57.9,63.0,59.6,6.95,69,81,4.3,83.0,0,2,3,4,13,Female,No,No,Placed,ECE
5027,58.5,67.4,56.7,6.62,60,98,3.8,76.1,2,2,0,1,14,Male,Yes,Yes,Placed,ECE
5028,64.2,63.7,64.8,6.95,67,81,4.0,75.7,1,1,2,2,8,Male,Yes,No,Placed,ECE
5029,81.4,92.9,78.8,8.82,77,65,4.0,84.2,1,1,0,5,7,Male,Yes,Yes,Placed,ME
5030,63.5,63.5,64.7,7.08,72,69,3.3,62.8,1,0,1,1,2,Male,No,Yes,Placed,ECE
5031,64.3,68.5,65.5,7.13,85,53,1.9,66.8,0,0,1,0,7,Male,No,Yes,Placed,CS
5032,99.0,91.4,85.3,9.57,91,84,3.6,100.0,0,4,3,3,19,Male,Yes,Yes,Placed,CS
5033,90.5,85.3,66.1,8.47,84,91,2.7,75.5,0,3,5,2,10,Male,No,Yes,Placed,ECE
5034,78.2,55.8,69.1,6.81,79,75,4.4,75.8,1,0,0,0,5,Male,No,Yes,NotPlaced,CE
5035,76.7,52.1,71.9,7.81,72,84,4.5,81.8,0,0,1,5,4,Female,Yes,Yes,Placed,ME
5036,88.8,76.4,77.6,8.66,76,53,4.3,74.2,1,1,0,4,4,Male,No,No,Placed,ME
5037,76.9,57.0,51.9,6.81,54,58,3.1,69.7,2,1,1,2,7,Female,No,Yes,NotPlaced,EE
5038,55.1,46.9,62.0,5.89,67,81,3.4,77.0,2,0,6,4,0,Male,Yes,No,NotPlaced,CS
5039,58.6,50.4,56.2,6.08,55,86,3.1,78.7,0,0,1,1,0,Female,No,No,NotPlaced,EE
5040,66.3,88.4,55.0,6.03,65,78,1.5,70.8,1,0,0,2,3,Female,Yes,No,NotPlaced,ChemE
5041,68.2,57.4,69.7,7.32,79,65,5.0,83.6,0,1,1,1,7,Male,No,Yes,Placed,ME
5042,78.0,84.9,71.7,7.94,77,84,3.6,86.4,0,0,4,2,3,Female,No,Yes,Placed,ECE
5043,60.0,51.5,59.9,6.23,63,76,3.9,76.6,0,0,1,1,2,Female,No,Yes,NotPlaced,ME
5044,82.8,68.4,81.8,7.79,86,100,4.4,77.0,0,2,2,0,21,Male,Yes,Yes,Placed,ECE
5045,73.2,64.6,72.5,7.17,81,71,3.4,83.9,0,1,2,1,9,Female,Yes,Yes,Placed,CS
5046,81.2,57.1,64.4,6.14,58,57,3.4,77.6,1,2,3,3,12,Male,No,No,NotPlaced,ECE
5047,67.0,58.4,73.3,7.22,60,50,2.5,75.5,1,1,0,0,14,Male,No,No,NotPlaced,CE
5048,74.9,59.6,72.4,7.01,53,54,3.9,77.3,0,1,0,1,9,Female,No,Yes,NotPlaced,EE
5049,67.8,65.3,71.3,8.26,80,65,3.4,75.8,0,1,1,1,11,Male,Yes,No,Placed,ME
5050,71.7,66.6,65.9,8.23,79,65,4.2,80.5,0,0,2,1,3,Male,No,No,Placed,CS
5051,89.1,81.6,82.5,8.03,74,69,3.9,93.9,0,0,1,0,2,Male,Yes,No,Placed,ME
5052,82.7,70.8,61.1,8.3,64,55,3.9,80.0,0,1,2,3,11,Male,Yes,No,Placed,IT
5053,52.4,56.2,48.0,5.45,47,53,2.0,75.8,2,0,0,1,1,Male,No,No,NotPlaced,ECE
5054,60.7,50.1,60.0,5.87,57,51,3.1,83.9,2,0,2,0,3,Female,Yes,No,NotPlaced,ME
5055,78.9,63.1,64.2,6.89,61,41,2.9,73.0,2,0,0,2,0,Male,Yes,No,NotPlaced,ECE
5056,73.3,58.7,73.7,7.91,67,81,3.7,96.6,0,0,1,2,8,Female,Yes,No,Placed,CS
5057,73.4,67.6,61.1,7.9,76,50,2.6,70.0,1,0,1,1,6,Female,No,No,NotPlaced,ME
5058,82.0,91.1,72.1,7.57,73,61,3.9,84.9,1,0,4,2,0,Male,Yes,Yes,Placed,CS
5059,57.5,63.7,53.9,5.69,53,71,2.8,69.5,1,1,2,1,5,Female,Yes,Yes,NotPlaced,ME
5060,85.8,69.7,60.9,7.58,59,93,2.5,85.3,0,2,2,1,15,Female,No,Yes,Placed,ME
5061,87.7,61.2,76.0,6.98,89,67,5.0,92.0,1,1,1,0,4,Female,No,No,Placed,ECE
5062,87.5,91.1,73.1,8.01,80,74,4.5,97.5,0,1,1,2,14,Male,Yes,No,Placed,EE
5063,80.5,69.2,67.9,7.89,48,55,1.6,70.8,0,0,0,1,2,Male,Yes,No,NotPlaced,CE
5064,59.4,64.7,59.7,7.3,71,78,3.4,67.8,0,0,5,2,2,Female,Yes,Yes,Placed,CE
5065,60.0,62.2,63.6,7.37,61,73,5.0,89.2,0,0,1,2,1,Male,Yes,No,Placed,ME
5066,73.7,89.1,76.5,7.55,80,71,2.9,78.7,1,3,1,3,13,Male,Yes,No,NotPlaced,IT
5067,46.3,46.4,51.7,5.33,54,51,2.6,64.5,1,0,0,0,5,Female,No,Yes,NotPlaced,ME
5068,93.5,91.9,86.8,8.86,93,100,5.0,81.5,0,0,4,0,0,Female,Yes,Yes,Placed,CS
5069,65.9,84.5,81.3,9.29,79,91,3.8,87.5,0,1,2,2,10,Male,No,No,Placed,ECE
5070,83.5,77.0,76.4,7.56,78,60,3.1,79.9,0,0,0,2,5,Female,No,No,NotPlaced,ME
5071,60.9,55.9,61.1,6.03,67,63,3.1,85.6,1,0,2,0,0,Male,No,No,NotPlaced,ME
5072,59.8,72.3,52.4,6.57,60,65,2.4,72.7,2,0,3,0,4,Female,No,No,NotPlaced,EE
5073,75.5,58.9,59.1,6.65,53,47,3.7,70.4,3,3,1,1,17,Male,No,Yes,NotPlaced,CE
5074,54.4,45.0,56.7,5.89,45,54,3.1,78.9,2,0,1,2,7,Male,No,Yes,NotPlaced,ME
5075,57.1,69.8,65.4,7.3,62,63,3.4,91.9,1,3,2,2,17,Female,No,No,Placed,EE
5076,64.0,56.7,56.8,5.69,53,38,3.3,75.9,2,0,1,0,6,Female,No,Yes,NotPlaced,ECE
5077,67.7,65.3,57.6,6.52,49,35,2.5,70.3,2,0,0,0,1,Male,No,Yes,NotPlaced,CS
5078,83.6,81.3,84.0,8.84,85,100,4.1,81.3,0,0,8,3,4,Male,Yes,Yes,Placed,IT
5079,94.5,71.3,82.6,7.96,84,60,3.5,80.6,0,3,0,1,21,Male,No,No,Placed,ECE
5080,68.6,71.7,70.9,6.42,60,66,2.8,67.5,0,0,0,1,0,Female,No,No,NotPlaced,CE
5081,86.9,93.0,73.8,7.82,73,80,3.7,69.2,1,0,0,2,0,Male,Yes,Yes,NotPlaced,ME
5082,81.3,62.6,74.2,8.06,75,58,4.6,93.6,0,1,2,4,6,Female,No,Yes,Placed,IT
5083,75.9,64.7,70.2,7.15,58,39,4.0,84.8,1,1,1,3,5,Male,Yes,Yes,NotPlaced,IT
5084,75.8,72.4,78.5,8.94,83,80,4.2,95.8,0,3,1,2,14,Male,Yes,No,Placed,IT
5085,59.4,57.5,66.8,6.43,57,75,3.0,83.8,1,0,4,1,4,Male,No,Yes,NotPlaced,EE
5086,77.6,52.7,59.5,7.41,63,49,4.1,82.5,0,0,3,1,0,Female,Yes,Yes,NotPlaced,IT
5087,57.1,54.3,55.6,5.18,49,58,3.0,87.6,1,2,1,1,12,Male,Yes,Yes,Placed,ECE
5088,79.3,67.7,69.0,7.54,79,90,4.2,79.5,1,1,3,2,15,Female,No,Yes,Placed,CS
5089,66.1,64.2,68.7,7.09,68,65,4.0,79.8,0,2,1,2,7,Male,Yes,No,Placed,EE
5090,69.5,73.1,58.9,6.94,64,60,3.5,71.9,3,1,0,4,7,Male,Yes,Yes,NotPlaced,CE
5091,62.0,68.3,79.2,6.73,55,58,3.9,87.6,1,0,2,1,1,Male,Yes,Yes,NotPlaced,ME
5092,80.9,79.7,77.0,8.55,99,63,4.8,98.3,0,1,3,3,5,Male,Yes,No,Placed,IT
5093,64.5,56.7,76.5,7.2,68,62,2.9,72.8,0,1,0,0,7,Female,No,No,NotPlaced,ME
5094,68.7,55.1,61.7,6.75,62,35,4.4,73.4,1,1,1,0,11,Male,No,Yes,NotPlaced,CE
5095,68.8,82.1,68.4,7.57,76,74,4.1,80.7,0,2,1,2,12,Female,Yes,Yes,Placed,CS
5096,68.8,82.3,71.6,8.18,74,67,3.9,82.0,0,2,1,1,15,Male,Yes,No,Placed,ECE
5097,77.6,90.9,76.5,8.95,80,95,3.6,79.2,1,2,2,0,15,Male,Yes,No,Placed,CE
5098,80.2,67.4,71.8,8.36,76,77,4.7,90.3,0,3,4,3,14,Female,No,Yes,Placed,CE
5099,83.5,84.3,80.7,8.41,80,81,4.9,88.8,0,2,7,3,14,Male,Yes,Yes,Placed,ECE
5100,55.2,66.0,59.7,5.99,44,58,4.0,81.4,0,0,1,1,2,Male,Yes,Yes,NotPlaced,ECE
5101,77.0,73.3,66.6,7.36,91,68,2.9,81.8,0,2,3,4,14,Female,No,Yes,Placed,CS
5102,85.2,84.5,73.5,7.92,74,57,2.5,69.3,1,0,2,0,0,Male,Yes,No,NotPlaced,EE
5103,81.8,76.6,78.3,7.74,73,64,3.0,70.8,0,1,3,1,13,Male,Yes,Yes,Placed,CS
5104,57.7,72.9,77.2,7.21,72,75,3.1,67.2,2,2,2,0,16,Male,No,Yes,NotPlaced,ECE
5105,70.9,48.1,69.2,7.51,73,82,3.4,67.9,3,0,1,0,8,Male,Yes,Yes,NotPlaced,ME
5106,69.6,71.9,70.1,7.43,71,67,3.9,79.8,0,1,2,0,5,Male,No,Yes,Placed,ECE
5107,53.5,70.9,59.7,7.78,56,60,3.0,72.2,0,0,0,1,3,Male,No,No,Placed,ME
5108,71.3,88.7,79.2,8.0,92,73,4.8,89.3,0,1,6,5,11,Female,No,No,Placed,EE
5109,79.8,65.7,65.3,7.7,60,57,3.8,91.3,0,0,0,0,0,Male,Yes,Yes,Placed,ECE
5110,93.0,91.1,94.8,9.63,100,88,3.8,100.0,0,0,2,4,2,Male,No,No,Placed,CS
5111,81.9,67.3,80.1,8.27,74,66,3.8,83.4,0,0,0,0,3,Female,Yes,Yes,NotPlaced,CE
5112,71.4,61.6,79.1,7.42,75,66,3.5,81.3,2,0,1,1,5,Female,No,No,Placed,ECE
5113,87.7,82.5,83.1,8.32,68,59,3.6,67.9,0,0,1,0,3,Male,No,Yes,Placed,ME
5114,53.7,70.0,61.4,6.25,50,52,3.7,71.8,1,0,1,0,6,Female,No,Yes,NotPlaced,CE
5115,73.8,89.4,74.2,8.28,78,79,3.0,83.9,0,2,1,3,15,Female,Yes,No,Placed,IT
5116,65.1,68.5,52.5,6.94,69,67,2.5,80.6,0,1,2,4,5,Female,Yes,Yes,Placed,IT
5117,69.2,95.5,80.6,7.83,66,59,3.2,81.0,1,0,1,2,7,Female,Yes,No,Placed,EE
5118,61.9,62.9,64.2,6.83,60,75,3.6,96.0,0,0,3,1,0,Male,Yes,Yes,Placed,ECE
5119,79.0,76.3,72.2,7.14,84,89,3.6,78.5,0,3,4,3,12,Female,Yes,Yes,Placed,CS
5120,82.0,77.0,89.5,9.12,95,99,4.7,85.1,0,2,5,2,14,Female,No,Yes,Placed,CS
5121,67.2,45.0,60.8,6.5,39,38,3.5,80.5,1,0,0,2,2,Male,Yes,Yes,NotPlaced,ECE
5122,79.1,68.7,72.7,7.78,88,82,4.1,89.4,0,2,2,4,14,Male,No,Yes,Placed,CS
5123,79.6,78.6,69.6,8.69,95,95,3.7,82.4,0,1,2,5,8,Female,Yes,Yes,Placed,ChemE
5124,61.9,72.2,75.7,7.49,57,45,3.9,85.7,0,1,0,0,8,Female,No,No,NotPlaced,CE
5125,72.8,68.8,62.7,8.28,57,58,4.0,58.2,1,0,2,2,0,Male,No,Yes,NotPlaced,CS
5126,69.2,86.7,78.9,8.89,70,82,2.8,86.8,1,0,2,0,0,Male,Yes,Yes,Placed,IT
5127,75.3,91.6,74.7,7.57,73,71,3.9,76.0,0,2,3,1,14,Male,Yes,No,Placed,ECE
5128,72.3,74.2,67.4,7.07,82,78,3.6,75.3,2,1,3,0,5,Female,Yes,Yes,Placed,CS
5129,78.2,63.6,67.0,8.74,70,61,3.5,75.3,0,1,1,2,14,Female,No,Yes,NotPlaced,ME
5130,49.2,45.0,48.0,5.0,38,59,2.7,57.1,1,0,4,1,1,Female,No,No,NotPlaced,IT
5131,48.8,45.0,53.3,5.65,64,53,3.4,74.8,3,0,3,1,6,Female,No,Yes,NotPlaced,CE
5132,68.6,82.5,63.7,8.53,62,47,2.7,81.0,0,0,0,1,2,Male,Yes,No,NotPlaced,ChemE
5133,61.6,58.4,59.4,6.15,66,54,2.6,77.8,0,1,2,3,6,Male,Yes,Yes,Placed,CS
5134,63.7,61.3,48.0,6.72,52,55,4.1,69.9,2,1,1,0,9,Male,No,Yes,NotPlaced,EE
5135,72.2,72.4,61.0,7.82,52,77,3.2,85.2,0,1,1,0,9,Female,Yes,Yes,Placed,EE
5136,71.8,69.4,60.7,7.27,53,66,2.5,84.7,1,1,0,2,7,Female,No,Yes,NotPlaced,EE
5137,76.6,69.2,72.6,6.6,58,55,4.0,90.4,0,0,0,2,0,Female,Yes,No,NotPlaced,IT
5138,65.8,57.9,63.3,7.01,61,67,2.9,66.4,4,0,2,0,1,Female,No,No,NotPlaced,ME
5139,77.7,99.0,81.1,8.99,88,64,3.3,79.2,0,0,4,1,2,Male,Yes,No,Placed,ME
5140,59.8,58.0,48.1,6.91,77,56,4.2,72.7,2,0,1,2,0,Male,No,Yes,NotPlaced,EE
5141,63.0,64.3,48.0,6.29,56,72,3.0,82.3,0,1,2,1,12,Male,No,Yes,NotPlaced,EE
5142,65.6,80.7,67.1,7.8,73,81,3.3,69.1,0,1,1,1,6,Female,No,No,Placed,ME
5143,54.7,59.1,51.8,5.22,42,39,2.7,68.7,4,0,0,0,5,Male,Yes,No,NotPlaced,IT
5144,55.6,52.1,56.4,5.73,57,46,2.7,73.8,0,0,0,1,4,Male,Yes,No,NotPlaced,IT
5145,66.8,60.8,64.0,7.81,82,72,2.9,82.6,0,2,0,4,9,Female,Yes,Yes,Placed,CS
5146,56.3,57.0,58.2,7.25,66,76,3.4,73.4,0,0,2,3,0,Female,Yes,No,NotPlaced,CS
5147,61.4,61.6,58.1,7.74,67,68,3.5,92.4,0,1,5,3,4,Male,Yes,No,Placed,EE
5148,70.4,85.6,81.2,7.79,89,82,4.2,81.9,0,0,2,0,4,Male,Yes,No,Placed,ChemE
5149,66.0,65.7,48.0,6.74,51,62,3.5,76.5,4,0,1,1,4,Female,No,No,Placed,ECE
5150,68.4,65.4,52.9,6.56,53,54,3.8,85.9,2,2,4,5,21,Male,Yes,No,NotPlaced,CE
5151,62.0,67.2,66.6,7.02,63,55,3.6,82.5,0,0,0,0,3,Male,Yes,Yes,Placed,CE
5152,56.1,71.9,70.6,7.16,63,52,3.0,83.7,2,2,1,1,16,Male,Yes,Yes,Placed,ChemE
5153,67.4,45.0,55.3,5.7,49,61,2.0,68.4,1,0,0,1,0,Male,No,No,NotPlaced,CE
5154,73.2,50.1,65.1,7.03,65,63,3.9,79.1,0,1,1,1,4,Female,Yes,Yes,NotPlaced,ECE
5155,61.9,51.6,74.3,7.07,85,68,3.5,75.8,0,0,1,3,4,Female,No,Yes,NotPlaced,ECE
5156,74.6,70.7,59.7,6.51,69,60,2.3,80.1,0,1,6,1,7,Female,No,No,Placed,IT
5157,66.0,46.3,58.8,6.81,56,48,3.1,71.3,1,0,0,0,5,Male,Yes,Yes,NotPlaced,CS
5158,68.7,63.8,60.2,6.36,62,81,1.8,77.9,1,0,1,1,5,Male,Yes,Yes,NotPlaced,ME
5159,72.1,71.1,84.8,8.73,80,70,3.3,90.6,0,4,3,1,29,Female,Yes,No,Placed,CS
5160,64.3,75.0,75.3,8.09,57,64,2.0,86.5,0,0,1,4,1,Female,Yes,Yes,Placed,CS
5161,67.4,76.4,78.9,7.8,76,68,4.2,89.2,0,1,3,0,5,Male,Yes,Yes,Placed,IT
5162,92.5,77.6,76.0,8.41,62,44,3.6,67.6,0,2,1,2,9,Male,Yes,Yes,Placed,CS
5163,63.8,64.4,64.2,7.36,76,79,1.9,75.5,1,2,4,0,16,Female,No,No,Placed,CS
5164,66.1,68.6,60.4,6.33,44,63,4.0,89.6,0,0,2,1,4,Male,No,Yes,NotPlaced,ECE
5165,72.2,78.2,60.5,7.36,89,88,3.6,83.4,0,0,4,3,4,Female,No,Yes,Placed,ME
5166,70.8,78.9,65.7,7.6,62,50,2.3,72.2,2,0,2,0,2,Male,No,Yes,NotPlaced,ME
5167,72.9,69.2,72.4,6.93,84,66,2.9,87.3,0,2,0,1,12,Female,No,Yes,NotPlaced,CE
5168,68.2,60.3,65.2,6.11,68,51,3.5,86.6,0,0,2,5,0,Female,Yes,No,Placed,ME
5169,66.3,61.5,63.3,6.27,62,68,2.9,76.2,1,0,3,2,0,Male,Yes,No,NotPlaced,ECE
5170,61.1,82.2,66.8,6.75,61,54,3.5,75.8,1,0,1,0,2,Male,No,No,NotPlaced,CE
5171,76.7,78.1,78.2,8.5,78,62,2.8,100.0,0,1,2,2,6,Male,Yes,Yes,Placed,ECE
5172,45.8,66.6,54.6,6.15,51,43,2.4,82.9,1,0,1,0,3,Male,Yes,Yes,NotPlaced,CE
5173,72.8,91.9,77.8,8.65,81,53,3.1,83.2,0,1,1,1,5,Female,Yes,Yes,Placed,EE
5174,57.4,70.6,57.7,7.65,61,66,3.5,81.5,0,0,3,2,0,Female,No,Yes,Placed,CE
5175,69.6,70.7,65.3,7.03,64,66,2.2,62.3,0,0,1,2,0,Female,No,Yes,Placed,EE
5176,55.0,45.0,48.0,5.18,54,41,3.7,72.4,0,1,1,2,7,Female,No,Yes,Placed,ME
5177,75.8,60.8,68.4,7.84,65,69,4.2,68.9,2,0,0,1,0,Female,No,No,Placed,CE
5178,57.7,51.7,51.8,6.28,44,52,2.3,68.8,3,0,0,0,0,Female,No,No,NotPlaced,CS
5179,66.0,71.2,57.0,6.52,61,58,3.6,84.3,1,0,1,1,0,Female,No,Yes,NotPlaced,EE
5180,70.1,85.3,74.0,7.77,76,68,3.6,84.2,0,0,1,2,4,Male,Yes,No,Placed,EE
5181,75.2,72.4,72.5,6.87,75,88,3.8,91.7,0,3,0,5,14,Female,Yes,No,Placed,CE
5182,63.5,66.7,52.0,5.75,46,53,2.1,72.3,0,0,2,1,8,Male,No,No,NotPlaced,CE
5183,92.6,71.4,69.5,7.82,65,49,3.9,87.4,0,0,0,1,7,Male,No,Yes,Placed,EE
5184,73.1,67.3,72.0,7.58,71,66,3.8,80.4,0,0,1,0,1,Female,Yes,No,NotPlaced,EE
5185,81.4,63.7,72.5,7.67,74,65,3.2,83.9,0,2,1,0,7,Male,No,No,NotPlaced,ME
5186,68.6,66.1,58.9,7.29,66,67,4.0,86.0,0,0,2,2,4,Female,Yes,Yes,NotPlaced,ChemE
5187,56.8,56.3,58.3,7.11,67,72,3.9,89.0,1,2,1,6,14,Female,No,Yes,NotPlaced,EE
5188,83.4,83.4,74.3,7.67,57,43,3.1,80.2,0,1,0,2,8,Female,Yes,No,NotPlaced,ME
5189,85.4,73.9,73.1,7.1,69,89,2.9,100.0,0,1,3,4,7,Female,No,Yes,Placed,IT
5190,70.0,66.1,64.1,6.93,57,56,3.7,79.8,1,0,2,1,0,Female,Yes,Yes,Placed,CE
5191,71.4,75.3,71.1,7.76,70,66,3.6,81.8,1,1,2,2,9,Female,No,No,Placed,EE
5192,68.1,58.6,64.6,7.36,55,65,3.1,84.0,2,0,3,1,4,Male,No,No,Placed,CE
5193,68.5,49.7,68.3,6.74,57,60,2.4,76.0,1,2,2,2,16,Male,Yes,No,Placed,IT
5194,82.0,53.7,54.7,7.14,74,81,4.4,78.9,0,0,0,3,4,Male,Yes,No,NotPlaced,ChemE
5195,76.9,75.6,65.1,8.45,66,66,3.8,83.3,1,2,4,0,10,Male,Yes,No,Placed,CE
5196,60.9,64.2,53.0,7.7,71,80,2.2,71.8,1,0,1,3,4,Male,Yes,No,Placed,ECE
5197,85.8,64.3,68.2,7.79,74,59,3.8,79.9,0,2,0,1,10,Female,No,Yes,NotPlaced,ME
5198,73.1,75.9,71.2,6.73,53,56,3.6,87.6,0,0,0,1,4,Female,No,No,NotPlaced,CE
5199,80.3,85.1,64.3,7.14,77,68,2.2,66.1,1,1,2,0,5,Male,Yes,Yes,Placed,ME
5200,67.6,71.3,62.8,6.65,60,85,3.3,75.9,1,0,2,2,7,Female,No,Yes,NotPlaced,EE
5201,71.6,64.9,62.3,5.92,66,65,3.3,81.8,0,0,4,0,7,Male,Yes,No,Placed,ECE
5202,71.9,68.6,61.8,8.01,80,89,4.2,89.4,0,2,3,1,11,Male,Yes,Yes,Placed,CS
5203,55.0,53.3,50.1,5.59,50,51,2.3,75.4,0,2,2,0,9,Female,Yes,Yes,NotPlaced,IT
5204,80.8,79.8,83.8,8.24,77,87,2.9,81.9,0,1,3,1,8,Male,Yes,Yes,NotPlaced,ME
5205,75.4,79.6,77.7,7.96,70,72,4.6,90.4,0,2,1,3,13,Female,No,Yes,Placed,CS
5206,74.1,75.1,79.5,6.85,70,66,4.4,78.6,0,0,0,4,0,Male,No,Yes,Placed,ME
5207,71.9,72.9,54.5,7.76,62,56,3.8,77.1,2,0,0,1,0,Female,Yes,Yes,Placed,ECE
5208,62.4,45.0,63.4,6.84,61,49,3.2,78.9,1,4,0,3,29,Male,Yes,No,NotPlaced,CE
5209,69.4,77.8,54.7,7.16,68,75,4.0,87.2,0,3,3,1,10,Male,Yes,Yes,Placed,CS
5210,67.2,66.4,63.2,7.07,61,67,4.5,70.0,1,1,0,0,8,Male,Yes,Yes,Placed,ME
5211,72.0,73.3,81.0,8.73,95,99,4.6,99.5,0,0,4,6,1,Female,No,No,Placed,IT
5212,83.5,75.9,66.6,7.81,81,70,4.4,90.3,0,1,0,2,13,Female,Yes,Yes,Placed,IT
5213,65.8,62.8,56.0,6.2,61,54,3.5,77.3,0,0,0,0,2,Male,Yes,No,NotPlaced,CE
5214,59.6,48.8,58.5,6.63,43,54,3.4,69.7,4,0,1,0,6,Female,Yes,No,NotPlaced,CE
5215,55.6,45.0,48.7,5.42,42,42,3.5,75.4,2,0,0,0,0,Male,Yes,No,NotPlaced,CE
5216,71.5,64.6,65.8,7.39,93,75,3.2,73.0,0,0,3,2,5,Male,No,No,NotPlaced,CS
5217,70.5,64.6,66.9,7.76,71,66,4.8,89.7,0,2,3,3,13,Male,Yes,No,Placed,ECE
5218,84.4,85.0,81.2,7.59,75,78,4.1,91.4,0,2,2,4,13,Male,Yes,Yes,Placed,IT
5219,82.1,64.5,71.6,7.89,81,74,3.2,97.2,0,0,3,2,1,Female,Yes,Yes,Placed,ECE
5220,82.4,79.8,90.8,7.76,76,74,4.1,94.7,0,0,0,1,4,Male,Yes,Yes,Placed,ECE
5221,68.6,78.4,71.7,6.92,84,76,3.6,83.5,3,2,3,1,18,Female,No,Yes,NotPlaced,CE
5222,75.4,73.0,77.9,7.82,79,75,3.5,87.1,0,0,2,4,2,Male,No,No,Placed,ChemE
5223,62.9,59.5,51.1,5.91,58,70,3.0,72.3,1,2,0,1,17,Male,Yes,Yes,NotPlaced,CE
5224,75.2,81.1,75.9,7.31,63,69,3.6,81.5,1,1,3,1,9,Male,No,Yes,Placed,ME
5225,71.8,68.8,55.9,7.0,68,56,3.4,82.0,0,1,1,1,15,Male,Yes,Yes,NotPlaced,ChemE
5226,76.0,76.0,69.2,7.42,68,61,3.3,79.5,0,0,1,1,8,Male,No,No,Placed,ChemE
5227,86.2,86.0,78.6,8.21,78,71,3.9,79.5,1,2,0,1,7,Female,Yes,Yes,Placed,ChemE
5228,92.6,79.4,77.0,7.96,87,84,4.3,99.3,0,1,0,1,9,Male,Yes,Yes,Placed,ECE
5229,63.6,78.4,74.8,8.3,79,80,5.0,77.0,1,2,2,1,10,Female,No,Yes,Placed,IT
5230,83.9,54.3,61.2,6.64,55,39,4.6,69.6,2,0,1,0,2,Male,No,No,NotPlaced,ME
5231,63.5,52.6,56.8,6.88,36,57,2.6,71.4,2,0,0,1,3,Male,No,No,NotPlaced,ME
5232,81.6,62.5,50.8,7.25,50,41,3.7,75.3,1,1,0,2,5,Female,No,No,NotPlaced,ChemE
5233,48.6,51.8,52.7,5.23,45,56,3.3,70.5,0,0,1,0,0,Male,Yes,Yes,NotPlaced,EE
5234,71.3,86.1,54.9,7.45,70,60,4.1,75.6,1,2,1,1,18,Male,Yes,Yes,Placed,ECE
5235,61.5,55.8,54.9,5.94,53,48,3.3,64.3,1,1,2,1,9,Female,No,No,NotPlaced,ME
5236,82.6,60.2,85.6,7.92,93,100,3.0,78.2,2,4,2,2,21,Male,No,No,Placed,ME
5237,87.2,83.2,82.1,7.97,84,67,4.6,95.1,0,0,1,4,0,Male,Yes,Yes,Placed,CS
5238,83.9,86.6,75.6,8.35,84,100,4.0,81.2,1,0,4,1,4,Male,No,No,Placed,IT
5239,71.2,55.8,64.1,7.93,76,82,1.9,81.8,0,0,4,1,0,Male,No,No,Placed,CS
5240,49.8,46.4,48.0,5.0,51,36,3.9,65.8,2,0,0,0,0,Male,No,No,NotPlaced,EE
5241,64.3,65.1,58.4,7.34,56,50,1.8,72.5,1,1,0,0,7,Male,Yes,No,Placed,ME
5242,72.2,66.1,55.5,7.16,57,54,3.0,84.3,1,0,0,1,3,Female,Yes,Yes,NotPlaced,ECE
5243,65.7,62.5,65.7,6.95,61,64,3.9,82.1,0,1,3,1,10,Male,Yes,No,NotPlaced,CE
5244,70.7,78.3,66.9,7.91,74,80,4.3,88.2,0,4,2,3,20,Male,Yes,No,Placed,CE
5245,55.0,80.4,60.3,6.58,81,79,4.1,82.9,2,0,1,1,1,Male,No,Yes,NotPlaced,ECE
5246,67.8,58.2,67.8,6.94,76,69,3.8,73.8,1,1,2,2,8,Male,No,Yes,NotPlaced,CS
5247,77.7,73.2,88.8,8.85,85,87,3.9,86.3,0,2,4,2,13,Female,Yes,No,Placed,CS
5248,74.1,69.0,74.7,8.2,74,58,2.8,67.2,0,0,1,2,1,Male,No,No,NotPlaced,ECE
5249,48.9,64.8,50.8,5.7,72,95,3.8,74.0,2,1,4,2,11,Female,Yes,No,Placed,ECE
5250,70.8,66.7,68.0,8.29,51,56,3.6,69.4,2,0,0,2,0,Male,Yes,Yes,NotPlaced,CS
5251,76.2,70.2,71.6,6.42,55,55,3.4,83.0,1,0,3,2,0,Male,Yes,No,NotPlaced,CS
5252,70.0,65.2,75.5,7.43,82,68,3.4,83.2,0,0,0,3,2,Female,No,No,NotPlaced,ECE
5253,76.4,96.5,83.4,9.14,65,60,2.8,91.5,0,1,2,2,7,Male,Yes,No,Placed,ECE
5254,71.8,61.1,59.7,6.57,58,48,3.5,76.6,0,0,0,1,1,Male,No,No,NotPlaced,ME
5255,67.5,59.8,62.5,6.34,70,88,1.8,72.1,0,0,3,0,6,Male,Yes,No,Placed,IT
5256,58.8,45.9,58.7,5.33,54,56,2.8,77.9,0,0,0,0,5,Male,No,Yes,NotPlaced,ME
5257,67.6,61.8,72.1,6.73,73,78,3.6,70.1,4,1,3,1,5,Male,Yes,No,NotPlaced,EE
5258,68.5,71.1,85.2,7.33,80,70,2.0,76.9,1,0,0,0,1,Female,Yes,No,NotPlaced,ME
5259,62.7,63.3,65.5,7.04,75,79,4.4,84.5,1,3,4,0,24,Male,No,No,Placed,ECE
5260,74.6,80.1,78.0,7.49,82,39,3.3,80.0,0,1,1,1,6,Male,Yes,Yes,NotPlaced,CE
5261,59.8,57.0,72.7,7.45,58,71,4.0,90.2,1,0,1,0,0,Male,Yes,No,NotPlaced,ME
5262,63.8,61.4,67.2,7.13,67,72,3.4,91.1,0,1,1,4,6,Male,Yes,No,Placed,ECE
5263,94.4,78.8,76.7,9.1,86,86,4.5,84.9,0,0,2,3,6,Male,Yes,Yes,Placed,ECE
5264,59.7,55.9,50.3,5.31,63,59,2.8,83.9,1,3,0,0,25,Male,No,No,NotPlaced,CS
5265,70.9,50.0,54.3,6.34,63,44,4.1,75.4,2,0,2,0,0,Male,No,Yes,NotPlaced,CS
5266,77.2,66.8,60.3,7.05,65,67,4.2,89.7,0,4,2,1,20,Male,Yes,No,Placed,CE
5267,69.1,64.2,66.8,6.99,57,53,4.3,71.1,0,2,0,0,13,Male,Yes,No,NotPlaced,CS
5268,83.6,83.9,83.4,9.39,81,83,5.0,90.5,0,1,3,3,10,Male,Yes,No,Placed,IT
5269,61.0,45.0,55.9,5.0,59,42,2.8,68.6,2,0,1,0,6,Female,No,Yes,NotPlaced,IT
5270,74.2,58.2,59.0,7.23,67,72,3.5,68.3,0,1,3,1,7,Male,No,Yes,NotPlaced,EE
5271,85.7,79.2,80.2,8.3,80,80,3.5,84.5,0,1,1,1,6,Female,No,No,Placed,EE
5272,71.8,78.8,70.2,7.26,66,82,4.3,95.6,0,0,4,2,2,Male,Yes,Yes,Placed,ME
5273,56.9,58.9,53.8,6.58,53,60,3.4,72.6,1,0,1,1,0,Female,No,No,NotPlaced,EE
5274,78.7,88.2,77.4,8.52,75,93,2.3,89.1,0,1,2,1,7,Male,Yes,Yes,Placed,CE
5275,75.6,84.1,83.9,7.55,71,59,3.7,70.2,0,0,1,1,4,Male,No,Yes,NotPlaced,IT
5276,63.4,64.8,61.0,7.32,61,51,4.0,88.7,1,0,0,3,7,Female,Yes,Yes,NotPlaced,EE
5277,61.9,74.6,56.0,6.24,53,57,3.4,65.2,3,1,3,0,7,Male,No,Yes,NotPlaced,ME
5278,57.0,61.0,54.9,5.82,66,72,3.7,79.9,0,1,1,2,6,Female,No,Yes,NotPlaced,ME
5279,61.8,55.0,63.8,7.21,72,62,3.2,63.3,0,0,1,2,3,Male,Yes,No,NotPlaced,CE
5280,77.2,64.0,69.4,7.61,73,63,1.6,69.5,1,1,2,1,8,Female,Yes,Yes,Placed,ChemE
5281,57.8,67.0,64.6,7.49,54,79,3.2,77.0,1,1,2,1,9,Male,Yes,No,NotPlaced,ChemE
5282,75.6,78.3,72.8,6.5,60,75,4.6,76.8,0,2,1,1,9,Male,No,Yes,Placed,ECE
5283,59.0,61.4,65.4,6.94,60,77,3.9,83.2,1,0,3,1,1,Male,Yes,No,Placed,EE
5284,73.9,71.1,77.2,8.94,86,56,2.6,79.4,0,0,1,0,0,Male,Yes,No,NotPlaced,EE
5285,85.3,96.8,96.0,8.93,97,86,4.4,91.4,0,0,1,4,4,Male,Yes,No,Placed,IT
5286,77.5,63.3,73.3,7.73,82,82,3.3,63.8,1,1,2,1,8,Female,No,Yes,Placed,CE
5287,65.0,82.9,77.6,8.35,71,70,2.6,86.8,0,0,1,3,7,Female,No,Yes,Placed,IT
5288,75.8,73.1,78.0,8.02,62,76,4.2,77.9,0,2,2,0,14,Male,No,No,Placed,ChemE
5289,64.3,50.5,50.0,6.37,67,57,3.8,68.3,1,1,1,0,10,Male,No,No,NotPlaced,ChemE
5290,65.1,84.4,63.3,7.8,54,62,4.0,95.5,0,1,0,3,6,Male,No,Yes,NotPlaced,CE
5291,81.2,78.6,76.1,8.14,67,33,4.3,93.0,0,0,1,2,3,Female,Yes,No,Placed,ChemE
5292,73.1,71.4,73.4,9.65,80,64,2.0,100.0,0,2,2,1,12,Female,No,No,Placed,ECE
5293,63.3,61.2,64.1,6.72,49,75,4.5,79.9,0,0,2,2,3,Female,Yes,Yes,Placed,ECE
5294,70.8,64.8,81.2,9.25,91,71,3.1,91.4,0,0,1,1,1,Male,No,No,Placed,CE
5295,92.1,78.3,82.6,8.25,65,49,4.0,69.4,3,0,0,0,3,Female,No,Yes,NotPlaced,IT
5296,85.9,85.1,73.9,8.08,77,68,4.5,97.9,0,0,3,2,4,Male,Yes,Yes,Placed,EE
5297,72.7,90.3,70.6,7.34,74,81,2.6,88.5,0,0,3,3,3,Male,Yes,Yes,Placed,IT
5298,82.0,89.2,93.4,9.38,84,58,1.3,85.5,0,1,0,0,4,Male,Yes,No,Placed,ME
5299,65.2,59.5,64.6,5.96,57,56,2.9,84.4,0,2,4,5,14,Male,No,Yes,NotPlaced,ME
5300,58.1,58.4,61.2,6.59,51,63,3.7,77.2,1,0,0,2,0,Female,No,Yes,NotPlaced,ME
5301,76.9,84.9,71.7,7.84,79,80,3.9,92.7,0,2,3,2,12,Male,Yes,Yes,Placed,CS
5302,78.1,77.4,79.0,8.0,80,77,3.8,68.4,1,2,6,1,14,Female,No,Yes,NotPlaced,ChemE
5303,71.3,74.1,62.5,7.46,70,56,3.6,83.7,1,0,4,0,4,Female,No,Yes,NotPlaced,ECE
5304,71.4,72.7,57.6,6.57,61,61,3.7,83.5,2,0,1,1,4,Male,No,No,NotPlaced,CE
5305,81.6,85.8,78.3,8.61,89,96,4.1,87.7,0,1,6,4,6,Male,No,Yes,Placed,ME
5306,88.6,74.1,83.2,8.92,78,79,3.1,82.8,0,2,3,4,13,Female,Yes,No,Placed,ECE
5307,60.7,51.2,64.2,6.22,70,53,4.3,74.9,0,0,1,0,0,Male,Yes,Yes,Placed,ECE
5308,59.7,52.4,66.4,7.59,58,57,3.4,79.0,0,2,0,0,13,Male,No,No,NotPlaced,ME
5309,86.7,61.6,66.4,8.36,70,49,2.8,74.0,1,0,0,4,0,Male,Yes,No,NotPlaced,CE
5310,78.4,64.9,67.2,7.62,82,79,2.7,89.6,0,1,1,3,6,Male,Yes,Yes,Placed,CS
5311,96.8,97.3,89.4,8.86,92,90,3.4,81.3,0,1,3,0,7,Female,No,No,Placed,IT
5312,63.3,57.1,61.1,6.72,50,53,3.0,80.1,3,1,2,0,10,Male,Yes,No,NotPlaced,ChemE
5313,92.0,73.3,68.9,7.53,57,71,2.7,100.0,0,1,0,4,9,Female,No,No,NotPlaced,ME
5314,67.2,62.2,64.8,6.69,50,38,2.2,69.1,1,0,2,1,2,Female,Yes,No,NotPlaced,ME
5315,87.3,78.9,71.1,7.61,65,69,4.4,79.3,0,0,1,0,3,Female,Yes,Yes,Placed,ME
5316,80.5,79.5,73.8,8.45,92,61,3.3,83.7,1,0,3,2,3,Male,Yes,Yes,NotPlaced,ME
5317,76.3,63.3,76.2,7.49,75,53,4.6,87.7,0,1,0,1,12,Male,Yes,Yes,Placed,ECE
5318,58.7,61.2,50.5,6.39,43,48,3.0,63.9,2,1,2,0,6,Female,No,No,NotPlaced,ChemE
5319,70.9,67.2,64.6,7.5,61,59,2.1,76.0,1,0,2,3,0,Male,Yes,No,NotPlaced,CE
5320,69.7,53.9,57.0,5.94,73,69,2.9,65.4,2,2,5,0,15,Male,No,Yes,NotPlaced,IT
5321,64.8,59.7,62.6,6.39,73,66,2.0,79.0,0,0,2,0,0,Female,No,Yes,NotPlaced,ChemE
5322,85.8,84.8,84.1,8.39,66,69,3.9,66.4,3,1,0,0,8,Female,No,Yes,Placed,ChemE
5323,84.5,71.3,76.7,7.89,90,91,5.0,82.5,0,4,3,1,31,Male,Yes,Yes,Placed,CS
5324,72.6,60.1,61.2,6.01,59,76,3.4,79.2,1,1,2,0,15,Male,No,Yes,Placed,CE
5325,76.7,75.0,65.3,8.28,69,62,4.4,91.9,0,1,3,4,10,Female,Yes,Yes,Placed,EE
5326,55.8,66.5,64.4,6.31,48,57,1.4,72.0,1,1,0,0,9,Male,No,No,NotPlaced,CE
5327,59.9,60.9,52.8,6.96,56,81,3.3,68.7,3,0,3,1,5,Male,No,Yes,Placed,ECE
5328,77.6,65.0,79.7,8.51,69,79,3.5,91.8,0,0,1,5,0,Male,No,No,Placed,CE
5329,77.3,76.6,74.9,8.34,83,69,3.8,90.9,1,1,1,0,8,Female,No,No,Placed,ME
5330,82.5,63.5,69.5,7.84,57,51,4.0,89.6,0,0,1,2,4,Female,Yes,No,NotPlaced,ME
5331,89.2,65.5,80.8,8.02,95,100,4.8,92.4,0,3,5,5,18,Female,Yes,Yes,Placed,CS
5332,72.9,68.4,68.4,7.39,67,60,2.5,89.9,0,1,3,0,6,Female,No,No,Placed,EE
5333,93.3,69.5,69.9,8.6,57,69,2.2,82.8,0,1,2,4,10,Female,Yes,No,Placed,CS
5334,73.9,98.4,68.6,8.34,64,44,3.9,89.3,0,0,2,1,4,Female,Yes,No,NotPlaced,ECE
5335,78.3,86.8,86.8,8.51,75,87,3.6,85.3,0,1,1,5,4,Female,Yes,No,Placed,CS
5336,64.9,77.2,68.6,7.28,76,80,4.3,92.4,0,1,1,2,10,Male,Yes,No,Placed,CS
5337,45.0,45.1,48.0,5.0,38,57,3.1,68.6,0,0,3,0,0,Female,Yes,No,NotPlaced,ECE
5338,45.0,47.5,52.1,5.0,43,60,3.3,83.7,2,1,0,5,4,Male,No,Yes,NotPlaced,CE
5339,81.7,92.9,71.3,7.37,70,61,2.4,85.5,0,0,0,2,8,Male,Yes,Yes,NotPlaced,ME
5340,82.3,70.1,62.0,7.82,63,71,4.0,72.8,0,0,0,4,0,Male,No,Yes,Placed,IT
5341,73.4,80.6,87.6,8.32,93,90,3.1,82.1,0,0,1,0,1,Female,No,Yes,Placed,ChemE
5342,88.5,99.0,83.0,9.59,91,77,3.4,82.7,0,1,4,5,6,Male,No,No,Placed,ECE
5343,78.8,65.1,65.4,8.43,65,60,3.5,83.5,3,1,1,0,7,Male,Yes,No,Placed,ECE
5344,55.5,69.4,66.4,7.91,59,75,4.9,77.4,1,0,3,1,0,Male,No,No,NotPlaced,CS
5345,74.9,58.9,55.6,5.84,54,61,4.6,77.7,2,0,2,2,8,Male,No,No,NotPlaced,ECE
5346,85.8,69.5,72.7,7.75,69,54,3.5,68.0,0,0,2,4,8,Male,No,Yes,Placed,CS
5347,77.2,75.3,68.7,6.95,57,68,4.1,95.2,0,0,2,0,0,Male,Yes,Yes,NotPlaced,ECE
5348,76.8,56.7,55.0,7.48,62,43,3.0,78.7,0,0,0,1,7,Male,Yes,No,NotPlaced,CE
5349,57.8,77.0,73.5,7.86,69,71,4.1,87.4,0,0,2,1,2,Male,Yes,No,NotPlaced,EE
5350,68.7,71.5,72.0,7.05,56,47,2.2,73.5,1,0,0,0,0,Male,Yes,No,NotPlaced,EE
5351,82.4,78.4,61.4,7.52,62,63,2.8,76.6,1,1,1,0,7,Male,Yes,No,NotPlaced,EE
5352,66.0,61.9,65.0,6.92,58,57,3.1,75.2,0,0,2,1,0,Female,No,No,Placed,ChemE
5353,71.8,66.9,58.5,7.09,74,47,3.1,83.8,0,0,4,1,0,Male,Yes,No,Placed,ME
5354,83.5,79.1,67.5,8.07,71,71,3.1,92.0,0,0,2,3,2,Female,Yes,Yes,NotPlaced,EE
5355,80.3,62.1,74.0,7.87,66,74,3.8,90.3,0,0,0,2,2,Male,Yes,No,Placed,CS
5356,70.8,61.0,74.0,7.43,61,53,2.9,79.9,0,0,2,3,1,Female,Yes,No,Placed,ECE
5357,78.2,76.8,72.7,7.83,66,66,4.1,76.1,0,0,0,2,6,Female,Yes,Yes,Placed,CE
5358,45.0,59.9,48.0,5.76,53,32,2.1,79.8,0,0,0,2,0,Female,No,No,NotPlaced,CS
5359,68.6,63.4,61.8,6.89,68,77,4.0,71.4,1,0,2,1,2,Male,Yes,No,Placed,CS
5360,70.1,69.2,63.5,6.59,66,63,3.0,70.3,0,1,1,1,13,Female,No,No,Placed,ECE
5361,74.6,68.6,66.4,8.11,60,32,3.1,81.5,0,1,1,2,9,Female,No,No,NotPlaced,ECE
5362,99.0,99.0,89.5,10.0,81,64,3.5,84.9,0,3,1,1,18,Female,Yes,No,Placed,CE
5363,73.7,69.0,68.2,7.33,69,61,3.3,84.8,3,0,1,0,9,Female,Yes,No,NotPlaced,EE
5364,75.5,66.3,74.3,8.58,64,65,2.8,81.6,0,0,1,2,5,Female,No,Yes,Placed,EE
5365,81.2,76.8,61.5,7.09,64,50,3.5,83.9,0,1,1,0,6,Male,Yes,Yes,Placed,ME
5366,62.2,73.6,67.2,7.34,48,47,4.1,87.8,0,2,0,1,12,Male,Yes,Yes,Placed,CE
5367,70.1,53.2,49.6,6.79,53,54,3.1,79.4,3,0,2,1,4,Female,Yes,Yes,NotPlaced,ME
5368,77.8,62.3,66.2,7.91,69,68,3.2,68.6,1,1,0,1,7,Male,No,Yes,NotPlaced,ECE
5369,88.9,86.3,70.7,9.06,99,81,3.9,85.5,0,1,5,3,10,Male,Yes,Yes,Placed,IT
5370,76.1,69.7,78.0,8.33,72,69,4.4,100.0,0,2,1,5,14,Male,No,No,NotPlaced,IT
5371,72.6,70.5,71.4,7.09,75,56,3.0,64.7,0,0,3,0,5,Male,Yes,Yes,NotPlaced,CE
5372,75.4,78.8,77.9,8.56,85,70,4.2,91.7,0,2,1,5,11,Male,Yes,No,Placed,IT
5373,58.2,61.2,61.6,6.69,50,53,3.9,85.6,0,0,1,0,0,Male,No,Yes,NotPlaced,ME
5374,66.7,47.0,63.6,6.97,57,47,3.8,89.5,1,0,1,1,1,Male,No,Yes,NotPlaced,CE
5375,70.3,67.9,66.8,7.85,70,68,4.5,90.0,0,4,0,2,17,Female,Yes,Yes,Placed,CS
5376,72.2,74.0,64.8,7.32,76,100,3.1,98.6,0,1,5,2,10,Female,No,No,Placed,ECE
5377,59.8,74.0,62.7,7.11,56,76,3.0,79.1,0,0,3,1,0,Female,No,Yes,NotPlaced,ME
5378,95.5,89.2,87.8,9.11,85,83,4.5,86.9,0,0,4,7,0,Male,Yes,Yes,Placed,ECE
5379,84.7,76.5,65.6,6.8,44,47,4.6,87.3,1,0,0,0,0,Female,Yes,No,NotPlaced,CE
5380,85.8,55.6,60.1,6.82,74,84,4.2,88.5,1,0,4,2,6,Male,Yes,Yes,Placed,EE
5381,68.2,70.5,58.1,7.64,82,66,3.6,80.0,0,1,2,1,7,Male,Yes,No,Placed,ECE
5382,60.9,67.0,72.5,6.6,65,64,2.2,75.0,1,0,1,1,0,Male,No,Yes,NotPlaced,ECE
5383,79.1,77.6,85.6,8.31,77,62,1.1,83.5,0,0,4,0,4,Male,Yes,Yes,NotPlaced,ME
5384,65.8,62.8,51.6,5.61,47,54,4.4,58.4,2,0,2,0,2,Male,Yes,Yes,NotPlaced,EE
5385,63.8,59.7,53.5,6.15,79,76,2.6,74.2,0,1,2,2,8,Male,Yes,Yes,Placed,ECE
5386,95.7,85.1,93.0,9.6,96,78,4.7,87.8,0,2,2,1,18,Female,Yes,Yes,Placed,EE
5387,77.2,75.7,58.4,7.87,64,76,5.0,78.4,0,3,1,5,19,Male,No,No,Placed,CS
5388,58.7,64.4,73.0,7.43,84,73,3.1,82.3,0,0,1,3,5,Male,No,No,Placed,CS
5389,74.5,64.1,73.5,8.15,90,96,4.5,96.1,0,2,3,0,20,Female,Yes,Yes,Placed,ME
5390,53.1,62.1,55.8,6.0,45,44,3.1,82.1,0,0,1,2,2,Male,No,No,NotPlaced,ECE
5391,59.9,52.8,66.8,6.82,61,52,1.9,95.8,0,0,0,5,2,Female,Yes,Yes,Placed,EE
5392,67.8,79.1,63.3,7.12,67,64,2.9,85.9,0,2,2,4,12,Female,No,No,NotPlaced,ME
5393,62.9,45.0,57.1,6.45,35,48,2.9,74.8,1,1,1,1,5,Male,No,No,NotPlaced,IT
5394,65.3,59.6,59.9,6.75,59,75,3.7,72.2,1,0,2,3,0,Female,No,Yes,Placed,CS
5395,76.7,90.9,70.3,7.8,81,60,3.9,90.2,0,1,3,2,7,Male,No,Yes,Placed,IT
5396,67.4,63.1,57.4,5.81,54,51,2.8,57.6,0,0,1,1,1,Female,Yes,No,NotPlaced,EE
5397,81.4,85.7,81.2,8.82,100,79,5.0,95.3,0,3,3,2,23,Female,Yes,No,Placed,CS
5398,77.2,81.3,69.1,7.15,72,62,3.9,100.0,0,0,2,1,1,Male,Yes,Yes,Placed,ECE
5399,84.5,83.5,80.2,8.77,59,87,3.7,80.4,0,0,0,4,2,Female,No,Yes,Placed,IT
5400,81.2,73.8,82.8,8.43,73,94,4.4,81.6,0,0,1,1,4,Male,No,No,Placed,CS
5401,71.5,79.5,67.7,7.6,76,93,4.3,93.6,0,1,5,2,7,Male,Yes,Yes,Placed,EE
5402,54.2,50.4,64.0,6.15,56,52,2.6,84.7,0,1,1,2,7,Male,No,Yes,NotPlaced,ChemE
5403,81.5,62.0,73.2,7.79,78,88,4.8,85.1,0,2,2,2,7,Female,No,Yes,Placed,CS
5404,75.6,68.7,63.3,6.52,65,46,2.7,89.2,1,2,2,2,19,Female,Yes,Yes,Placed,EE
5405,82.0,84.9,78.1,8.04,85,60,4.3,87.5,0,2,0,2,19,Female,No,Yes,Placed,ECE
5406,55.9,52.6,61.2,6.61,65,66,4.3,85.4,1,1,1,3,11,Male,Yes,Yes,NotPlaced,CE
5407,83.1,79.9,71.5,8.89,61,76,3.2,80.2,0,1,1,2,7,Male,No,No,Placed,ME
5408,85.1,61.7,72.1,7.88,74,64,4.4,88.9,0,4,1,1,25,Male,Yes,No,Placed,ME
5409,70.2,71.5,75.0,7.67,55,63,2.7,92.2,0,1,1,2,11,Male,Yes,No,Placed,ME
5410,81.9,78.9,79.0,8.96,76,74,3.1,98.8,0,0,2,0,0,Male,Yes,Yes,Placed,ECE
5411,76.4,79.3,73.2,8.37,87,70,3.6,80.8,0,0,2,3,1,Male,No,No,Placed,CS
5412,85.6,71.1,72.8,7.54,59,81,2.8,89.4,1,1,1,3,8,Male,Yes,No,Placed,CS
5413,63.0,53.5,62.3,7.11,85,84,4.7,80.9,0,1,2,3,8,Female,No,Yes,NotPlaced,EE
5414,66.0,72.4,60.1,6.33,62,68,3.3,76.6,0,0,1,1,0,Female,Yes,Yes,Placed,ChemE
5415,72.9,62.9,57.0,6.24,55,52,3.7,75.5,0,0,0,1,0,Male,No,No,NotPlaced,ME
5416,81.5,98.4,85.4,9.46,81,89,2.5,88.8,0,1,3,0,11,Female,Yes,Yes,Placed,CS
5417,65.6,77.4,75.3,8.01,70,59,4.6,83.6,0,0,1,0,0,Female,No,No,Placed,ECE
5418,55.1,59.0,48.0,5.09,41,42,3.1,71.1,2,0,1,1,1,Female,No,Yes,NotPlaced,ChemE
5419,70.6,63.2,64.3,6.42,51,55,3.3,71.0,1,2,1,0,13,Female,No,Yes,Placed,CE
5420,77.4,76.0,69.4,7.48,76,82,3.2,80.1,0,0,3,4,1,Female,No,No,Placed,IT
5421,92.0,83.3,85.3,8.6,99,75,4.1,86.8,0,0,1,0,2,Female,Yes,Yes,Placed,ECE
5422,60.2,66.3,76.2,7.32,71,48,4.7,81.8,0,1,0,1,5,Male,No,No,Placed,ECE
5423,70.5,71.7,63.4,6.58,59,63,2.8,77.4,2,0,0,0,5,Female,Yes,Yes,NotPlaced,CE
5424,45.0,53.4,59.4,6.83,58,60,3.7,75.8,2,1,2,3,13,Male,Yes,Yes,Placed,CE
5425,86.0,74.6,75.7,6.65,71,75,3.7,83.2,1,1,1,4,10,Female,No,Yes,NotPlaced,CS
5426,75.5,66.3,63.4,7.02,70,69,3.3,84.1,1,1,2,3,10,Male,Yes,No,Placed,IT
5427,63.1,65.7,64.3,6.9,53,70,3.1,79.6,0,1,3,1,3,Female,No,No,NotPlaced,CE
5428,62.2,68.7,74.1,8.1,81,51,5.0,83.8,0,1,3,2,5,Male,Yes,No,Placed,ECE
5429,72.6,73.0,78.8,7.67,48,43,3.2,68.1,0,0,0,3,0,Male,No,No,NotPlaced,IT
5430,77.6,58.1,65.7,7.32,62,61,3.5,80.8,1,0,2,0,5,Male,Yes,No,NotPlaced,ME
5431,69.4,64.4,58.3,6.51,73,68,4.3,69.2,0,1,3,1,5,Female,Yes,No,Placed,IT
5432,80.1,69.4,60.0,6.6,73,60,3.8,69.5,3,1,0,1,9,Male,Yes,Yes,NotPlaced,ME
5433,55.6,68.1,57.7,5.71,35,37,3.7,85.6,0,1,1,0,11,Female,Yes,No,NotPlaced,ChemE
5434,99.0,87.9,77.0,8.89,73,72,2.8,87.4,0,0,5,2,2,Female,No,No,Placed,ME
5435,45.0,62.7,64.9,6.27,47,43,3.3,81.3,0,0,0,0,4,Male,Yes,Yes,NotPlaced,EE
5436,82.4,77.7,91.6,8.54,91,68,3.2,87.9,0,1,1,3,8,Male,Yes,No,Placed,EE
5437,60.1,70.8,59.2,7.06,58,67,3.6,74.9,2,0,1,0,7,Male,Yes,No,NotPlaced,EE
5438,78.4,61.3,73.1,7.17,71,87,5.0,90.2,1,0,3,0,5,Male,Yes,Yes,Placed,IT
5439,71.6,87.9,72.0,7.81,75,57,3.8,90.7,0,4,1,2,30,Female,Yes,Yes,Placed,ME
5440,68.2,48.3,51.9,5.95,53,58,3.9,77.9,1,0,2,0,3,Male,No,No,NotPlaced,ChemE
5441,74.7,58.7,63.1,6.6,64,72,3.8,90.8,0,0,1,2,0,Male,Yes,Yes,Placed,CS
5442,80.8,83.3,72.1,7.34,76,68,4.2,89.8,0,1,1,4,8,Male,No,Yes,NotPlaced,ME
5443,78.1,90.1,79.1,8.09,85,55,4.6,86.8,0,1,0,1,5,Male,Yes,Yes,Placed,ME
5444,45.0,53.1,48.0,5.38,48,65,3.2,74.0,3,0,1,0,0,Female,Yes,Yes,NotPlaced,EE
5445,71.4,60.8,64.9,6.68,74,76,2.7,63.4,1,0,1,1,6,Male,Yes,No,Placed,CS
5446,63.7,56.2,63.2,7.25,61,69,3.5,69.9,1,0,1,2,4,Male,No,Yes,NotPlaced,IT
5447,79.8,68.0,67.6,7.89,66,70,4.4,81.0,0,1,1,2,9,Male,Yes,No,Placed,IT
5448,74.6,61.0,56.5,6.08,64,90,3.7,81.6,0,0,2,1,2,Male,Yes,Yes,NotPlaced,IT
5449,78.1,77.6,82.6,7.86,61,58,2.9,83.1,0,0,1,2,0,Female,No,No,NotPlaced,ECE
5450,86.8,66.5,71.7,7.26,64,72,3.5,76.7,0,0,3,1,0,Female,No,Yes,NotPlaced,ECE
5451,73.2,79.2,75.1,7.41,57,48,2.2,85.3,0,3,0,0,21,Female,No,No,Placed,ME
5452,67.9,70.4,55.8,6.66,56,51,3.5,72.6,1,0,1,1,0,Male,No,No,NotPlaced,ME
5453,58.9,80.5,64.7,6.98,84,77,3.0,64.7,0,1,3,0,9,Male,Yes,Yes,Placed,ECE
5454,54.3,45.0,56.3,5.68,44,32,3.1,63.6,1,1,1,0,7,Female,No,Yes,NotPlaced,EE
5455,55.3,50.1,61.9,6.09,48,65,4.7,82.0,1,3,1,1,18,Male,Yes,Yes,Placed,ECE
5456,89.0,78.8,80.5,8.36,79,53,3.4,77.0,0,2,3,3,13,Female,No,Yes,Placed,EE
5457,65.4,64.9,65.5,7.17,66,70,2.9,81.3,2,1,1,2,6,Female,Yes,No,Placed,CE
5458,79.6,68.8,71.6,7.86,87,89,4.1,87.8,0,0,1,1,0,Female,No,Yes,Placed,CS
5459,72.0,62.9,64.0,7.52,76,66,2.4,72.3,0,0,0,2,2,Male,Yes,No,NotPlaced,ME
5460,62.7,53.9,60.1,7.12,68,66,4.0,85.6,1,2,3,2,14,Male,No,Yes,NotPlaced,ECE
5461,70.7,95.7,89.8,7.91,82,78,2.8,83.5,0,0,1,1,8,Female,No,No,Placed,ECE
5462,51.9,51.2,56.8,6.44,72,75,3.1,70.1,0,0,3,1,4,Male,No,Yes,NotPlaced,CS
5463,75.1,62.8,71.0,7.51,79,58,3.9,82.7,0,0,1,2,0,Male,No,Yes,NotPlaced,ECE
5464,72.3,62.3,63.5,7.41,78,68,3.4,71.2,1,0,1,0,5,Male,No,Yes,NotPlaced,EE
5465,52.9,57.0,50.9,6.64,65,63,2.9,72.3,2,0,1,2,0,Male,Yes,Yes,NotPlaced,CE
5466,67.6,61.0,56.2,6.43,65,75,4.4,86.3,0,2,4,3,15,Male,No,No,Placed,IT
5467,76.8,62.0,51.6,6.0,53,60,2.5,64.5,3,0,1,2,1,Male,No,Yes,NotPlaced,CE
5468,71.7,51.3,57.9,5.43,55,58,3.9,75.6,2,1,0,0,12,Male,No,No,Placed,IT
5469,68.2,65.8,67.9,7.21,61,64,3.5,85.6,1,0,0,0,3,Female,Yes,Yes,NotPlaced,ECE
5470,73.5,71.3,71.3,7.45,58,62,4.2,70.7,0,0,1,1,0,Female,Yes,No,NotPlaced,CS
5471,81.0,86.7,67.7,8.4,82,53,4.4,63.8,1,1,1,0,5,Female,No,No,Placed,ME
5472,87.1,98.1,73.7,9.34,76,59,2.6,84.9,0,2,0,4,18,Male,Yes,Yes,Placed,IT
5473,81.4,73.3,62.7,7.36,64,63,3.5,76.0,0,1,1,1,5,Female,No,Yes,NotPlaced,CE
5474,70.4,72.3,58.2,6.94,74,50,2.7,58.8,1,0,3,0,0,Male,No,No,NotPlaced,ChemE
5475,72.1,70.1,62.5,7.83,68,63,4.2,66.7,1,0,1,1,3,Male,Yes,No,NotPlaced,ChemE
5476,61.6,69.5,60.1,6.45,75,80,3.2,82.0,1,0,3,3,5,Male,Yes,No,Placed,ME
5477,77.9,76.1,73.2,8.12,71,78,5.0,76.0,0,1,0,1,9,Male,Yes,Yes,Placed,CS
5478,46.6,65.9,57.3,5.39,66,63,2.9,71.4,2,1,4,1,11,Male,No,No,Placed,CE
5479,76.5,79.1,79.3,7.6,73,66,3.7,77.2,0,0,1,0,7,Male,Yes,No,NotPlaced,CE
5480,51.8,67.6,75.2,6.57,68,82,2.7,70.7,3,0,3,3,5,Female,No,No,NotPlaced,CE
5481,89.0,87.1,83.8,9.39,74,53,3.4,100.0,0,0,0,5,2,Male,Yes,Yes,Placed,ECE
5482,64.1,77.1,57.8,7.12,77,81,3.6,79.8,0,4,2,0,26,Female,Yes,No,Placed,IT
5483,79.8,66.8,64.1,7.55,63,49,3.3,78.8,0,1,0,1,3,Female,Yes,Yes,Placed,IT
5484,74.1,66.5,68.6,7.73,70,100,4.4,92.8,0,1,2,5,12,Female,Yes,Yes,Placed,IT
5485,81.0,67.0,81.5,7.98,100,80,3.8,80.5,0,1,1,2,5,Female,No,Yes,Placed,CS
5486,71.6,69.3,58.1,7.39,80,76,2.9,83.3,0,0,2,0,6,Female,No,Yes,NotPlaced,ChemE
5487,56.9,65.6,50.9,6.68,61,71,4.3,82.9,0,4,1,1,17,Male,No,Yes,Placed,ME
5488,94.8,71.6,85.2,8.24,92,82,3.7,97.1,0,1,5,4,7,Male,Yes,No,Placed,IT
5489,74.1,61.4,62.5,7.27,57,41,3.0,97.9,0,1,0,3,10,Male,No,No,NotPlaced,CE
5490,71.4,79.3,69.2,7.52,69,77,3.5,86.1,0,0,2,1,0,Female,Yes,No,NotPlaced,EE
5491,63.4,67.5,63.1,7.48,76,64,2.9,72.2,0,1,2,4,3,Male,No,No,NotPlaced,ME
5492,71.4,72.7,69.1,7.73,68,74,4.8,78.1,0,1,2,2,8,Male,Yes,Yes,Placed,IT
5493,58.3,63.2,56.3,6.48,60,54,3.2,84.3,4,0,2,2,3,Male,Yes,No,NotPlaced,ECE
5494,49.9,53.7,48.0,6.32,47,62,2.6,81.1,1,0,0,1,4,Male,No,Yes,NotPlaced,CS
5495,59.4,63.0,59.2,6.1,43,46,3.0,68.5,1,0,0,0,3,Male,No,No,NotPlaced,ME
5496,75.0,69.3,80.2,7.95,77,55,4.5,80.6,0,2,1,0,8,Female,Yes,Yes,NotPlaced,ME
5497,80.5,83.6,81.7,8.33,88,69,2.2,89.4,0,2,1,2,15,Female,No,No,Placed,ECE
5498,70.4,59.1,79.6,7.84,73,68,2.8,79.3,2,0,0,2,4,Female,Yes,Yes,NotPlaced,EE
5499,81.8,66.4,73.2,7.88,76,73,3.3,96.3,0,0,3,4,6,Male,No,Yes,Placed,EE
5500,62.6,55.5,58.3,6.53,49,73,4.0,75.3,0,2,3,0,13,Male,Yes,Yes,Placed,ME
5501,73.8,73.1,74.3,7.67,66,70,3.2,73.1,1,0,1,1,2,Male,Yes,Yes,Placed,IT
5502,69.5,65.7,64.6,6.96,51,60,3.3,75.9,1,0,2,3,5,Female,Yes,No,NotPlaced,EE
5503,51.4,45.0,56.5,6.14,48,56,2.7,56.1,5,0,1,0,7,Female,No,No,NotPlaced,ChemE
5504,73.3,72.9,69.2,6.78,63,60,4.9,76.1,0,1,0,1,7,Male,No,Yes,NotPlaced,CE
5505,56.4,77.5,74.5,8.11,79,93,3.1,94.8,0,1,4,2,3,Female,No,No,Placed,CS
5506,82.6,92.7,82.8,8.95,84,71,4.9,87.3,0,3,1,3,18,Male,Yes,Yes,NotPlaced,ME
5507,72.6,68.0,72.7,7.95,78,64,2.7,76.1,1,0,2,2,1,Male,No,No,Placed,IT
5508,62.4,70.0,57.6,5.39,62,55,2.7,75.0,0,0,0,1,6,Male,No,Yes,NotPlaced,ChemE
5509,66.9,82.1,64.0,7.23,66,55,2.9,82.6,0,3,1,0,18,Male,No,Yes,NotPlaced,ChemE
5510,84.6,86.5,81.4,7.54,83,51,2.9,86.4,0,1,1,1,13,Male,Yes,No,Placed,ChemE
5511,76.4,72.9,77.8,7.09,48,54,2.9,84.1,0,1,2,0,7,Male,Yes,No,NotPlaced,CS
5512,75.0,88.2,73.4,8.74,76,83,4.5,98.0,0,1,1,1,11,Female,Yes,Yes,Placed,ECE
5513,64.4,62.6,65.2,7.41,59,43,2.5,78.5,1,0,1,0,3,Female,No,No,NotPlaced,ME
5514,71.7,68.9,79.8,8.67,80,68,4.1,77.9,0,2,1,3,19,Female,No,No,Placed,ECE
5515,77.6,67.4,76.4,7.17,59,45,3.1,82.5,0,1,0,0,12,Female,Yes,No,Placed,CS
5516,65.5,65.7,62.6,7.16,68,56,3.7,82.8,1,2,0,1,12,Female,No,No,Placed,CS
5517,66.6,62.3,68.5,7.63,72,78,3.5,79.5,0,1,0,1,9,Male,No,No,NotPlaced,CE
5518,61.0,83.2,77.1,7.61,64,65,3.3,81.9,0,2,3,0,17,Male,No,No,Placed,ChemE
5519,70.2,72.7,67.4,7.28,59,57,3.7,80.0,1,0,1,1,4,Female,No,Yes,Placed,ECE
5520,63.7,84.4,73.3,7.18,47,37,3.4,71.6,0,0,0,0,0,Male,No,Yes,NotPlaced,CE
5521,52.2,66.7,56.5,6.63,68,86,3.7,91.7,0,3,4,2,12,Female,Yes,Yes,Placed,EE
5522,79.5,65.5,74.3,8.15,79,88,3.5,85.0,0,1,1,2,14,Male,No,No,Placed,EE
5523,85.2,87.0,77.9,8.32,67,72,4.7,77.9,0,1,2,0,7,Male,Yes,Yes,Placed,ME
5524,74.5,65.9,70.5,7.71,64,79,4.0,97.1,0,1,1,4,6,Male,Yes,Yes,Placed,IT
5525,50.8,69.2,61.9,6.62,61,67,2.8,82.3,1,3,2,1,16,Male,No,Yes,NotPlaced,ECE
5526,67.4,78.1,63.3,7.07,74,54,3.5,69.3,0,0,1,0,5,Male,No,No,NotPlaced,IT
5527,90.4,95.3,82.9,8.72,77,68,4.0,78.8,0,1,0,0,4,Male,Yes,Yes,Placed,CE
5528,59.2,65.7,61.5,6.48,47,59,2.6,60.5,2,0,1,0,0,Female,No,No,NotPlaced,EE
5529,73.3,72.2,75.1,6.93,74,50,3.8,80.3,0,0,2,0,2,Male,No,Yes,Placed,ChemE
5530,47.7,46.9,48.0,5.0,49,37,2.9,64.9,2,0,0,0,0,Male,No,No,NotPlaced,CE
5531,72.5,88.7,78.5,7.0,64,70,2.7,95.8,1,0,3,2,2,Female,Yes,No,NotPlaced,CS
5532,73.0,78.5,71.1,7.21,78,62,3.3,90.8,0,1,1,6,6,Male,No,No,Placed,ME
5533,68.6,58.3,61.7,6.82,58,68,2.6,82.0,1,3,0,1,23,Female,No,Yes,NotPlaced,IT
5534,79.8,76.5,73.3,7.74,70,47,3.1,82.3,0,1,0,1,8,Male,Yes,No,NotPlaced,EE
5535,68.9,80.2,67.4,7.84,64,55,2.5,90.4,0,3,1,1,16,Male,Yes,No,NotPlaced,ME
5536,74.1,75.1,64.3,7.25,53,57,3.9,74.4,1,1,0,0,7,Male,No,No,NotPlaced,ChemE
5537,69.4,69.9,68.1,8.66,71,64,4.5,88.6,0,0,3,3,0,Male,Yes,No,Placed,CS
5538,78.5,87.0,80.8,8.68,70,74,4.0,83.0,0,1,1,0,8,Male,No,Yes,Placed,ME
5539,63.2,76.7,68.6,7.92,65,58,3.4,85.2,0,2,1,4,13,Male,No,Yes,Placed,IT
5540,58.2,61.2,62.8,7.23,48,84,4.4,82.2,0,2,0,1,19,Female,Yes,No,Placed,CE
5541,55.5,56.3,59.1,7.42,59,56,1.6,68.6,1,1,0,0,14,Male,No,Yes,NotPlaced,EE
5542,72.9,87.6,78.6,8.88,58,75,2.9,85.6,1,0,3,2,1,Female,No,Yes,Placed,EE
5543,85.6,92.1,79.4,8.38,78,84,5.0,69.6,0,1,2,1,8,Female,Yes,No,Placed,IT
5544,72.4,83.5,63.9,8.15,48,51,4.6,87.7,1,0,0,4,1,Female,Yes,Yes,Placed,ME
5545,84.2,77.5,85.7,8.87,77,76,4.6,90.3,0,1,2,2,12,Male,No,No,Placed,EE
5546,76.7,74.8,69.8,7.8,75,69,3.7,85.0,0,0,1,5,5,Female,No,Yes,Placed,ME
5547,58.1,71.8,70.3,8.23,70,48,3.2,86.5,0,1,0,1,10,Male,Yes,No,NotPlaced,EE
5548,79.8,85.9,76.2,7.82,61,69,2.2,82.1,0,0,2,3,0,Female,Yes,No,Placed,IT
5549,67.5,89.5,82.6,7.95,83,71,4.4,94.2,0,0,4,2,0,Male,No,Yes,Placed,ME
5550,50.0,49.9,53.4,5.12,35,36,3.7,68.1,4,0,0,0,2,Male,No,No,NotPlaced,ChemE
5551,82.7,83.5,86.2,8.24,84,61,3.4,85.9,0,2,1,1,18,Female,No,Yes,Placed,CE
5552,73.3,73.5,62.5,6.68,75,50,3.2,84.9,1,0,0,1,2,Female,Yes,No,Placed,ECE
5553,75.4,77.7,68.3,7.79,70,66,4.1,77.3,1,1,2,3,6,Female,Yes,Yes,Placed,CS
5554,56.0,66.4,48.0,5.39,52,72,2.7,76.4,2,0,0,0,6,Male,Yes,No,NotPlaced,ME
5555,76.9,75.2,60.7,6.67,40,54,2.4,69.7,0,0,1,2,2,Male,Yes,No,NotPlaced,ME
5556,91.3,84.8,70.4,7.6,73,72,3.8,78.2,0,1,3,0,8,Male,Yes,Yes,Placed,CS
5557,78.6,71.0,79.1,7.49,79,73,2.4,87.2,0,0,1,2,5,Male,Yes,No,Placed,ECE
5558,76.7,70.2,77.0,7.4,76,72,4.7,75.9,0,0,1,1,4,Male,Yes,Yes,Placed,CE
5559,75.5,67.1,81.5,8.27,83,91,3.9,80.4,0,1,1,4,4,Male,Yes,Yes,Placed,IT
5560,65.8,71.5,64.5,7.36,62,79,4.2,95.3,0,1,1,2,9,Female,Yes,No,Placed,ECE
5561,76.2,67.8,72.4,6.18,69,62,3.6,83.5,1,0,5,2,0,Male,Yes,No,Placed,CS
5562,63.8,55.7,54.2,5.29,40,51,2.7,77.6,0,1,1,2,8,Female,Yes,No,NotPlaced,ME
5563,68.7,92.2,96.0,9.34,97,73,3.3,81.0,0,0,1,2,5,Male,Yes,Yes,Placed,ME
5564,72.0,73.3,72.5,7.77,76,71,4.4,92.5,0,1,2,2,8,Male,Yes,No,Placed,IT
5565,89.7,84.6,75.7,9.01,78,63,3.8,87.8,0,1,3,1,6,Male,No,No,Placed,CE
5566,82.0,72.7,77.0,8.02,76,68,2.8,91.2,0,2,1,3,12,Female,Yes,No,Placed,IT
5567,85.6,69.9,82.4,8.66,71,65,4.9,77.1,1,0,2,0,1,Male,Yes,Yes,Placed,ME
5568,49.6,53.0,64.8,5.91,50,55,3.8,73.7,1,0,2,1,0,Male,No,No,NotPlaced,ECE
5569,77.4,77.2,66.9,6.76,83,67,3.6,91.2,0,3,2,1,14,Female,No,No,Placed,CE
5570,73.1,78.1,58.6,6.89,54,67,3.5,73.5,1,1,0,0,15,Male,Yes,Yes,Placed,ChemE
5571,78.9,87.9,88.1,7.79,82,88,4.9,88.0,0,0,3,4,2,Male,Yes,No,NotPlaced,ChemE
5572,61.1,62.0,56.6,7.9,62,68,3.8,75.5,2,0,2,0,3,Male,No,Yes,NotPlaced,CE
5573,71.4,73.8,69.3,6.75,68,77,3.0,88.0,0,0,2,2,2,Male,Yes,No,Placed,EE
5574,66.6,61.6,73.4,7.45,67,56,3.3,83.6,0,0,0,2,0,Male,Yes,No,NotPlaced,EE
5575,65.9,85.4,73.2,7.7,90,75,3.9,82.4,0,0,3,2,1,Male,Yes,Yes,NotPlaced,CE
5576,79.4,76.1,64.1,7.95,67,59,3.5,72.4,0,0,1,0,1,Male,Yes,Yes,NotPlaced,ME
5577,87.6,84.8,90.8,8.55,84,76,4.3,100.0,0,2,2,5,15,Female,No,Yes,Placed,IT
5578,63.0,51.2,66.0,6.32,60,60,3.8,65.2,4,0,3,0,4,Female,Yes,No,NotPlaced,EE
5579,50.1,59.5,52.2,6.56,55,73,3.0,59.6,0,1,0,0,4,Female,No,No,NotPlaced,ECE
5580,63.9,83.2,60.2,7.15,69,67,4.0,84.7,1,0,0,0,0,Male,No,Yes,Placed,ME
5581,66.1,64.7,50.7,5.48,76,68,3.8,78.7,0,2,3,0,12,Male,No,No,NotPlaced,EE
5582,64.7,70.9,73.8,7.52,78,67,3.5,85.1,0,1,1,4,4,Male,Yes,Yes,Placed,ME
5583,81.6,68.5,64.7,6.98,42,56,3.7,94.6,2,1,0,0,10,Male,No,No,NotPlaced,ME
5584,62.0,57.4,60.6,7.21,46,56,4.3,65.6,0,0,1,0,2,Male,No,Yes,NotPlaced,ECE
5585,81.9,78.9,73.4,8.3,87,62,2.5,75.9,1,0,1,1,2,Female,No,Yes,NotPlaced,CS
5586,57.1,50.3,61.7,6.86,59,69,4.1,91.7,0,1,2,5,4,Female,No,Yes,Placed,EE
5587,63.6,60.2,57.5,6.58,47,49,3.9,78.7,0,0,1,1,4,Female,No,Yes,NotPlaced,CE
5588,69.5,71.2,65.0,6.43,53,58,2.2,89.3,1,2,0,2,17,Male,Yes,No,NotPlaced,ME
5589,54.9,61.8,68.0,7.01,53,72,2.9,84.4,0,2,1,1,11,Male,Yes,Yes,NotPlaced,ChemE
5590,58.4,64.0,56.1,6.98,58,70,2.1,88.6,1,1,0,2,12,Female,Yes,No,Placed,CS
5591,56.0,53.7,48.0,5.94,47,61,4.3,87.2,1,0,3,1,2,Female,Yes,Yes,NotPlaced,ChemE
5592,70.7,76.3,70.8,7.31,63,52,2.8,88.0,0,1,0,5,12,Male,No,No,NotPlaced,ME
5593,81.4,80.9,74.7,8.33,68,76,3.8,79.2,1,1,5,0,9,Female,Yes,No,Placed,ChemE
5594,73.0,79.6,75.1,7.97,83,73,3.9,73.3,1,2,3,2,15,Female,No,Yes,Placed,EE
5595,84.2,84.8,66.5,7.78,78,75,3.1,94.1,0,1,2,0,17,Female,Yes,No,Placed,EE
5596,76.7,75.8,70.4,8.33,72,77,4.3,81.8,0,1,1,2,8,Female,Yes,Yes,Placed,CS
5597,72.8,78.9,65.3,6.74,71,82,4.8,82.7,1,1,2,1,12,Male,No,No,Placed,EE
5598,82.8,78.6,74.5,7.66,70,69,3.1,92.8,0,1,1,6,8,Male,Yes,Yes,Placed,IT
5599,57.3,69.3,70.3,6.8,62,71,3.3,78.6,1,1,0,2,11,Male,No,Yes,Placed,ECE
5600,81.0,86.1,65.9,8.75,70,92,3.7,93.0,0,1,3,3,7,Female,Yes,No,Placed,CE
5601,58.7,61.5,68.6,6.45,66,77,3.3,85.0,2,1,2,1,6,Male,Yes,No,NotPlaced,ECE
5602,66.4,68.8,58.4,6.61,66,71,3.3,73.8,2,0,1,3,2,Female,Yes,Yes,NotPlaced,CE
5603,82.7,78.6,88.9,9.31,92,70,2.8,78.7,0,1,1,1,4,Male,Yes,No,Placed,CE
5604,54.0,45.0,53.8,5.81,58,61,2.5,68.2,1,1,3,0,9,Male,No,No,NotPlaced,ECE
5605,63.5,61.8,58.3,6.38,65,38,3.5,61.8,2,0,0,0,3,Male,Yes,No,NotPlaced,EE
5606,76.3,67.5,74.6,7.83,68,54,3.5,86.4,1,0,0,2,1,Female,Yes,No,NotPlaced,CE
5607,77.6,90.4,69.7,7.36,70,80,2.7,78.3,0,2,2,3,13,Male,No,No,Placed,CS
5608,70.2,57.4,53.6,6.67,78,76,2.5,79.4,1,1,1,0,5,Male,No,No,NotPlaced,ECE
5609,58.5,71.8,70.2,6.92,75,61,2.9,79.1,0,1,3,0,6,Female,No,No,NotPlaced,ME
5610,74.0,62.8,63.5,6.66,49,55,3.6,71.2,0,1,1,1,4,Male,No,No,NotPlaced,EE
5611,64.7,74.3,82.2,7.09,76,69,4.0,88.6,0,2,0,4,12,Male,Yes,No,Placed,ECE
5612,63.7,74.7,86.3,8.5,90,68,4.5,86.6,0,0,0,0,0,Male,No,No,NotPlaced,ChemE
5613,92.2,66.9,70.5,8.44,72,70,2.1,84.5,0,1,3,2,10,Male,No,No,Placed,ECE
5614,65.8,73.4,72.7,7.72,56,41,3.4,75.6,0,2,2,0,11,Female,No,No,Placed,ChemE
5615,67.4,65.7,70.2,7.0,71,77,3.1,87.4,0,2,3,2,12,Female,Yes,No,Placed,ECE
5616,57.2,75.0,76.6,8.39,72,62,3.7,74.2,1,1,0,1,10,Male,No,No,NotPlaced,ME
5617,59.2,70.0,56.4,5.95,50,49,3.4,67.5,0,1,0,0,4,Female,No,Yes,NotPlaced,ME
5618,65.7,49.0,59.4,6.81,67,62,3.6,75.0,1,1,1,0,6,Male,Yes,No,Placed,EE
5619,64.9,69.0,61.7,6.24,39,42,4.0,85.6,0,1,0,0,11,Female,No,Yes,NotPlaced,CE
5620,59.5,58.3,65.1,7.53,61,50,3.1,92.4,0,3,1,0,17,Male,Yes,Yes,Placed,ECE
5621,66.0,64.3,58.8,7.06,88,95,4.4,81.4,0,2,2,2,18,Male,No,Yes,Placed,ME
5622,57.9,45.0,56.4,5.54,52,52,3.2,63.1,2,0,0,0,3,Male,No,No,NotPlaced,EE
5623,74.5,59.8,77.9,7.88,82,58,2.0,82.3,1,0,3,2,1,Male,Yes,Yes,Placed,ME
5624,72.2,53.6,68.9,7.25,68,61,3.7,73.8,0,0,3,1,2,Male,Yes,Yes,NotPlaced,EE
5625,87.0,77.0,72.2,8.7,81,80,4.4,87.4,0,1,1,1,8,Male,Yes,Yes,Placed,CE
5626,82.1,82.3,79.8,8.49,74,64,5.0,91.7,0,0,3,2,1,Male,Yes,Yes,Placed,EE
5627,90.0,75.5,72.4,7.09,73,76,4.1,88.0,0,3,0,5,14,Female,No,Yes,Placed,CE
5628,60.1,45.0,57.2,7.3,50,36,5.0,79.1,2,0,0,1,3,Male,No,Yes,NotPlaced,ChemE
5629,52.2,45.0,48.0,5.02,35,51,3.2,65.6,2,0,0,0,5,Male,Yes,Yes,NotPlaced,EE
5630,70.7,62.8,65.3,6.57,68,63,4.7,89.0,1,1,0,2,8,Female,Yes,Yes,Placed,ECE
5631,71.1,88.3,87.8,9.14,90,82,4.2,83.0,1,1,2,4,10,Female,Yes,Yes,Placed,CS
5632,72.5,69.0,69.3,6.7,58,77,3.9,92.5,1,2,1,0,14,Male,Yes,No,NotPlaced,EE
5633,73.5,91.6,69.9,7.65,86,77,4.2,80.7,0,1,0,1,8,Male,No,Yes,Placed,CE
5634,82.0,88.6,90.7,8.61,99,70,4.0,100.0,0,1,0,4,5,Female,No,Yes,Placed,CS
5635,58.4,61.1,56.4,6.22,69,66,3.5,72.8,1,0,1,0,0,Female,Yes,Yes,NotPlaced,ECE
5636,78.2,75.2,73.2,7.63,57,65,3.1,87.8,0,0,1,0,5,Female,Yes,No,Placed,CS
5637,70.4,74.5,79.2,8.3,99,68,3.5,91.3,0,3,1,1,22,Male,Yes,Yes,Placed,CS
5638,68.6,64.7,65.7,6.39,42,62,2.9,74.8,0,1,0,1,10,Female,Yes,Yes,Placed,ECE
5639,72.9,79.3,76.7,7.36,63,81,3.5,82.8,1,0,3,3,5,Male,Yes,Yes,Placed,EE
5640,70.5,67.1,61.8,6.64,46,63,3.6,71.3,0,1,1,1,4,Male,Yes,Yes,Placed,CE
5641,68.6,74.2,64.1,8.11,70,72,3.7,89.3,0,1,2,1,8,Male,Yes,Yes,Placed,CS
5642,73.4,74.6,53.3,6.64,42,63,3.4,71.3,1,0,1,0,6,Female,No,Yes,NotPlaced,CS
5643,63.0,60.7,59.7,5.95,42,91,2.3,67.2,3,0,1,2,9,Female,No,No,NotPlaced,ECE
5644,74.9,76.0,75.0,7.99,67,86,2.4,77.5,1,2,2,1,12,Male,Yes,No,NotPlaced,ECE
5645,91.4,92.8,85.9,8.94,77,87,1.9,94.4,0,1,2,3,6,Male,Yes,Yes,Placed,ECE
5646,74.5,51.6,56.1,6.65,49,40,3.2,74.1,2,1,1,0,7,Male,Yes,Yes,NotPlaced,EE
5647,70.3,81.2,70.1,7.59,70,56,4.8,82.9,0,0,2,2,0,Female,No,Yes,NotPlaced,CE
5648,52.9,47.4,57.0,5.65,71,73,3.8,86.8,0,0,1,0,2,Female,Yes,Yes,Placed,CS
5649,79.0,72.0,64.9,7.77,83,80,4.1,78.7,0,1,3,1,5,Female,Yes,Yes,Placed,CS
5650,66.6,60.8,65.8,8.02,77,62,4.4,72.8,2,1,1,0,6,Male,No,No,NotPlaced,ECE
5651,61.0,70.4,71.1,6.2,64,70,3.6,76.7,2,2,2,3,15,Female,No,No,NotPlaced,IT
5652,88.2,87.7,77.7,8.09,83,55,3.8,90.1,0,1,1,3,5,Male,Yes,No,Placed,CS
5653,79.4,66.0,79.2,8.47,91,88,3.9,90.7,0,1,0,4,6,Female,Yes,Yes,Placed,CS
5654,66.0,68.1,78.7,7.16,62,57,3.8,84.7,2,1,0,1,8,Male,Yes,Yes,Placed,IT
5655,98.8,72.3,71.3,7.02,62,66,2.8,75.6,1,0,1,1,6,Male,No,Yes,Placed,CS
5656,48.5,53.8,53.0,5.72,48,59,3.1,85.9,2,0,2,0,0,Male,Yes,No,Placed,EE
5657,86.7,72.6,72.6,8.16,72,73,3.4,83.7,0,1,1,3,6,Female,Yes,No,Placed,ChemE
5658,63.4,67.3,68.7,7.58,63,62,3.3,93.9,0,1,1,3,9,Female,Yes,No,Placed,CE
5659,80.8,77.9,53.8,8.08,65,77,2.2,84.3,1,0,2,1,8,Female,No,No,Placed,ECE
5660,76.9,75.6,73.2,8.38,72,63,3.5,91.2,0,1,1,2,5,Male,No,No,Placed,ChemE
5661,69.2,71.1,69.7,6.96,60,63,3.0,95.7,0,3,1,2,14,Male,Yes,No,Placed,ME
5662,52.4,64.9,58.8,6.22,71,99,4.8,91.1,0,0,8,6,1,Female,No,Yes,Placed,CS
5663,78.0,56.6,58.8,6.86,64,79,3.5,66.6,1,1,6,0,12,Female,No,Yes,NotPlaced,ECE
5664,55.1,58.8,54.8,6.42,69,65,3.1,70.2,1,0,0,1,0,Male,No,No,NotPlaced,IT
5665,83.5,75.6,71.5,8.73,69,54,3.7,85.5,0,1,1,2,4,Female,No,No,Placed,CS
5666,75.4,76.9,61.7,7.52,65,40,3.2,66.9,1,1,0,0,9,Female,No,No,NotPlaced,IT
5667,64.5,65.7,68.9,7.74,67,75,3.9,74.7,2,0,3,1,6,Male,No,Yes,NotPlaced,ME
5668,59.1,62.5,71.6,7.84,68,70,5.0,87.3,0,0,3,1,2,Male,Yes,Yes,Placed,ECE
5669,45.2,45.0,48.0,5.0,40,64,2.9,66.8,0,0,2,0,10,Male,No,Yes,NotPlaced,ECE
5670,71.9,54.9,70.6,6.72,50,37,3.5,82.8,0,1,1,1,7,Female,No,No,Placed,EE
5671,76.5,69.0,70.7,7.4,72,56,4.0,83.6,0,1,4,1,7,Female,No,Yes,Placed,IT
5672,81.8,70.1,63.4,6.55,67,57,3.4,63.8,1,2,1,3,16,Female,Yes,Yes,Placed,CE
5673,85.9,74.1,77.6,7.9,77,83,3.8,92.2,0,2,3,3,11,Male,No,Yes,Placed,CE
5674,83.5,73.6,72.5,8.12,79,73,2.2,78.4,0,0,1,4,4,Female,No,Yes,Placed,CS
5675,69.9,64.9,63.8,7.11,57,82,3.0,70.4,1,0,2,2,3,Female,Yes,Yes,NotPlaced,CE
5676,45.0,45.0,61.2,5.0,55,36,3.2,83.9,1,1,1,1,6,Male,No,No,NotPlaced,CS
5677,71.6,89.3,75.8,7.17,60,44,3.3,91.3,0,0,0,1,0,Male,Yes,No,NotPlaced,ME
5678,55.0,51.0,64.4,5.58,62,87,5.0,89.4,0,2,1,2,14,Male,Yes,Yes,Placed,CS
5679,73.9,61.6,77.8,7.39,77,63,3.1,90.4,0,0,0,2,4,Male,No,No,Placed,ChemE
5680,62.2,56.1,60.9,6.52,45,51,3.3,68.6,4,0,0,1,0,Male,No,No,NotPlaced,ME
5681,69.0,80.7,77.7,8.26,73,58,3.7,85.3,0,1,1,4,11,Male,No,No,Placed,ECE
5682,90.9,75.8,79.0,8.56,74,76,4.9,76.1,0,2,3,0,11,Female,Yes,No,Placed,IT
5683,78.5,80.4,74.9,8.83,87,87,2.5,90.2,0,0,3,0,0,Female,Yes,Yes,Placed,ME
5684,63.0,57.0,66.5,7.14,56,69,3.0,81.5,0,1,1,1,8,Male,Yes,No,Placed,ChemE
5685,61.3,62.5,62.0,6.46,68,58,4.0,91.2,0,2,2,0,17,Male,No,No,Placed,ChemE
5686,57.0,51.8,51.2,6.57,54,53,2.7,71.8,0,2,1,1,13,Female,Yes,Yes,NotPlaced,ECE
5687,68.8,72.6,65.5,8.18,56,69,4.1,80.3,0,3,2,0,21,Male,Yes,Yes,Placed,EE
5688,60.0,72.2,63.8,7.38,72,65,4.5,66.8,0,1,1,2,8,Female,Yes,Yes,Placed,EE
5689,85.9,90.3,79.8,8.53,100,97,4.3,92.5,0,2,4,3,6,Male,No,Yes,Placed,IT
5690,65.1,77.4,62.0,7.66,59,59,3.6,79.6,1,3,1,2,19,Female,Yes,Yes,NotPlaced,ECE
5691,70.9,52.3,62.3,6.32,57,68,4.0,80.0,0,1,0,1,7,Male,Yes,Yes,Placed,CE
5692,61.8,53.4,54.9,7.06,53,70,2.6,60.9,0,0,0,1,1,Male,No,Yes,NotPlaced,CE
5693,65.9,55.1,65.4,7.11,64,70,2.9,74.7,1,1,1,3,5,Male,Yes,No,Placed,ECE
5694,72.2,69.5,62.8,7.57,77,63,3.6,67.6,1,3,4,0,22,Female,Yes,No,Placed,ME
5695,73.1,59.5,61.0,6.45,62,70,3.0,76.4,3,1,1,2,9,Male,Yes,No,NotPlaced,EE
5696,62.0,60.3,61.5,7.08,57,77,3.7,82.2,0,1,1,1,9,Female,No,Yes,Placed,IT
5697,72.9,69.2,62.1,7.15,71,67,2.9,85.6,0,3,1,1,15,Male,Yes,Yes,Placed,ME
5698,45.0,57.9,53.3,5.43,44,67,2.4,65.9,0,2,3,4,10,Male,No,Yes,NotPlaced,IT
5699,81.2,85.1,77.8,8.28,70,63,3.2,80.2,2,2,2,1,12,Female,Yes,Yes,Placed,ME
5700,63.3,72.7,60.8,7.26,66,75,3.7,79.0,0,1,1,0,3,Female,No,No,NotPlaced,ME
5701,73.8,67.6,74.3,7.45,64,89,2.9,79.3,0,0,1,3,4,Male,No,Yes,NotPlaced,EE
5702,84.7,76.8,77.8,8.0,67,60,4.3,76.6,0,0,1,3,1,Female,No,Yes,Placed,ECE
5703,74.3,77.1,64.0,7.72,78,49,3.5,87.6,1,0,2,0,0,Female,No,Yes,Placed,ME
5704,84.1,80.0,74.3,7.55,77,73,3.0,81.3,1,0,6,3,2,Female,No,Yes,NotPlaced,ECE
5705,80.3,88.5,87.4,8.67,88,88,4.7,89.8,0,4,3,3,21,Male,Yes,Yes,Placed,CS
5706,82.1,81.3,68.0,6.6,80,85,5.0,88.7,0,0,3,2,0,Male,Yes,Yes,Placed,ECE
5707,57.2,56.8,63.6,6.16,66,70,3.9,72.8,1,0,1,0,7,Male,Yes,Yes,NotPlaced,IT
5708,53.3,58.4,59.3,6.1,42,34,3.3,60.5,2,0,0,0,0,Male,No,No,NotPlaced,EE
5709,69.3,63.0,65.9,7.44,67,60,3.7,79.3,0,1,2,0,6,Male,Yes,No,Placed,EE
5710,68.7,64.3,52.4,5.92,62,58,4.1,63.0,2,0,5,1,5,Male,No,No,NotPlaced,ME
5711,61.0,72.2,68.3,6.79,52,38,3.2,66.4,4,0,0,1,3,Male,Yes,No,NotPlaced,ECE
5712,75.9,81.0,72.3,7.6,78,80,3.9,84.5,0,1,2,0,4,Male,No,Yes,Placed,ECE
5713,68.8,69.4,66.5,6.54,47,52,2.6,73.9,1,0,1,2,3,Male,No,No,Placed,ECE
5714,90.5,90.5,85.4,8.35,82,69,3.7,85.6,0,2,2,2,8,Female,Yes,Yes,Placed,EE
5715,76.3,92.6,86.0,7.92,86,61,4.9,86.7,0,1,1,0,8,Male,No,Yes,NotPlaced,ME
5716,88.8,84.3,85.1,8.76,100,72,2.9,88.5,0,0,2,2,5,Female,Yes,No,Placed,EE
5717,81.4,92.5,83.9,8.75,76,62,3.9,95.7,0,0,3,2,3,Male,Yes,Yes,Placed,ECE
5718,70.8,67.0,63.3,7.05,66,73,3.5,76.3,0,0,2,0,1,Female,Yes,Yes,Placed,EE
5719,55.2,59.3,48.8,6.08,60,73,3.6,76.0,1,0,1,2,0,Male,No,Yes,NotPlaced,ChemE
5720,51.4,54.3,52.0,5.85,70,56,3.5,68.4,1,0,0,0,2,Female,Yes,Yes,NotPlaced,CE
5721,45.0,45.0,52.2,6.0,44,62,2.5,70.5,4,0,3,1,6,Male,No,Yes,NotPlaced,ME
5722,75.0,79.0,67.4,7.04,67,54,3.3,77.0,0,0,1,1,4,Male,No,Yes,NotPlaced,EE
5723,71.4,64.9,63.2,6.73,56,67,2.5,81.5,0,2,1,0,14,Female,Yes,Yes,NotPlaced,CE
5724,53.9,63.4,63.4,6.65,72,48,3.0,78.0,1,0,2,2,6,Male,Yes,No,NotPlaced,EE
5725,68.1,67.9,65.2,6.42,64,72,3.9,90.4,0,3,3,4,24,Male,No,Yes,Placed,CE
5726,77.8,76.6,81.1,8.71,66,56,3.3,86.5,0,1,1,1,7,Male,Yes,No,Placed,ME
5727,84.8,60.5,85.1,7.83,75,64,3.1,65.3,1,0,2,0,0,Female,No,No,Placed,EE
5728,64.7,62.3,60.8,6.86,54,63,3.2,75.2,0,0,0,0,2,Male,No,No,NotPlaced,IT
5729,83.2,66.5,81.7,8.28,80,76,2.4,79.6,0,4,2,2,31,Male,No,No,Placed,IT
5730,55.2,57.0,57.8,6.39,65,79,4.3,75.5,1,3,1,2,9,Male,No,No,NotPlaced,CE
5731,59.1,74.1,61.3,7.07,43,52,3.3,82.1,0,0,0,3,1,Male,No,No,NotPlaced,IT
5732,88.0,76.1,73.1,7.99,78,91,3.9,95.7,0,0,1,2,2,Male,Yes,Yes,Placed,IT
5733,69.7,65.1,65.2,6.21,70,58,3.5,69.9,7,0,1,0,4,Female,No,Yes,NotPlaced,CS
5734,64.3,66.6,71.9,7.12,76,65,4.2,88.2,1,1,3,2,7,Female,Yes,No,Placed,EE
5735,64.3,52.3,48.9,5.79,47,71,3.0,70.3,1,0,1,1,0,Female,No,No,NotPlaced,CE
5736,69.0,67.5,68.7,7.66,76,59,3.0,80.2,0,0,5,2,4,Female,No,No,Placed,CS
5737,56.4,76.5,71.8,7.41,57,63,2.6,86.2,0,2,3,0,19,Female,No,Yes,Placed,EE
5738,58.9,66.3,50.1,5.91,58,65,2.7,78.0,0,0,0,0,4,Male,Yes,Yes,NotPlaced,ECE
5739,74.2,69.8,64.3,7.11,75,77,3.5,73.3,1,0,2,0,4,Male,Yes,Yes,NotPlaced,ME
5740,62.9,76.5,68.0,8.68,79,90,4.1,85.6,0,4,2,2,32,Female,No,No,Placed,ME
5741,49.8,65.9,61.0,5.77,52,59,3.2,71.8,0,1,1,2,12,Male,No,Yes,NotPlaced,EE
5742,67.5,67.1,71.1,7.24,89,79,3.7,72.0,1,0,1,2,1,Male,No,Yes,NotPlaced,ME
5743,84.3,98.8,85.1,8.52,92,89,4.8,99.7,0,2,6,5,17,Female,Yes,Yes,Placed,IT
5744,79.0,62.5,64.6,7.14,53,62,3.8,78.9,1,1,1,1,9,Male,No,Yes,Placed,EE
5745,92.4,79.5,90.8,8.91,84,54,4.3,95.0,0,2,1,4,7,Female,No,Yes,Placed,ECE
5746,80.8,66.3,68.6,7.71,82,62,3.2,83.2,0,1,0,1,10,Female,No,No,Placed,ECE
5747,76.6,78.2,69.1,7.4,86,64,3.7,73.0,0,0,1,2,4,Male,Yes,No,Placed,ME
5748,99.0,83.8,82.9,9.48,66,93,3.9,84.1,0,1,5,3,5,Male,Yes,No,Placed,IT
5749,56.4,60.9,60.8,5.81,56,71,3.2,81.9,2,0,3,1,5,Male,Yes,Yes,NotPlaced,EE
5750,59.5,55.1,64.6,5.57,59,69,4.4,77.1,1,2,1,1,15,Male,Yes,Yes,NotPlaced,ChemE
5751,63.4,74.6,65.6,7.21,77,82,2.7,97.5,0,1,2,2,7,Male,No,Yes,NotPlaced,CE
5752,81.1,82.1,73.4,7.87,58,66,2.7,84.9,0,1,0,1,10,Male,Yes,No,Placed,ECE
5753,81.1,83.1,68.6,7.57,76,69,3.8,81.2,1,0,2,2,0,Female,No,Yes,Placed,CE
5754,81.7,65.8,71.5,7.61,79,75,3.0,95.0,0,2,7,5,8,Male,No,No,Placed,CS
5755,77.3,84.2,72.9,8.31,72,88,5.0,96.1,0,1,3,3,7,Female,No,Yes,Placed,CS
5756,61.2,71.7,74.9,6.44,66,57,3.7,78.7,0,0,0,1,0,Female,No,No,NotPlaced,ME
5757,77.0,66.3,62.3,7.87,76,56,4.7,94.9,0,2,1,2,12,Female,No,Yes,NotPlaced,EE
5758,67.2,74.1,63.2,7.4,83,64,4.0,96.4,0,0,0,2,3,Male,Yes,Yes,Placed,EE
5759,77.7,83.6,73.4,7.35,73,60,3.6,85.7,2,0,3,0,3,Male,Yes,No,Placed,IT
5760,55.3,49.3,60.6,6.0,52,47,3.8,69.3,1,1,0,0,6,Male,Yes,Yes,NotPlaced,CE
5761,71.2,70.8,80.5,7.75,74,70,2.7,85.4,0,0,1,3,6,Female,Yes,Yes,Placed,CS
5762,85.0,53.9,67.3,7.27,59,44,3.2,83.7,1,0,1,0,0,Male,Yes,Yes,NotPlaced,CS
5763,67.7,58.0,60.7,7.16,53,59,4.1,77.5,0,1,3,0,5,Female,No,Yes,NotPlaced,CE
5764,77.7,68.8,56.9,7.46,75,90,2.6,74.4,1,0,2,2,1,Male,No,Yes,Placed,ME
5765,65.5,82.7,66.0,6.46,75,77,4.0,83.1,0,1,3,2,6,Male,No,Yes,Placed,EE
5766,57.2,55.3,64.7,7.05,66,76,2.4,83.2,0,1,2,1,6,Female,Yes,No,Placed,CS
5767,78.6,76.4,65.1,7.2,81,83,4.6,77.0,0,0,1,1,0,Male,No,Yes,Placed,CS
5768,83.5,72.9,68.9,7.2,65,63,4.1,81.9,0,0,0,2,0,Female,No,Yes,NotPlaced,CE
5769,59.0,83.9,71.5,6.4,65,64,3.9,92.6,0,2,2,4,9,Male,No,Yes,Placed,ECE
5770,69.7,73.0,78.0,7.42,73,72,3.0,92.2,0,1,2,2,10,Female,Yes,No,Placed,EE
5771,68.5,73.0,73.5,7.81,76,70,3.5,83.3,0,1,0,6,8,Male,Yes,Yes,Placed,CS
5772,81.0,82.7,74.4,8.28,71,69,4.6,86.2,0,3,1,1,11,Female,No,Yes,NotPlaced,ME
5773,93.5,88.5,86.8,8.33,100,80,4.5,81.9,0,3,0,2,23,Female,No,Yes,Placed,ECE
5774,69.1,77.3,66.8,7.2,81,83,4.2,79.0,1,2,1,2,14,Female,Yes,Yes,Placed,ChemE
5775,69.8,75.0,74.8,7.23,73,81,3.6,69.9,1,1,2,0,4,Female,No,Yes,Placed,ChemE
5776,61.4,62.3,70.2,7.54,70,65,1.9,85.2,1,1,1,1,6,Male,Yes,No,NotPlaced,CE
5777,71.7,81.4,79.8,7.44,84,93,4.7,85.6,0,1,5,4,12,Male,Yes,Yes,Placed,ECE
5778,85.3,76.3,71.1,7.16,82,66,3.9,73.8,1,2,2,2,13,Female,Yes,No,Placed,ECE
5779,66.0,53.6,55.6,6.26,65,56,4.2,72.4,1,1,0,1,4,Female,Yes,No,NotPlaced,CE
5780,68.0,60.6,59.4,6.53,64,68,3.0,77.4,5,1,0,4,11,Female,Yes,Yes,NotPlaced,CE
5781,76.6,63.2,74.5,8.05,99,70,3.1,95.4,0,2,2,2,11,Male,Yes,No,Placed,IT
5782,75.2,77.7,79.5,7.42,80,71,3.8,87.0,0,1,1,0,8,Female,No,No,Placed,EE
5783,68.7,71.7,60.2,6.92,51,53,3.6,83.2,0,0,1,3,4,Female,Yes,Yes,NotPlaced,ECE
5784,54.7,56.3,49.3,5.0,55,60,4.2,68.1,3,1,1,1,8,Female,Yes,Yes,NotPlaced,ME
5785,80.7,74.0,63.6,7.56,71,57,4.5,92.9,0,0,1,1,1,Male,No,No,NotPlaced,CE
5786,59.0,54.2,66.6,7.19,73,58,4.9,73.1,4,3,4,1,22,Male,Yes,Yes,NotPlaced,EE
5787,70.0,57.2,71.6,7.33,76,80,2.6,93.9,0,1,0,1,7,Female,Yes,No,Placed,IT
5788,61.5,72.4,63.7,7.19,59,47,3.2,82.9,0,2,1,1,16,Male,No,No,Placed,IT
5789,50.2,65.2,61.0,6.32,70,55,3.6,76.2,1,0,2,2,0,Male,No,No,NotPlaced,ChemE
5790,73.3,68.0,71.8,6.92,51,60,4.1,66.7,2,0,2,0,0,Female,Yes,No,NotPlaced,CE
5791,85.2,83.8,73.2,7.4,72,52,4.8,88.3,1,2,2,3,10,Male,Yes,Yes,Placed,IT
5792,73.7,52.9,60.9,7.39,71,58,2.9,84.6,3,0,4,3,1,Female,No,Yes,NotPlaced,ME
5793,76.7,87.6,76.9,7.44,71,96,3.5,80.2,0,2,4,1,8,Female,Yes,Yes,Placed,EE
5794,79.5,58.8,59.5,6.7,59,47,2.9,78.4,0,0,0,2,1,Female,Yes,No,NotPlaced,CS
5795,80.6,82.2,75.1,7.44,70,65,3.3,77.3,2,0,3,2,0,Male,No,No,NotPlaced,ME
5796,69.6,60.8,49.2,6.78,54,63,2.1,81.7,0,0,1,2,6,Male,Yes,Yes,NotPlaced,ChemE
5797,87.2,82.6,88.0,8.58,84,53,3.9,92.4,0,2,1,2,14,Male,Yes,No,Placed,IT
5798,75.0,58.8,66.3,7.32,59,61,3.8,82.5,0,1,1,1,13,Male,Yes,Yes,Placed,CE
5799,78.6,72.9,75.8,7.78,72,69,3.4,93.3,0,0,3,1,5,Male,Yes,No,Placed,CS
5800,69.4,64.2,52.5,6.38,56,62,2.2,67.6,0,0,4,0,3,Male,Yes,No,NotPlaced,ME
5801,58.1,66.4,63.6,7.06,63,50,3.1,71.5,1,1,2,2,6,Female,No,Yes,NotPlaced,CE
5802,79.5,82.3,73.8,7.98,80,78,3.7,91.7,0,1,6,4,7,Female,No,Yes,Placed,EE
5803,76.2,75.8,73.3,9.01,69,48,3.7,83.3,0,1,4,2,10,Female,Yes,No,Placed,ME
5804,77.9,78.2,71.3,7.31,64,71,2.6,68.7,0,0,1,0,1,Male,No,No,Placed,IT
5805,85.5,66.0,63.2,6.94,67,78,3.4,81.2,2,1,1,0,8,Female,No,No,Placed,EE
5806,78.6,76.6,76.7,8.01,67,56,3.6,81.0,0,0,0,7,1,Female,No,Yes,Placed,CS
5807,82.3,75.9,67.0,7.14,83,82,5.0,88.1,0,0,4,6,1,Female,Yes,Yes,Placed,ChemE
5808,72.0,58.9,64.3,7.19,52,63,4.1,80.1,1,0,2,1,1,Female,No,Yes,Placed,CE
5809,55.5,72.7,61.9,8.09,63,60,3.6,91.5,0,3,2,6,19,Female,Yes,No,Placed,CS
5810,70.3,72.9,68.5,6.83,77,66,2.8,85.0,0,0,2,0,4,Female,No,No,Placed,IT
5811,79.9,81.3,75.6,8.89,83,83,3.8,79.6,0,2,3,1,15,Male,No,No,Placed,IT
5812,58.0,83.5,72.4,7.4,67,91,3.1,89.5,0,0,1,2,3,Female,No,No,Placed,CS
5813,73.5,68.8,72.1,7.03,75,72,4.2,96.0,0,0,4,2,5,Female,No,No,NotPlaced,CS
5814,58.6,46.7,64.3,5.57,58,50,4.2,80.0,2,0,3,2,0,Male,No,Yes,NotPlaced,ME
5815,71.0,89.1,75.5,8.15,85,62,3.8,69.6,1,3,2,1,15,Male,No,No,Placed,ECE
5816,61.8,56.3,68.1,6.88,70,71,3.7,82.7,1,1,3,3,9,Female,No,No,NotPlaced,ChemE
5817,90.6,87.7,76.5,7.95,78,49,3.2,82.4,0,2,1,1,13,Male,Yes,No,NotPlaced,ChemE
5818,48.2,65.5,67.2,7.11,76,60,4.0,100.0,0,0,0,3,3,Male,Yes,Yes,Placed,EE
5819,76.4,67.5,65.3,7.02,70,65,4.5,96.2,0,2,0,3,11,Male,Yes,Yes,Placed,ME
5820,85.1,74.2,68.9,8.55,65,77,3.1,85.2,0,0,0,1,0,Female,No,No,Placed,EE
5821,68.8,55.1,68.8,7.21,59,56,4.4,80.9,1,0,2,0,2,Male,Yes,No,NotPlaced,CE
5822,76.4,55.7,69.5,7.18,73,75,3.2,73.8,1,1,0,2,9,Female,Yes,No,Placed,ME
5823,69.9,57.7,73.0,7.08,79,78,4.2,81.6,1,1,1,4,9,Female,Yes,Yes,Placed,CS
5824,64.4,74.3,66.2,7.11,59,45,4.0,76.0,0,0,0,1,4,Female,No,Yes,NotPlaced,EE
5825,70.4,68.2,64.0,6.78,67,62,4.3,100.0,0,2,1,3,11,Male,No,No,NotPlaced,CE
5826,60.8,61.0,60.9,6.29,48,45,3.5,73.2,2,1,3,0,7,Female,No,No,NotPlaced,ME
5827,57.1,57.9,52.3,6.72,50,53,3.3,72.4,1,1,1,1,4,Female,No,Yes,NotPlaced,ECE
5828,61.7,60.1,64.0,6.25,64,51,2.8,85.2,0,0,1,1,0,Female,No,Yes,NotPlaced,ME
5829,62.7,62.3,67.1,6.97,63,58,5.0,79.4,4,3,2,2,21,Male,No,Yes,Placed,ChemE
5830,59.7,70.9,57.4,6.45,67,70,3.8,80.0,1,0,1,3,10,Male,No,Yes,NotPlaced,ECE
5831,77.7,71.0,91.2,9.16,100,77,3.0,88.3,0,4,1,2,22,Female,Yes,No,Placed,ChemE
5832,69.6,52.4,56.8,6.56,69,71,3.5,62.3,0,4,6,4,22,Male,No,Yes,Placed,ME
5833,74.8,91.9,79.9,8.98,78,75,3.6,96.3,0,0,0,2,0,Female,Yes,No,Placed,IT
5834,73.4,83.5,84.3,8.33,80,63,3.5,100.0,0,1,2,2,6,Male,Yes,No,Placed,ME
5835,62.5,52.1,71.0,8.26,79,67,3.5,77.5,0,2,1,1,12,Female,Yes,No,Placed,CS
5836,66.1,64.4,57.8,7.13,48,76,3.4,67.6,1,0,1,0,2,Male,Yes,No,NotPlaced,IT
5837,77.1,57.4,66.9,7.39,77,60,2.6,81.7,1,3,1,1,16,Male,Yes,Yes,NotPlaced,ChemE
5838,82.9,86.2,69.6,7.99,68,71,3.7,93.6,0,2,2,1,11,Female,No,Yes,Placed,CS
5839,81.2,85.6,78.0,8.77,100,96,4.8,83.5,0,1,2,6,5,Female,No,No,Placed,ECE
5840,82.1,93.4,79.6,8.18,87,71,3.0,81.6,0,0,3,3,1,Male,No,Yes,Placed,CS
5841,86.4,83.7,74.6,9.2,91,89,3.1,91.6,0,3,4,5,18,Female,Yes,No,Placed,CS
5842,78.5,63.7,75.1,8.63,58,53,2.1,81.7,0,1,0,2,6,Female,No,Yes,NotPlaced,ECE
5843,75.8,66.2,66.9,7.54,71,38,3.4,88.0,0,3,0,1,18,Female,No,No,NotPlaced,ME
5844,64.0,63.0,65.6,6.22,70,64,4.0,85.5,0,1,2,2,5,Female,Yes,Yes,NotPlaced,CE
5845,49.6,57.3,48.1,5.96,43,47,2.6,64.3,3,0,1,0,0,Female,No,No,NotPlaced,ME
5846,93.1,67.4,77.4,9.06,88,85,3.0,81.3,0,2,6,4,14,Female,No,Yes,Placed,IT
5847,81.3,79.0,88.0,8.41,66,62,4.0,85.2,0,0,1,3,0,Female,No,Yes,Placed,CE
5848,88.8,71.7,76.7,7.85,82,73,5.0,82.8,0,1,2,2,4,Male,No,Yes,NotPlaced,ECE
5849,83.4,87.0,89.3,9.39,94,87,4.7,88.4,0,1,5,1,6,Female,No,Yes,Placed,CE
5850,72.3,84.5,67.5,8.37,79,63,3.2,74.0,0,0,1,0,3,Female,Yes,No,Placed,CS
5851,59.4,75.2,79.6,6.53,81,84,2.1,81.1,1,2,4,0,19,Male,No,No,Placed,ECE
5852,86.6,86.5,81.7,7.69,71,54,4.1,88.2,1,1,0,1,6,Male,Yes,Yes,Placed,ECE
5853,59.1,66.0,60.0,6.17,54,66,4.1,69.3,1,0,2,3,2,Male,Yes,No,NotPlaced,ME
5854,52.9,51.5,57.8,6.32,47,49,3.7,71.1,0,0,0,0,0,Female,No,Yes,NotPlaced,ChemE
5855,95.2,79.2,80.0,7.45,86,71,3.0,84.7,0,0,1,3,4,Male,Yes,Yes,Placed,ECE
5856,69.5,49.4,60.2,6.68,59,69,2.9,83.5,1,1,1,0,7,Female,Yes,No,Placed,CS
5857,67.6,50.1,58.5,6.64,47,62,2.9,69.7,2,0,2,1,1,Male,No,No,NotPlaced,EE
5858,59.3,66.7,56.8,6.99,75,91,3.2,73.1,0,1,1,2,5,Male,Yes,Yes,Placed,ECE
5859,53.9,56.1,62.3,6.3,59,49,3.1,95.0,0,1,3,3,7,Female,No,No,Placed,ME
5860,81.0,77.5,68.3,7.65,68,83,3.5,77.0,0,0,3,0,0,Female,Yes,Yes,Placed,IT
5861,56.3,70.5,71.4,7.02,48,52,3.7,92.1,0,3,0,1,18,Female,No,No,NotPlaced,CE
5862,71.9,71.5,71.6,7.83,75,55,3.8,85.6,0,0,1,0,5,Male,No,Yes,Placed,ME
5863,62.3,61.1,68.5,6.63,60,81,3.3,71.7,2,0,3,3,0,Female,No,No,NotPlaced,ECE
5864,57.3,64.9,61.0,6.71,70,76,4.6,71.4,1,3,1,0,10,Male,Yes,No,Placed,CE
5865,82.7,90.6,79.3,8.83,100,76,4.2,93.9,0,0,5,2,3,Female,Yes,Yes,Placed,CS
5866,79.3,79.3,92.5,8.43,78,84,2.6,100.0,0,0,3,3,1,Female,No,Yes,Placed,CS
5867,65.4,68.3,69.4,7.88,78,84,5.0,84.7,0,3,4,0,12,Male,Yes,Yes,Placed,ECE
5868,81.0,76.2,79.2,8.08,79,78,4.3,84.3,0,1,0,4,10,Male,Yes,Yes,Placed,EE
5869,78.8,71.4,61.0,7.43,56,66,3.2,82.2,2,2,1,3,10,Female,No,Yes,NotPlaced,ME
5870,62.5,76.0,76.3,7.82,56,73,4.1,96.0,0,0,0,1,1,Female,Yes,Yes,Placed,ECE
5871,81.2,77.6,68.6,8.63,66,70,4.3,95.3,0,0,2,3,1,Male,Yes,Yes,Placed,ECE
5872,67.4,66.3,69.8,6.74,65,75,3.6,82.1,1,0,6,4,2,Male,No,Yes,NotPlaced,ChemE
5873,74.5,68.0,71.6,7.48,88,71,2.4,79.8,0,0,3,1,3,Female,Yes,No,Placed,CS
5874,59.0,46.4,55.8,5.4,55,40,3.8,80.7,1,2,0,0,15,Male,Yes,No,NotPlaced,CS
5875,61.3,73.8,65.2,6.55,59,72,3.7,79.8,1,2,3,6,17,Male,Yes,Yes,Placed,CS
5876,87.6,88.7,72.9,7.32,72,70,3.4,68.2,0,1,1,2,4,Male,No,Yes,Placed,CE
5877,63.7,47.3,56.5,5.63,56,67,3.8,85.8,1,2,3,2,18,Female,No,No,NotPlaced,ECE
5878,72.8,87.4,88.2,9.38,78,93,4.6,80.8,0,2,2,1,16,Male,Yes,Yes,Placed,ECE
5879,68.6,78.4,70.0,6.96,56,59,3.2,78.2,1,1,1,1,7,Male,No,Yes,Placed,CE
5880,61.8,56.0,57.6,6.72,51,27,3.0,59.2,3,0,0,0,0,Female,No,No,NotPlaced,ME
5881,60.5,72.4,66.8,6.65,66,64,2.8,79.4,2,1,3,3,8,Male,Yes,Yes,NotPlaced,CS
5882,68.8,77.3,73.0,7.14,61,50,3.9,70.1,1,0,2,0,2,Male,Yes,No,Placed,ECE
5883,73.9,70.3,70.8,7.23,72,62,3.3,99.7,0,2,1,0,8,Female,No,No,Placed,ME
5884,66.7,87.9,60.0,8.08,63,62,2.3,83.0,0,1,1,1,6,Male,Yes,Yes,NotPlaced,CS
5885,70.6,71.8,65.6,7.45,69,60,3.9,70.4,0,3,2,1,22,Female,Yes,No,NotPlaced,CS
5886,60.6,66.3,64.6,6.7,53,43,2.9,75.8,0,0,2,3,0,Female,No,Yes,NotPlaced,IT
5887,59.1,64.5,58.4,6.73,78,69,4.8,81.4,0,1,0,1,14,Female,No,Yes,Placed,ECE
5888,78.1,71.3,65.1,7.59,75,76,3.5,74.2,1,1,1,1,10,Female,Yes,Yes,NotPlaced,ECE
5889,94.0,80.0,90.7,9.76,88,85,4.1,100.0,0,4,3,2,19,Male,Yes,Yes,Placed,IT
5890,68.7,67.0,70.9,7.95,74,70,2.9,74.4,0,2,1,1,13,Male,Yes,No,Placed,ME
5891,88.0,72.6,76.2,7.94,86,80,3.6,92.0,0,0,4,5,7,Female,Yes,Yes,Placed,IT
5892,69.8,66.5,62.5,6.8,64,72,3.0,88.7,0,2,3,4,18,Female,Yes,Yes,Placed,ME
5893,61.0,82.2,76.6,7.83,83,78,3.1,84.6,2,0,1,0,0,Female,Yes,No,NotPlaced,CE
5894,54.7,65.2,63.2,6.78,54,44,3.6,76.4,0,0,1,0,3,Female,No,No,NotPlaced,ME
5895,71.2,65.6,73.4,6.42,67,52,3.7,73.0,2,1,2,1,5,Female,No,No,NotPlaced,ME
5896,73.4,99.0,80.2,9.15,92,92,4.8,92.1,0,1,3,3,10,Male,Yes,Yes,Placed,CS
5897,73.0,89.5,77.4,7.65,67,60,4.0,99.7,0,1,1,1,6,Female,No,No,Placed,IT
5898,64.3,54.9,51.6,7.16,56,35,2.7,62.9,3,0,0,0,1,Female,No,No,NotPlaced,CE
5899,66.7,66.2,52.5,6.56,50,58,3.0,59.3,1,0,0,1,0,Female,No,Yes,NotPlaced,ME
5900,82.3,70.2,85.1,8.14,58,47,3.6,83.6,0,0,0,0,4,Female,No,Yes,Placed,EE
5901,89.4,78.5,80.8,6.77,78,82,4.5,80.6,0,0,1,1,7,Female,Yes,No,NotPlaced,ECE
5902,61.4,53.9,66.3,6.72,83,69,4.1,87.2,0,0,2,3,3,Female,No,Yes,Placed,ChemE
5903,74.5,67.0,76.6,7.55,66,74,3.5,81.6,0,0,1,2,3,Male,No,Yes,NotPlaced,CS
5904,91.1,92.1,79.9,9.03,90,76,3.8,83.0,0,2,1,2,13,Male,Yes,No,Placed,CS
5905,79.6,68.9,79.9,7.86,69,43,3.9,79.3,0,1,0,1,12,Female,No,Yes,Placed,CS
5906,74.6,55.7,58.1,6.66,54,76,4.4,85.3,1,1,0,1,13,Female,Yes,Yes,Placed,ChemE
5907,49.7,45.0,50.4,5.62,37,43,2.6,64.2,4,0,0,0,4,Female,No,Yes,NotPlaced,ECE
5908,76.8,62.4,83.2,6.97,78,51,4.3,79.7,0,0,3,2,0,Male,No,Yes,Placed,EE
5909,62.7,70.5,61.6,7.53,72,64,4.0,89.2,0,0,1,3,0,Female,No,Yes,NotPlaced,IT
5910,50.9,57.2,54.2,5.65,47,59,2.3,73.4,6,0,0,0,3,Female,No,Yes,NotPlaced,EE
5911,80.7,73.9,79.2,8.04,63,56,3.9,86.6,0,0,4,4,5,Male,Yes,Yes,Placed,EE
5912,87.7,87.5,75.1,8.59,75,70,5.0,86.8,0,1,3,2,9,Male,Yes,Yes,Placed,ME
5913,65.7,53.9,68.6,6.14,61,66,3.2,67.3,0,0,3,0,5,Male,No,Yes,Placed,ECE
5914,66.5,62.4,57.7,6.65,38,68,3.6,69.2,1,0,2,2,4,Female,Yes,No,NotPlaced,ChemE
5915,70.9,83.7,68.2,7.22,75,64,4.0,74.0,0,1,1,1,6,Male,Yes,Yes,Placed,CS
5916,82.3,75.4,78.8,8.58,81,64,3.4,91.6,0,0,1,2,0,Male,Yes,No,Placed,ME
5917,78.9,68.5,58.7,6.5,71,68,2.8,77.4,2,0,1,1,0,Male,Yes,No,NotPlaced,ChemE
5918,78.6,64.5,85.2,7.08,83,68,3.3,76.7,1,0,6,2,0,Female,No,Yes,NotPlaced,CS
5919,63.8,57.8,50.8,6.2,57,43,1.8,80.6,1,0,0,0,5,Male,No,No,NotPlaced,CE
5920,67.7,69.3,83.3,7.77,81,82,4.1,89.3,0,0,1,1,0,Male,No,Yes,Placed,CS
5921,65.8,70.5,57.2,7.45,72,89,3.0,85.4,0,2,5,3,8,Female,No,No,Placed,IT
5922,65.0,66.8,49.0,6.81,62,68,3.3,88.6,0,2,2,2,8,Female,No,No,Placed,ME
5923,82.4,80.1,73.1,7.19,84,89,3.1,84.9,0,1,0,3,6,Female,Yes,Yes,Placed,CS
5924,69.6,70.2,77.4,7.39,71,87,3.6,70.7,0,2,2,2,13,Male,Yes,No,Placed,ME
5925,61.0,51.5,60.0,5.57,49,64,3.8,63.2,3,0,0,0,1,Female,No,Yes,NotPlaced,ChemE
5926,69.8,76.1,73.9,7.64,82,67,4.7,98.2,0,0,0,0,5,Female,Yes,Yes,Placed,CE
5927,77.2,63.1,72.7,6.87,69,73,4.4,79.9,0,1,3,2,7,Female,Yes,Yes,Placed,ME
5928,75.3,55.5,76.6,8.05,72,57,3.4,86.7,0,3,1,0,17,Female,Yes,No,Placed,IT
5929,67.4,64.5,69.9,8.04,60,92,4.4,72.1,1,0,1,0,2,Male,No,No,Placed,IT
5930,46.2,54.6,57.1,5.86,46,71,3.9,78.5,2,0,2,0,4,Male,Yes,Yes,NotPlaced,CE
5931,78.9,73.2,65.0,7.63,69,89,4.2,73.8,0,0,2,2,6,Male,Yes,Yes,Placed,CS
5932,78.4,69.9,72.8,8.03,74,69,3.3,84.1,1,0,1,3,2,Female,Yes,Yes,Placed,CE
5933,56.2,62.0,65.0,6.85,50,50,4.3,74.4,0,0,2,1,4,Female,No,Yes,NotPlaced,IT
5934,75.8,69.4,76.6,8.27,71,68,3.6,86.4,1,4,5,1,16,Female,No,No,Placed,CS
5935,99.0,59.5,77.8,7.89,63,55,3.9,81.2,1,1,3,2,5,Male,Yes,No,Placed,ME
5936,83.9,81.8,82.6,8.87,84,88,3.3,80.2,0,0,3,2,1,Male,Yes,Yes,Placed,CS
5937,75.8,66.8,57.4,7.03,47,64,2.8,72.3,1,0,2,1,3,Male,No,No,NotPlaced,ME
5938,45.3,59.4,64.4,6.67,58,78,4.0,70.0,1,0,2,1,5,Female,No,No,NotPlaced,ChemE
5939,64.2,51.6,57.1,6.83,71,61,3.2,75.2,2,2,2,2,18,Female,Yes,No,Placed,EE
5940,77.9,82.5,76.3,7.55,63,81,3.3,73.4,1,0,5,1,2,Male,No,No,NotPlaced,CE
5941,68.1,57.6,62.0,6.7,64,53,3.0,75.2,0,0,2,1,2,Female,No,Yes,Placed,IT
5942,84.6,91.8,85.7,10.0,97,95,4.7,83.9,0,0,8,1,3,Female,Yes,Yes,Placed,CS
5943,84.6,90.6,86.3,8.8,85,84,3.8,94.9,0,0,5,1,1,Female,No,Yes,Placed,CS
5944,75.6,69.4,61.3,6.94,57,70,3.8,69.9,1,0,1,1,1,Female,No,Yes,NotPlaced,EE
5945,85.9,66.1,61.0,7.56,54,59,3.5,87.1,0,3,2,1,13,Female,Yes,Yes,Placed,EE
5946,72.8,47.9,67.5,7.13,59,56,3.1,75.4,1,1,3,1,8,Male,No,No,Placed,CS
5947,61.9,72.4,56.7,6.44,66,66,3.9,71.5,1,1,2,4,6,Female,No,No,NotPlaced,EE
5948,86.2,77.9,87.0,8.33,100,73,4.5,99.5,0,2,3,4,13,Male,Yes,Yes,Placed,CS
5949,66.6,73.7,65.0,6.86,76,62,3.8,65.2,2,0,1,0,2,Female,No,Yes,NotPlaced,ChemE
5950,67.0,80.3,60.5,7.66,74,76,3.2,85.9,0,0,4,2,1,Female,No,Yes,Placed,CS
5951,59.8,48.2,51.8,5.92,61,83,3.1,63.1,2,1,0,0,8,Female,No,Yes,NotPlaced,ChemE
5952,73.6,64.0,74.5,7.76,73,64,3.3,93.2,0,0,2,2,7,Male,Yes,No,Placed,ECE
5953,62.3,65.8,74.3,7.25,73,79,3.2,86.3,0,1,2,1,8,Male,No,No,Placed,ME
5954,84.3,84.0,71.4,7.34,70,78,3.6,97.7,0,1,0,1,5,Female,Yes,No,Placed,EE
5955,79.1,69.5,68.5,8.09,82,52,3.4,87.4,0,1,4,3,5,Female,Yes,No,Placed,CS
5956,78.7,83.2,84.2,8.97,74,75,3.5,85.4,0,0,0,0,1,Male,Yes,No,Placed,ME
5957,79.5,72.9,79.7,8.14,80,81,5.0,88.9,0,0,2,2,1,Female,Yes,No,Placed,CE
5958,76.6,89.0,86.0,8.78,91,95,3.9,83.1,0,1,2,4,7,Female,Yes,Yes,Placed,ChemE
5959,67.9,64.8,69.9,7.11,50,62,3.9,79.4,2,1,1,2,10,Female,No,Yes,NotPlaced,ChemE
5960,74.9,61.9,63.9,7.12,57,53,2.5,84.4,1,2,2,2,15,Female,No,No,NotPlaced,CE
5961,83.3,70.2,81.2,8.5,78,69,3.8,76.9,1,1,3,1,13,Male,Yes,Yes,Placed,CS
5962,67.6,60.8,67.7,6.74,78,75,3.9,80.7,0,0,1,2,0,Female,Yes,Yes,NotPlaced,ChemE
5963,72.8,76.9,70.8,6.81,67,64,3.7,88.2,0,2,3,4,16,Female,No,Yes,Placed,CE
5964,65.9,61.0,60.3,6.21,77,92,3.4,88.8,1,0,4,1,4,Male,Yes,Yes,NotPlaced,CS
5965,68.5,66.5,71.8,8.51,63,70,3.6,85.9,0,3,2,3,22,Female,No,Yes,Placed,CS
5966,68.3,53.9,69.0,7.01,72,81,2.9,75.6,1,0,3,0,6,Female,Yes,Yes,Placed,ECE
5967,78.9,71.9,62.2,8.4,67,81,4.6,86.8,0,3,4,3,17,Male,No,Yes,Placed,CS
5968,71.4,60.2,72.7,7.06,77,87,3.0,77.9,2,2,5,1,14,Female,No,No,NotPlaced,IT
5969,51.1,52.7,59.7,7.28,66,81,3.6,81.0,0,0,3,2,4,Male,No,Yes,Placed,ECE
5970,83.4,74.9,65.0,8.98,97,80,2.3,79.5,1,1,1,1,4,Female,No,No,NotPlaced,EE
5971,86.6,86.6,84.9,8.61,80,59,3.6,83.9,0,2,0,1,12,Male,Yes,No,Placed,IT
5972,55.4,57.8,63.9,7.17,55,77,2.0,71.7,1,2,3,2,16,Male,Yes,No,NotPlaced,CE
5973,70.7,72.6,68.4,7.46,80,78,3.4,78.9,1,3,3,0,11,Male,Yes,No,Placed,ME
5974,76.5,78.0,79.9,7.77,61,53,4.7,80.4,0,0,3,2,0,Male,No,Yes,NotPlaced,ECE
5975,75.6,58.4,66.3,7.17,65,54,2.4,68.3,1,0,2,0,2,Male,No,No,NotPlaced,CE
5976,63.1,64.9,71.4,8.53,63,60,4.6,86.3,0,0,0,2,1,Male,No,Yes,Placed,IT
5977,86.2,86.1,76.6,8.72,88,77,3.9,100.0,0,2,2,9,10,Female,Yes,Yes,Placed,ECE
5978,59.4,70.6,71.6,7.71,60,72,3.4,73.9,2,2,1,0,13,Male,No,No,NotPlaced,CE
5979,91.9,79.0,70.6,8.55,94,77,3.8,87.2,0,0,3,4,1,Male,Yes,Yes,Placed,CE
5980,82.7,87.6,95.5,8.59,71,78,3.7,77.3,0,1,1,2,11,Female,Yes,No,Placed,CE
5981,78.7,82.3,81.7,9.42,71,45,3.9,100.0,0,2,1,2,14,Female,Yes,Yes,Placed,CE
5982,81.4,78.0,85.4,7.74,79,67,2.8,76.6,0,0,2,0,5,Female,No,Yes,Placed,IT
5983,64.9,57.3,64.4,6.95,89,68,5.0,77.5,3,0,3,1,8,Male,Yes,No,Placed,ECE
5984,64.1,50.6,59.6,5.71,56,65,5.0,82.0,1,1,3,3,10,Male,No,Yes,NotPlaced,CS
5985,73.3,87.2,65.1,8.08,55,42,2.1,83.4,0,0,1,1,4,Male,No,No,NotPlaced,CE
5986,45.0,59.8,52.2,7.63,47,59,2.8,82.6,0,2,2,1,17,Female,Yes,No,NotPlaced,EE
5987,57.2,60.9,64.2,6.66,73,78,2.6,73.2,1,1,2,0,4,Female,No,Yes,NotPlaced,ME
5988,72.2,82.6,68.6,7.41,84,73,3.4,87.5,0,1,3,2,8,Female,No,No,Placed,CE
5989,74.3,69.4,60.2,6.31,71,56,4.1,76.8,3,0,0,0,1,Male,Yes,No,NotPlaced,ChemE
5990,79.5,77.8,56.8,8.04,80,88,4.1,82.0,1,0,4,7,7,Male,No,Yes,Placed,CS
5991,96.2,81.5,83.8,9.65,81,69,3.8,86.7,0,1,2,3,7,Female,No,No,Placed,CS
5992,65.8,65.4,70.7,6.97,78,78,4.0,66.8,2,2,3,2,11,Male,Yes,No,Placed,CS
5993,80.7,71.1,66.8,7.22,71,53,3.7,84.2,0,0,1,2,3,Female,Yes,Yes,NotPlaced,ME
5994,84.3,80.1,76.8,8.24,89,66,2.6,78.1,1,0,6,0,2,Male,No,Yes,Placed,CS
5995,47.1,66.0,51.9,6.37,63,66,1.8,75.8,0,1,1,2,5,Male,Yes,No,NotPlaced,ChemE
5996,82.7,73.8,65.4,8.02,78,66,4.0,94.1,0,1,0,2,9,Female,No,No,Placed,CS
5997,70.3,60.9,63.8,7.48,65,65,3.9,77.3,3,1,0,2,7,Female,No,Yes,NotPlaced,CS
5998,71.9,71.3,59.7,7.67,52,39,2.2,76.3,0,0,0,0,2,Female,Yes,No,NotPlaced,CS
5999,65.5,69.5,67.0,6.24,60,55,3.6,70.3,0,0,1,3,1,Male,No,No,NotPlaced,EE
6000,55.4,63.0,60.0,6.68,35,43,1.6,66.4,0,1,1,0,8,Male,No,No,NotPlaced,EE
6001,72.3,63.3,67.5,7.45,68,74,3.0,77.0,0,2,0,1,11,Male,Yes,Yes,Placed,CS
6002,72.4,59.0,72.7,6.93,70,61,3.4,71.8,0,0,1,2,5,Male,No,Yes,Placed,CE
6003,65.4,66.7,56.1,6.2,55,69,4.4,88.3,0,1,4,2,7,Male,Yes,Yes,Placed,CE
6004,67.2,62.0,49.3,5.91,63,47,2.7,75.2,1,1,1,1,8,Female,No,Yes,NotPlaced,CE
6005,72.2,70.5,66.2,7.14,72,57,2.3,71.9,1,1,0,1,4,Female,Yes,No,NotPlaced,ChemE
6006,45.0,45.0,48.0,5.0,36,45,2.1,74.0,3,0,0,0,5,Male,Yes,Yes,NotPlaced,EE
6007,87.6,72.7,84.4,8.01,81,68,2.9,72.4,0,1,3,2,6,Female,Yes,Yes,NotPlaced,CE
6008,69.0,65.8,59.0,6.16,58,66,2.2,88.1,0,1,2,1,9,Male,No,Yes,NotPlaced,ME
6009,69.7,56.0,69.5,7.86,65,81,2.5,67.7,3,1,1,0,12,Female,No,No,NotPlaced,CE
6010,54.6,45.0,59.1,5.94,71,66,2.7,81.8,2,0,3,2,6,Male,Yes,No,NotPlaced,CS
6011,58.7,81.7,64.7,7.56,64,73,2.8,76.5,0,0,1,3,1,Female,Yes,No,NotPlaced,ME
6012,55.8,74.8,67.6,7.3,64,65,3.6,94.9,0,2,1,3,15,Female,Yes,No,NotPlaced,ChemE
6013,82.2,87.3,82.7,8.45,84,72,3.3,89.8,1,2,1,0,16,Female,No,Yes,Placed,CS
6014,90.9,71.8,90.4,8.29,72,85,3.2,66.7,0,1,3,3,7,Male,No,Yes,Placed,IT
6015,53.6,57.4,61.5,6.72,70,92,2.7,76.2,3,1,4,0,4,Male,No,Yes,NotPlaced,ECE
6016,68.2,70.6,64.6,7.22,58,70,3.7,70.4,0,1,2,0,11,Female,No,No,Placed,ECE
6017,57.6,58.5,58.0,7.22,59,51,3.7,77.5,0,2,0,3,10,Female,Yes,Yes,Placed,ME
6018,66.9,74.0,71.1,8.0,81,61,4.4,79.8,0,0,4,3,0,Male,Yes,No,Placed,ECE
6019,58.4,51.1,57.5,6.83,53,85,3.5,80.0,0,0,3,0,2,Male,No,Yes,NotPlaced,CE
6020,71.9,51.0,64.9,6.45,78,78,5.0,73.7,2,1,1,2,11,Male,No,Yes,Placed,CS
6021,53.2,55.8,50.1,5.99,56,43,2.7,76.9,1,0,0,0,6,Male,No,No,NotPlaced,EE
6022,74.7,78.5,76.1,8.06,70,63,2.9,75.4,0,0,1,1,0,Female,Yes,No,Placed,EE
6023,67.6,72.2,68.5,6.73,79,59,4.3,80.1,0,1,0,1,9,Male,No,Yes,Placed,CS
6024,77.9,80.6,79.2,7.85,66,54,2.3,90.9,0,1,0,2,6,Male,Yes,No,NotPlaced,ChemE
6025,69.6,68.3,59.4,6.67,55,40,4.2,78.4,1,1,1,0,4,Male,Yes,No,NotPlaced,IT
6026,66.1,90.3,68.5,8.33,83,78,4.2,94.6,0,2,2,1,15,Male,Yes,Yes,Placed,IT
6027,54.9,66.9,54.2,5.83,72,69,2.5,78.5,0,1,5,1,9,Female,No,Yes,NotPlaced,CE
6028,71.9,71.0,66.3,7.02,45,54,2.9,78.7,2,0,3,2,3,Male,Yes,Yes,Placed,EE
6029,66.1,61.3,66.9,6.48,50,75,3.2,82.0,0,3,4,0,16,Female,Yes,No,Placed,EE
6030,80.5,80.0,81.2,8.01,68,78,3.5,87.1,0,3,1,2,17,Female,No,Yes,Placed,ECE
6031,81.9,61.9,79.6,7.65,79,66,2.6,78.6,0,1,4,0,7,Female,No,No,Placed,ME
6032,73.1,89.8,85.9,8.07,72,51,3.4,69.5,0,0,0,1,2,Male,Yes,Yes,Placed,ME
6033,75.5,75.1,59.2,7.42,49,54,3.4,77.4,1,2,1,1,9,Male,No,No,NotPlaced,EE
6034,99.0,80.3,87.3,9.94,100,87,5.0,81.1,0,3,2,4,10,Male,No,No,Placed,ChemE
6035,79.8,90.5,69.0,8.29,83,68,3.9,82.7,0,2,0,3,10,Male,No,Yes,Placed,IT
6036,85.7,80.8,90.8,8.61,82,77,2.3,77.9,0,4,2,3,27,Female,Yes,No,Placed,ECE
6037,81.6,75.3,79.3,7.3,81,75,2.5,86.7,0,2,2,3,18,Female,Yes,Yes,Placed,ChemE
6038,58.3,58.3,60.7,6.02,57,59,2.7,80.1,0,0,0,0,2,Female,No,Yes,NotPlaced,CE
6039,59.7,62.8,60.3,6.52,78,76,4.4,86.4,0,1,2,1,9,Female,No,Yes,Placed,ECE
6040,95.2,99.0,90.5,10.0,100,85,5.0,98.2,0,0,1,2,7,Female,No,Yes,Placed,ECE
6041,69.2,78.1,74.3,8.72,89,53,3.7,97.7,0,2,2,3,12,Male,Yes,Yes,Placed,EE
6042,79.7,72.6,77.3,8.03,73,53,2.6,89.4,0,1,0,0,13,Female,No,Yes,NotPlaced,ECE
6043,72.3,65.9,65.3,6.85,60,48,3.4,75.4,0,0,0,2,0,Male,Yes,No,NotPlaced,EE
6044,60.8,63.8,73.1,8.01,80,64,3.5,71.4,0,2,1,2,11,Male,No,Yes,Placed,ECE
6045,69.0,67.7,66.6,7.22,82,60,3.3,78.0,0,0,2,2,0,Male,No,No,NotPlaced,EE
6046,57.3,49.1,59.3,5.14,52,57,3.9,66.6,3,0,2,0,5,Female,Yes,Yes,NotPlaced,ECE
6047,73.3,63.5,61.4,7.07,64,38,3.5,66.9,1,0,0,0,4,Male,No,Yes,NotPlaced,CE
6048,80.1,60.0,73.0,7.17,66,62,3.7,86.7,1,2,3,1,18,Female,Yes,No,Placed,IT
6049,80.2,67.4,74.8,8.0,69,74,3.8,80.9,1,3,1,0,18,Male,No,Yes,Placed,CE
6050,89.4,71.2,75.2,8.49,83,78,3.9,79.3,0,1,2,0,4,Female,No,No,Placed,EE
6051,66.0,62.1,67.9,6.5,56,57,2.0,77.0,1,0,0,0,5,Female,No,Yes,NotPlaced,ECE
6052,68.7,50.0,65.0,6.65,46,56,3.8,77.8,0,0,3,2,0,Male,No,Yes,NotPlaced,CE
6053,65.2,45.1,62.7,6.06,59,64,2.0,72.3,1,1,0,1,5,Male,No,No,NotPlaced,CE
6054,68.6,71.7,72.9,7.47,89,62,4.6,93.1,0,2,0,4,7,Female,No,Yes,Placed,IT
6055,49.4,45.0,49.6,5.03,35,44,4.0,70.9,1,1,1,2,6,Female,Yes,Yes,NotPlaced,ECE
6056,67.2,79.2,67.2,6.98,71,59,3.7,81.8,0,2,1,2,9,Male,No,Yes,Placed,CE
6057,58.1,53.6,60.6,5.81,50,37,4.4,74.4,0,0,2,0,0,Male,No,No,NotPlaced,CE
6058,83.2,88.3,81.3,8.5,89,100,3.7,83.6,0,1,5,4,7,Male,Yes,Yes,Placed,CS
6059,69.4,69.2,71.6,7.13,63,73,4.5,92.8,0,1,5,3,8,Male,Yes,No,Placed,ME
6060,77.4,60.2,71.7,7.56,70,86,2.7,72.3,1,1,2,3,6,Female,No,Yes,Placed,ME
6061,66.5,65.3,63.5,7.01,60,50,3.6,62.8,2,0,3,0,0,Male,No,No,NotPlaced,EE
6062,55.7,68.4,59.8,6.61,67,63,3.7,85.2,1,1,1,4,10,Female,No,Yes,Placed,ChemE
6063,91.4,91.0,79.7,8.36,100,97,4.0,94.7,0,1,4,4,7,Female,No,No,Placed,CE
6064,91.8,91.6,77.6,8.29,85,86,4.0,81.5,0,2,1,2,12,Male,Yes,No,Placed,ChemE
6065,68.5,58.1,76.3,7.24,55,69,4.5,83.9,1,0,1,0,0,Male,No,Yes,Placed,EE
6066,58.3,68.8,71.8,7.49,62,53,2.8,79.1,1,1,2,0,7,Male,Yes,Yes,NotPlaced,ECE
6067,77.6,72.3,81.8,8.17,67,61,4.2,87.4,0,1,1,0,9,Male,No,Yes,NotPlaced,IT
6068,74.4,78.4,71.5,7.29,70,74,4.1,76.0,2,1,3,3,6,Female,Yes,No,NotPlaced,ECE
6069,54.4,67.2,55.8,6.18,52,70,3.1,87.1,0,1,0,1,9,Female,No,Yes,NotPlaced,ME
6070,66.1,58.6,62.8,7.88,83,89,3.3,78.4,2,2,1,2,11,Female,No,No,NotPlaced,CE
6071,67.6,68.5,64.3,5.39,69,51,4.1,59.7,2,0,0,0,3,Female,Yes,Yes,NotPlaced,ChemE
6072,75.7,55.8,59.9,7.85,67,82,3.6,80.8,0,1,1,1,14,Male,Yes,Yes,NotPlaced,IT
6073,90.8,95.2,90.6,9.22,76,83,4.0,100.0,0,1,1,8,7,Female,Yes,No,Placed,ECE
6074,70.2,63.6,72.2,6.56,64,63,3.9,93.3,0,1,3,4,4,Female,No,Yes,Placed,CS
6075,69.4,71.3,72.1,8.32,65,57,3.8,84.9,1,0,1,1,7,Male,No,No,NotPlaced,ECE
6076,76.0,85.5,79.5,7.3,90,67,5.0,79.9,0,2,3,2,14,Male,Yes,Yes,Placed,ECE
6077,61.2,62.0,51.9,5.62,39,78,3.0,82.9,1,1,1,2,7,Male,No,No,NotPlaced,ME
6078,89.1,89.7,80.4,8.25,77,51,4.0,100.0,0,1,2,1,6,Male,No,Yes,Placed,ECE
6079,56.8,71.2,69.8,7.22,69,47,4.0,74.4,3,0,1,0,2,Male,Yes,Yes,NotPlaced,CS
6080,81.4,82.2,70.0,7.88,73,73,3.4,76.0,1,4,2,2,26,Male,Yes,No,Placed,CS
6081,99.0,74.3,78.7,8.51,90,80,4.3,93.3,0,0,4,4,0,Male,No,Yes,Placed,ECE
6082,67.6,60.8,60.4,6.46,72,51,3.6,66.6,1,0,0,4,9,Male,Yes,No,Placed,ECE
6083,67.9,56.9,67.6,7.48,65,61,4.6,62.9,0,0,2,1,0,Male,Yes,Yes,NotPlaced,ME
6084,81.1,68.2,60.8,7.32,69,36,4.1,79.2,0,0,1,2,0,Male,Yes,No,NotPlaced,CE
6085,69.2,55.2,63.6,7.5,53,70,3.0,82.2,0,0,1,1,0,Male,No,No,NotPlaced,EE
6086,65.7,56.2,70.3,7.59,65,73,3.9,88.5,0,0,4,2,1,Male,Yes,Yes,Placed,CE
6087,60.2,52.5,61.5,6.65,72,79,3.1,67.6,2,2,2,0,14,Female,No,Yes,NotPlaced,ChemE
6088,67.1,64.1,60.5,7.05,67,71,2.7,75.9,2,1,0,1,6,Male,No,No,Placed,ME
6089,72.1,70.6,72.6,6.47,57,52,4.6,80.1,1,0,0,0,3,Male,Yes,No,Placed,ME
6090,96.4,93.2,94.7,9.53,83,89,3.9,100.0,0,3,1,1,20,Male,Yes,No,Placed,CS
6091,74.7,78.6,67.2,7.43,80,90,2.7,84.6,1,0,3,0,6,Male,No,No,NotPlaced,CE
6092,77.7,80.1,66.5,7.81,75,78,4.4,88.4,0,1,1,4,7,Male,Yes,Yes,Placed,ECE
6093,77.4,69.4,76.4,8.48,79,77,1.8,87.7,0,1,1,3,4,Female,No,No,Placed,EE
6094,70.6,55.7,62.2,7.26,65,60,3.5,75.5,1,0,2,2,7,Female,No,No,Placed,ME
6095,60.6,60.8,56.1,6.2,52,36,3.0,81.0,1,0,0,0,0,Female,No,No,NotPlaced,EE
6096,72.9,57.9,48.0,6.1,63,48,3.4,65.8,3,0,0,0,8,Female,No,Yes,NotPlaced,ECE
6097,61.9,75.3,68.3,7.51,73,69,3.7,71.1,1,1,1,0,4,Male,Yes,No,NotPlaced,ME
6098,75.2,68.0,70.4,7.35,74,60,2.8,81.4,1,1,4,2,6,Male,No,No,Placed,ECE
6099,81.4,68.8,69.8,6.66,60,66,3.5,83.6,1,0,1,1,0,Male,Yes,Yes,NotPlaced,ECE
6100,86.3,76.0,76.1,9.21,91,90,4.9,95.3,0,3,2,3,24,Male,Yes,Yes,Placed,ECE
6101,85.6,81.7,85.1,8.23,93,74,2.4,86.1,0,0,2,2,2,Male,Yes,No,Placed,ME
6102,71.6,70.3,65.0,7.87,53,57,3.3,69.3,0,4,2,1,14,Female,No,Yes,NotPlaced,CE
6103,88.0,86.7,82.1,8.78,85,83,4.2,83.7,0,2,1,2,22,Male,Yes,No,Placed,CS
6104,61.7,52.3,56.8,6.26,57,51,3.1,78.2,2,1,2,0,8,Male,Yes,No,Placed,ME
6105,80.5,86.0,91.6,7.86,75,65,3.7,89.8,0,2,4,5,13,Male,Yes,Yes,Placed,CS
6106,58.5,72.7,65.5,7.42,65,58,2.9,68.7,0,3,8,0,19,Male,No,Yes,Placed,EE
6107,76.9,71.0,77.2,7.72,65,67,3.4,88.6,1,2,1,2,17,Female,No,No,NotPlaced,ChemE
6108,61.6,48.8,67.4,7.52,76,50,2.4,93.4,0,1,0,0,10,Female,Yes,Yes,Placed,EE
6109,67.6,58.6,52.0,6.63,45,42,3.6,72.4,3,0,1,0,1,Female,No,Yes,NotPlaced,CE
6110,65.0,70.2,67.5,7.27,62,54,2.6,72.2,2,0,0,0,1,Male,No,No,NotPlaced,EE
6111,80.7,79.2,82.1,8.4,83,76,3.0,87.1,0,0,1,0,5,Male,Yes,No,NotPlaced,CS
6112,75.3,70.8,63.0,6.69,71,65,3.3,87.9,0,1,1,1,4,Female,No,Yes,Placed,EE
6113,51.2,54.1,59.3,7.05,60,66,3.5,88.6,3,0,1,1,3,Male,No,No,NotPlaced,ME
6114,68.7,69.1,71.5,7.44,84,81,4.2,76.6,1,1,2,3,11,Female,Yes,Yes,Placed,CS
6115,90.8,96.6,96.0,9.21,98,83,3.4,95.0,0,2,1,2,16,Female,Yes,Yes,Placed,CS
6116,77.4,67.3,74.7,8.31,63,81,4.0,100.0,0,1,3,1,14,Female,No,No,Placed,ChemE
6117,73.7,84.0,76.1,8.11,68,51,5.0,100.0,0,0,3,3,6,Male,Yes,Yes,Placed,CS
6118,88.4,86.3,73.0,7.98,90,78,3.8,87.1,0,1,1,3,7,Male,No,Yes,Placed,ChemE
6119,59.5,58.5,69.1,6.97,62,39,4.7,84.6,0,0,0,3,2,Male,Yes,No,Placed,CE
6120,87.5,52.7,55.8,6.27,73,65,3.0,72.4,3,1,2,0,5,Male,Yes,No,NotPlaced,ChemE
6121,67.4,88.6,70.1,7.49,78,52,3.2,85.1,0,1,0,0,7,Female,No,Yes,Placed,CS
6122,93.5,78.5,73.5,7.99,58,60,3.8,92.2,0,0,0,3,2,Male,Yes,Yes,NotPlaced,ChemE
6123,82.5,59.8,70.4,7.69,60,67,5.0,72.8,1,0,0,2,7,Female,No,Yes,NotPlaced,IT
6124,76.7,85.2,77.6,8.4,85,69,5.0,90.4,0,2,3,3,12,Male,Yes,Yes,Placed,CS
6125,77.7,47.0,66.3,8.2,84,78,3.2,75.5,0,1,1,1,8,Female,Yes,No,Placed,ChemE
6126,66.1,71.5,70.3,6.57,70,82,3.8,71.8,0,0,3,1,0,Male,Yes,Yes,NotPlaced,CE
6127,84.9,74.4,76.1,8.68,60,58,2.4,65.9,0,0,2,1,0,Male,Yes,No,NotPlaced,ME
6128,75.6,83.4,81.9,8.22,74,73,4.6,88.3,0,4,1,3,17,Male,Yes,Yes,Placed,ECE
6129,84.7,80.1,83.4,8.46,78,72,3.5,87.9,0,1,2,4,4,Male,No,Yes,Placed,ECE
6130,75.3,73.1,73.0,7.57,84,89,3.1,86.2,0,4,1,2,21,Male,No,Yes,Placed,ME
6131,65.5,75.5,75.6,6.67,62,73,3.4,80.8,1,0,0,1,5,Female,No,No,Placed,EE
6132,86.8,78.7,75.6,8.95,90,72,5.0,88.8,0,3,3,1,22,Female,No,Yes,Placed,CS
6133,71.5,61.7,65.1,6.11,74,71,4.1,85.0,0,1,0,1,10,Male,Yes,Yes,Placed,EE
6134,56.3,66.1,54.6,6.37,56,41,3.5,85.1,0,2,0,0,12,Male,No,No,NotPlaced,EE
6135,70.3,71.6,67.0,8.36,78,65,3.8,77.7,1,0,5,0,0,Male,Yes,Yes,Placed,CS
6136,77.2,67.0,62.2,8.14,58,78,3.8,79.8,0,2,3,3,10,Male,Yes,Yes,Placed,CS
6137,76.4,64.7,65.5,7.19,70,77,4.3,68.9,2,3,3,0,20,Female,Yes,Yes,Placed,EE
6138,73.1,70.1,75.9,7.4,64,71,3.9,93.7,0,1,3,1,9,Male,Yes,No,Placed,IT
6139,76.1,64.2,72.5,7.08,73,72,4.2,80.9,1,2,2,1,11,Male,Yes,Yes,Placed,EE
6140,68.8,60.7,51.0,6.61,49,73,3.6,94.3,1,1,3,0,7,Female,No,Yes,Placed,EE
6141,75.1,56.0,59.6,6.38,49,69,5.0,81.5,0,4,4,2,21,Female,Yes,Yes,Placed,ChemE
6142,75.0,82.0,65.0,7.57,69,38,2.9,75.0,1,0,2,1,0,Male,Yes,Yes,NotPlaced,EE
6143,65.6,72.0,64.9,7.06,60,73,3.5,83.2,1,0,2,0,0,Female,Yes,No,NotPlaced,CE
6144,76.3,52.9,65.0,7.04,45,49,2.9,65.6,0,1,1,0,16,Female,No,Yes,NotPlaced,EE
6145,71.0,72.6,69.4,7.23,59,52,3.3,71.8,3,1,1,1,15,Female,No,No,NotPlaced,CS
6146,80.2,67.4,72.1,8.04,71,68,4.0,68.1,0,1,1,2,7,Female,No,No,Placed,ECE
6147,56.4,57.8,50.1,6.48,64,55,3.5,81.0,0,0,0,2,5,Female,No,No,NotPlaced,ME
6148,67.8,69.0,74.1,8.34,66,71,2.3,74.0,0,1,1,0,7,Female,No,Yes,Placed,CE
6149,71.7,80.7,74.9,7.84,70,75,5.0,88.6,0,0,2,2,3,Female,No,Yes,Placed,ECE
6150,62.9,76.0,71.6,7.6,60,59,3.4,93.5,0,1,1,4,8,Female,Yes,No,Placed,IT
6151,58.3,61.6,61.3,6.92,68,74,4.1,73.7,0,1,1,0,5,Male,Yes,No,NotPlaced,ME
6152,67.4,88.5,75.2,7.69,83,82,3.9,91.9,0,1,8,2,5,Female,Yes,No,Placed,ECE
6153,60.8,47.5,53.5,5.84,60,80,4.0,69.2,0,0,0,1,3,Male,No,Yes,NotPlaced,ECE
6154,55.4,71.4,55.4,6.74,76,78,2.8,87.5,2,1,1,2,8,Female,Yes,Yes,NotPlaced,ChemE
6155,68.8,82.9,78.5,7.28,71,72,4.2,79.5,0,1,2,2,8,Male,Yes,Yes,Placed,EE
6156,77.7,78.9,78.2,8.08,83,84,3.4,94.6,0,2,2,1,22,Male,No,Yes,Placed,EE
6157,89.9,78.5,69.0,7.52,58,76,3.7,82.6,0,2,1,3,16,Male,Yes,Yes,Placed,IT
6158,51.1,60.4,48.0,5.61,54,60,4.5,82.0,1,1,0,1,11,Male,Yes,Yes,Placed,IT
6159,61.7,67.3,79.0,8.29,55,63,2.9,82.5,0,1,1,2,4,Female,No,No,Placed,IT
6160,72.2,76.6,78.4,8.36,71,78,3.5,79.2,0,1,1,1,4,Female,No,Yes,Placed,ChemE
6161,79.8,81.7,80.3,8.97,80,82,3.5,82.1,0,1,2,0,7,Female,Yes,No,NotPlaced,ChemE
6162,58.9,63.3,57.4,5.4,62,67,4.4,81.2,1,1,3,0,10,Female,No,No,NotPlaced,ME
6163,83.2,60.0,65.2,6.99,65,85,5.0,87.2,1,2,2,3,11,Female,Yes,Yes,Placed,ME
6164,91.0,77.1,78.9,9.48,86,83,5.0,84.7,0,2,1,4,11,Male,Yes,Yes,Placed,CS
6165,61.7,53.0,61.1,6.2,73,82,2.9,67.2,2,0,5,1,1,Male,No,No,Placed,CS
6166,76.6,52.2,71.2,6.91,59,63,2.0,66.6,2,1,0,0,6,Female,No,No,NotPlaced,ChemE
6167,61.6,58.4,54.5,6.51,57,52,4.0,75.9,0,0,0,0,4,Female,Yes,Yes,Placed,ChemE
6168,72.8,69.2,70.8,7.09,75,76,3.3,90.5,0,3,1,1,14,Female,No,Yes,Placed,CS
6169,71.4,73.9,72.2,7.51,69,60,2.9,89.0,0,3,1,2,15,Female,Yes,Yes,Placed,EE
6170,68.4,51.6,48.0,5.94,66,69,3.9,76.5,0,0,1,1,6,Female,No,No,NotPlaced,IT
6171,72.8,75.3,72.9,7.58,70,76,4.2,76.1,0,1,2,3,4,Male,Yes,Yes,Placed,IT
6172,76.9,79.0,67.0,6.62,83,69,3.5,60.0,5,0,3,1,0,Female,No,No,NotPlaced,ME
6173,79.9,85.0,66.6,7.46,82,81,4.2,82.7,0,0,4,3,0,Female,Yes,Yes,Placed,EE
6174,62.0,45.0,50.9,5.88,63,71,2.4,69.7,2,1,2,2,5,Male,Yes,No,NotPlaced,CE
6175,75.0,85.4,87.1,9.61,85,81,4.3,89.2,0,2,1,2,10,Male,Yes,No,Placed,CS
6176,60.3,60.6,72.6,7.75,84,96,2.6,76.1,1,1,1,1,7,Male,Yes,Yes,Placed,CE
6177,56.2,67.7,78.9,7.1,81,72,3.1,87.0,0,0,1,1,6,Male,No,Yes,Placed,IT
6178,76.8,80.6,73.4,8.19,83,77,4.1,96.2,0,1,1,2,5,Male,Yes,No,Placed,CS
6179,62.4,73.2,73.4,7.82,66,54,3.6,77.1,0,0,1,5,0,Male,Yes,No,NotPlaced,CE
6180,99.0,83.0,89.0,9.22,98,70,4.1,83.5,0,1,3,0,9,Male,No,No,Placed,ECE
6181,70.8,65.0,67.6,7.78,84,72,4.2,86.1,0,2,3,2,8,Female,Yes,Yes,Placed,IT
6182,87.3,89.3,80.3,7.97,74,82,3.6,80.6,0,4,3,0,15,Male,No,Yes,Placed,CS
6183,60.8,64.9,63.0,5.86,58,54,2.6,74.8,0,1,4,2,9,Male,Yes,Yes,Placed,IT
6184,72.8,57.4,63.4,7.11,69,70,2.7,72.8,0,0,3,1,0,Male,No,Yes,NotPlaced,ECE
6185,47.9,49.2,60.1,5.93,54,59,4.0,78.9,0,0,1,2,0,Female,No,No,NotPlaced,CE
6186,71.6,69.4,68.4,7.07,71,79,3.5,86.7,0,0,2,4,7,Female,No,No,NotPlaced,ECE
6187,76.9,70.3,65.3,7.08,57,55,2.7,77.5,3,0,1,1,4,Female,No,No,NotPlaced,EE
6188,85.9,70.1,83.3,8.65,93,73,5.0,91.1,0,2,2,7,9,Male,Yes,Yes,Placed,ECE
6189,65.4,62.9,69.7,6.61,64,58,3.0,72.1,1,0,1,2,7,Male,No,Yes,NotPlaced,CE
6190,61.7,68.6,76.3,8.23,75,84,2.2,92.2,0,0,0,3,0,Female,Yes,No,Placed,CE
6191,63.6,48.0,55.6,6.07,48,54,3.8,78.6,1,1,1,0,11,Female,Yes,No,NotPlaced,ME
6192,65.4,62.5,60.9,7.12,67,71,2.6,64.3,2,0,5,0,2,Male,No,Yes,NotPlaced,EE
6193,72.6,75.3,66.9,8.38,59,43,2.7,82.0,1,0,3,1,0,Male,Yes,Yes,Placed,IT
6194,83.7,65.7,68.7,6.52,79,56,2.8,72.3,1,1,1,3,6,Female,No,Yes,Placed,ECE
6195,58.0,64.1,48.0,5.92,50,68,2.5,81.8,0,1,3,2,4,Male,Yes,No,NotPlaced,ECE
6196,60.5,63.2,57.2,5.61,65,83,3.0,69.1,1,0,1,1,5,Male,Yes,No,NotPlaced,ChemE
6197,67.3,75.9,79.4,7.12,59,79,3.5,92.3,0,1,4,3,8,Female,No,Yes,Placed,CE
6198,82.5,65.7,77.6,7.44,76,59,3.7,82.2,0,1,1,0,9,Male,Yes,No,Placed,ECE
6199,59.3,64.0,62.7,7.09,69,78,3.0,86.4,0,1,1,0,5,Male,No,No,Placed,IT
6200,70.7,61.5,54.0,7.41,47,58,3.2,91.4,1,1,1,1,10,Female,Yes,Yes,NotPlaced,ECE
6201,74.0,69.1,59.0,6.64,62,74,2.9,85.9,0,1,0,3,11,Female,No,Yes,NotPlaced,EE
6202,72.6,73.4,74.6,8.51,69,86,4.1,83.7,1,1,1,2,3,Male,Yes,No,Placed,IT
6203,74.0,76.9,55.7,6.49,67,86,2.3,69.3,2,0,1,0,4,Female,No,Yes,NotPlaced,CS
6204,55.5,45.1,54.1,5.22,49,41,3.4,81.2,0,0,0,0,5,Male,Yes,Yes,NotPlaced,ECE
6205,49.4,45.2,48.0,5.34,46,65,2.7,83.7,2,1,0,2,8,Female,No,No,Placed,ChemE
6206,52.5,64.8,58.0,6.8,63,63,2.8,95.0,0,2,1,4,13,Male,No,Yes,NotPlaced,CE
6207,74.4,69.3,61.1,7.83,59,79,3.8,70.8,0,1,6,2,3,Female,No,Yes,NotPlaced,ChemE
6208,81.1,69.9,76.6,8.46,71,66,2.0,80.1,0,0,2,1,2,Female,Yes,Yes,Placed,CS
6209,85.0,79.3,66.2,7.86,81,54,3.7,82.9,0,1,0,3,3,Male,Yes,No,Placed,ME
6210,86.3,74.5,76.7,8.69,81,83,3.4,81.4,0,0,2,2,0,Male,Yes,Yes,Placed,IT
6211,75.0,60.3,59.3,5.9,35,37,3.5,78.3,1,0,0,1,2,Male,No,Yes,NotPlaced,EE
6212,71.5,60.5,73.9,9.03,82,66,4.2,96.0,0,0,2,3,0,Male,No,No,Placed,ECE
6213,73.0,65.9,69.6,7.69,79,77,3.8,84.5,2,2,2,2,12,Female,Yes,No,Placed,ME
6214,67.5,71.8,70.6,6.59,81,86,4.7,90.6,0,1,2,4,10,Female,No,Yes,Placed,IT
6215,74.3,66.4,63.6,6.71,68,39,3.0,84.2,1,1,0,1,5,Female,No,Yes,NotPlaced,ME
6216,78.4,89.9,82.5,8.45,77,54,5.0,95.5,0,1,0,4,6,Male,Yes,No,Placed,CS
6217,85.3,75.2,77.3,8.99,74,41,2.4,87.7,0,0,1,1,4,Female,Yes,Yes,Placed,ME
6218,56.1,62.2,52.2,5.91,40,25,3.1,67.7,1,0,0,0,3,Female,Yes,No,NotPlaced,ChemE
6219,88.6,81.3,78.3,7.58,87,80,3.5,90.1,0,3,2,6,10,Male,Yes,No,Placed,CS
6220,88.5,84.1,87.4,8.62,56,56,3.5,74.0,1,1,1,1,6,Male,Yes,No,Placed,ECE
6221,59.9,56.9,70.6,6.1,70,77,3.9,85.2,1,4,3,3,18,Female,No,No,Placed,EE
6222,52.4,45.0,65.1,6.24,58,35,3.5,80.1,0,0,0,0,4,Female,Yes,No,NotPlaced,ECE
6223,76.6,83.1,73.6,8.04,85,56,3.6,79.2,1,0,5,3,4,Female,No,Yes,Placed,CS
6224,64.0,55.7,55.6,6.3,66,64,3.3,87.8,1,0,2,1,3,Female,No,Yes,NotPlaced,ChemE
6225,72.6,59.3,70.2,8.29,75,45,3.4,75.2,1,1,0,1,7,Male,Yes,No,Placed,ECE
6226,77.9,78.9,69.8,8.55,78,62,4.6,86.2,0,0,1,5,2,Male,Yes,Yes,Placed,ME
6227,46.2,45.0,55.4,5.0,51,51,2.9,72.1,3,0,1,1,0,Male,Yes,No,NotPlaced,CE
6228,74.9,73.5,74.0,7.55,73,62,3.1,71.2,2,0,0,1,3,Male,Yes,No,NotPlaced,IT
6229,47.8,55.2,48.0,6.35,35,51,2.9,76.6,1,2,1,1,15,Male,No,No,NotPlaced,ME
6230,56.0,46.3,53.1,5.56,56,54,4.8,70.1,3,0,1,0,0,Female,Yes,No,NotPlaced,EE
6231,66.9,76.4,71.4,7.54,71,75,4.1,81.2,1,0,2,1,1,Male,Yes,No,Placed,ME
6232,59.8,50.4,59.7,6.65,63,58,2.1,87.7,1,0,2,2,3,Male,No,Yes,NotPlaced,CE
6233,76.9,46.8,67.1,6.67,72,72,2.5,96.4,1,1,2,1,8,Female,Yes,No,Placed,CS
6234,80.2,72.4,73.1,6.82,64,59,3.4,83.5,3,0,1,2,0,Male,No,Yes,NotPlaced,IT
6235,83.4,88.3,90.6,9.52,84,62,3.9,90.9,0,2,3,3,9,Male,Yes,Yes,Placed,EE
6236,77.3,67.6,82.0,9.25,85,75,3.7,96.2,0,2,0,1,12,Female,Yes,Yes,Placed,EE
6237,78.8,76.0,70.4,7.76,76,67,4.1,85.5,0,0,2,5,2,Male,Yes,Yes,Placed,IT
6238,57.1,51.7,61.4,6.38,44,63,3.6,75.9,2,1,1,0,7,Female,No,Yes,NotPlaced,EE
6239,79.0,65.0,69.7,7.2,66,48,4.2,68.1,0,0,2,0,0,Female,No,No,NotPlaced,EE
6240,61.6,63.7,67.1,6.62,57,50,3.0,63.1,2,0,0,0,5,Male,No,No,NotPlaced,IT
6241,69.0,73.3,64.4,8.04,59,68,4.2,91.0,0,1,0,4,15,Male,No,Yes,Placed,CE
6242,77.3,77.2,74.5,8.21,61,47,2.5,83.9,0,0,1,2,5,Male,No,No,Placed,CS
6243,82.9,67.1,66.4,7.6,83,85,2.8,76.1,0,1,1,2,6,Male,Yes,Yes,Placed,CS
6244,53.1,67.8,68.3,6.79,58,67,3.1,83.7,0,1,1,2,9,Female,Yes,Yes,NotPlaced,CS
6245,77.8,72.1,69.2,7.14,85,65,4.5,69.8,1,1,1,2,5,Male,No,Yes,Placed,ME
6246,80.3,64.3,69.1,7.78,64,71,4.1,87.5,0,1,1,3,6,Female,No,Yes,Placed,CS
6247,70.9,62.3,67.1,7.17,72,69,2.7,65.7,0,0,1,0,2,Female,Yes,No,NotPlaced,IT
6248,74.8,79.9,69.9,7.37,60,57,3.6,76.2,1,3,2,2,20,Male,Yes,No,Placed,ChemE
6249,72.8,84.5,64.7,7.69,73,59,3.5,93.9,0,1,4,4,11,Male,Yes,Yes,Placed,ECE
6250,73.1,77.2,55.4,7.11,66,71,2.9,98.5,1,1,1,2,9,Female,No,No,NotPlaced,CE
6251,66.4,48.7,75.0,8.01,67,68,3.8,73.8,1,0,2,0,1,Male,Yes,Yes,Placed,CS
6252,82.4,91.4,83.4,8.89,72,67,2.8,90.2,0,2,1,2,7,Male,Yes,Yes,Placed,EE
6253,85.0,79.8,90.0,8.6,89,89,2.6,100.0,1,0,3,3,2,Male,Yes,No,Placed,ChemE
6254,75.9,83.2,65.9,7.95,61,66,3.8,71.0,0,3,0,3,15,Male,No,Yes,Placed,ChemE
6255,83.3,52.6,62.6,6.66,56,61,2.7,72.4,2,1,1,0,6,Male,Yes,Yes,NotPlaced,CE
6256,56.5,50.0,53.9,6.65,71,65,3.4,87.5,1,1,3,0,5,Male,Yes,Yes,NotPlaced,ChemE
6257,65.3,61.7,58.3,6.5,79,49,3.0,72.5,0,2,2,3,12,Female,No,Yes,NotPlaced,ME
6258,67.3,67.7,80.4,7.71,57,47,4.0,81.9,0,1,3,0,10,Male,Yes,Yes,Placed,EE
6259,62.3,60.5,60.5,6.54,70,89,2.1,81.7,1,0,0,0,0,Female,Yes,No,Placed,ChemE
6260,65.8,79.4,75.6,6.68,75,64,3.5,83.2,0,0,1,2,1,Male,No,Yes,Placed,ME
6261,75.9,96.4,86.2,9.77,85,91,5.0,81.8,0,0,3,6,1,Female,No,Yes,Placed,EE
6262,66.9,47.5,48.0,5.6,46,57,4.0,61.0,1,0,0,0,0,Female,No,Yes,NotPlaced,EE
6263,66.2,73.9,59.3,6.29,56,57,3.5,76.0,1,1,0,0,4,Male,No,Yes,Placed,ME
6264,65.5,52.3,63.3,6.39,62,62,2.7,74.3,3,0,0,1,0,Male,No,No,NotPlaced,CS
6265,54.4,53.0,60.8,7.02,35,47,2.7,88.3,0,1,2,1,10,Male,No,Yes,NotPlaced,ECE
6266,70.4,89.1,58.5,7.5,69,55,4.6,82.5,1,0,1,2,0,Female,No,Yes,Placed,ME
6267,59.6,68.7,59.8,7.28,69,59,2.7,77.8,1,0,1,2,1,Male,No,Yes,Placed,ECE
6268,73.5,66.5,72.2,8.0,67,55,2.3,84.6,1,1,1,2,5,Female,No,No,NotPlaced,ME
6269,64.6,61.4,53.7,6.71,56,57,3.2,80.7,1,0,1,0,0,Male,No,Yes,NotPlaced,CE
6270,71.7,79.6,79.0,7.89,59,69,3.2,76.8,1,0,1,0,6,Male,No,No,NotPlaced,IT
6271,67.9,74.3,70.1,7.64,75,71,3.1,78.7,0,0,0,0,1,Male,Yes,No,Placed,EE
6272,67.2,78.9,70.2,7.93,62,77,3.8,69.3,1,0,2,1,12,Male,Yes,Yes,Placed,CS
6273,83.4,68.9,81.2,7.46,74,68,3.2,75.6,1,0,2,2,0,Male,Yes,Yes,NotPlaced,CS
6274,67.3,58.1,56.1,6.39,56,38,3.2,95.7,0,0,1,1,6,Female,No,Yes,NotPlaced,ME
6275,71.0,74.6,82.6,8.81,83,74,4.4,83.9,0,1,0,4,7,Male,Yes,No,Placed,CE
6276,56.9,45.0,48.0,5.42,53,37,2.6,82.8,1,0,0,0,1,Male,Yes,No,NotPlaced,IT
6277,68.0,61.6,61.3,6.43,64,70,3.1,65.7,2,1,2,0,7,Male,Yes,Yes,NotPlaced,ME
6278,68.0,55.6,62.1,7.86,70,90,3.7,89.3,0,2,4,1,14,Male,Yes,No,Placed,ECE
6279,90.2,78.9,76.1,7.54,80,69,2.7,80.6,0,0,2,2,4,Male,No,Yes,NotPlaced,ME
6280,83.2,87.0,65.4,8.58,75,85,2.8,87.5,0,0,3,1,3,Male,Yes,No,Placed,ECE
6281,59.7,45.0,59.0,5.92,43,56,3.0,85.2,1,1,2,1,4,Female,Yes,No,NotPlaced,ECE
6282,81.3,71.3,68.1,7.84,85,71,3.5,92.6,0,1,5,1,5,Male,Yes,No,Placed,CE
6283,89.2,77.6,89.4,8.25,92,74,3.6,84.8,0,1,1,0,9,Male,No,No,Placed,ME
6284,74.9,73.2,68.8,7.75,64,73,2.9,84.1,1,2,5,2,13,Male,No,Yes,Placed,CS
6285,56.5,57.0,52.4,6.96,53,51,2.7,66.8,3,0,3,0,2,Male,No,Yes,NotPlaced,IT
6286,87.5,86.3,79.7,8.11,85,69,3.8,82.8,0,1,3,1,4,Male,No,No,NotPlaced,CE
6287,85.9,85.5,77.7,8.31,78,54,3.6,81.3,0,0,1,4,2,Female,Yes,Yes,Placed,CS
6288,89.4,72.2,79.6,7.98,76,75,3.9,82.1,0,0,0,2,4,Female,Yes,Yes,Placed,IT
6289,89.2,90.8,85.6,9.18,75,93,4.3,100.0,0,1,1,3,4,Male,Yes,No,Placed,IT
6290,69.9,91.8,78.7,8.91,81,87,3.7,78.0,0,0,4,4,0,Female,Yes,Yes,Placed,CS
6291,57.4,62.4,50.3,5.67,48,69,3.0,59.6,0,1,1,0,8,Male,No,No,NotPlaced,ChemE
6292,81.2,81.4,81.3,8.63,89,61,3.7,75.3,2,0,2,0,3,Female,No,Yes,Placed,ME
6293,84.2,73.0,68.6,7.68,68,73,4.1,87.4,0,0,4,3,4,Male,Yes,No,Placed,IT
6294,99.0,81.1,91.2,9.57,88,68,2.9,88.3,0,1,2,0,8,Female,No,Yes,Placed,ME
6295,67.4,56.7,50.5,6.64,58,47,4.6,77.6,2,1,1,2,6,Female,Yes,Yes,NotPlaced,CE
6296,59.9,61.4,73.5,7.86,72,73,3.4,78.3,1,1,2,1,7,Male,Yes,No,NotPlaced,ME
6297,64.4,77.5,67.8,7.34,70,70,3.9,78.4,1,0,2,1,2,Male,No,No,Placed,ECE
6298,74.9,73.9,74.6,7.35,58,53,3.2,71.0,0,0,1,2,1,Female,Yes,No,NotPlaced,CS
6299,61.6,60.7,69.4,6.05,65,86,2.4,66.4,4,0,5,1,0,Female,No,No,NotPlaced,EE
6300,76.6,68.6,80.1,7.0,68,73,4.0,87.6,0,1,1,5,7,Female,No,No,Placed,ECE
6301,87.4,63.6,78.3,7.27,67,65,3.0,88.0,0,1,2,2,4,Male,Yes,Yes,Placed,ECE
6302,82.1,80.4,78.0,8.04,85,66,4.7,78.3,0,1,1,3,11,Female,Yes,Yes,Placed,IT
6303,63.6,72.2,67.7,7.08,80,58,4.3,87.8,1,1,0,2,9,Male,No,Yes,Placed,EE
6304,48.1,58.0,51.7,5.26,54,49,3.0,73.5,2,0,1,0,5,Female,Yes,No,NotPlaced,ChemE
6305,74.2,65.7,80.6,9.1,100,100,2.5,90.8,0,3,1,2,23,Female,No,Yes,Placed,ME
6306,70.9,80.2,71.7,7.88,63,59,3.6,84.7,0,0,3,3,0,Male,No,Yes,NotPlaced,CS
6307,74.1,64.8,65.2,6.32,63,65,3.9,83.4,0,2,1,1,11,Female,Yes,No,NotPlaced,ECE
6308,79.8,76.9,72.4,7.1,60,47,4.7,82.8,0,0,0,1,0,Female,Yes,No,NotPlaced,ME
6309,74.6,54.7,74.9,7.55,74,64,3.3,82.8,0,3,0,2,20,Male,Yes,No,Placed,IT
6310,55.3,55.3,53.7,5.7,40,44,2.1,65.6,4,0,2,0,3,Female,No,Yes,NotPlaced,ME
6311,74.7,59.0,63.5,5.84,50,64,4.2,71.9,0,1,1,2,9,Female,Yes,Yes,NotPlaced,CE
6312,50.6,56.8,54.4,6.01,35,42,2.8,73.2,3,0,0,0,2,Male,No,No,NotPlaced,ECE
6313,78.3,71.0,71.3,7.74,80,79,3.2,77.1,0,3,1,0,22,Male,Yes,No,Placed,CS
6314,71.5,60.5,64.7,6.88,71,56,3.6,72.5,1,0,3,2,0,Male,No,Yes,Placed,ChemE
6315,62.4,50.6,55.8,6.06,63,39,3.8,81.2,1,1,0,2,3,Female,Yes,No,NotPlaced,CE
6316,76.8,65.2,81.2,7.95,87,79,2.7,91.0,0,3,3,6,11,Female,Yes,Yes,Placed,CS
6317,65.2,59.5,54.2,6.42,68,63,4.9,79.8,0,3,0,3,13,Female,No,Yes,NotPlaced,ME
6318,82.6,94.3,89.7,8.82,78,54,3.7,78.1,0,0,3,2,6,Female,Yes,No,Placed,CS
6319,66.8,78.2,61.3,6.74,56,62,3.4,83.2,2,1,4,2,7,Female,Yes,No,NotPlaced,CE
6320,61.9,66.5,56.0,7.31,56,71,3.4,88.0,2,2,1,0,18,Female,No,No,NotPlaced,CE
6321,69.3,48.3,49.9,5.48,46,38,2.5,76.3,3,0,1,0,1,Female,No,No,NotPlaced,ME
6322,64.5,81.8,66.4,6.45,46,54,3.5,92.0,0,1,1,2,5,Male,Yes,Yes,NotPlaced,ChemE
6323,62.3,63.3,59.1,6.26,66,70,3.2,64.5,0,1,4,1,7,Male,Yes,No,Placed,ECE
6324,81.7,79.0,79.7,8.09,75,69,2.6,84.5,0,2,2,6,11,Male,No,Yes,Placed,CS
6325,51.7,45.0,48.0,5.69,51,42,2.7,85.2,0,0,3,3,2,Female,No,Yes,NotPlaced,ChemE
6326,68.2,67.5,69.3,7.52,83,88,4.4,68.4,2,1,1,2,6,Female,Yes,No,Placed,CS
6327,63.0,46.2,48.0,5.8,41,69,2.8,78.0,1,0,0,1,0,Male,Yes,No,NotPlaced,EE
6328,61.2,81.7,59.1,6.23,52,51,3.5,83.6,0,2,1,1,13,Male,No,Yes,Placed,ECE
6329,45.0,45.0,49.2,5.44,44,71,3.4,69.4,5,0,2,3,0,Female,No,Yes,NotPlaced,CS
6330,54.3,51.7,50.2,5.0,53,57,3.2,65.9,1,0,1,0,5,Male,No,No,NotPlaced,CE
6331,99.0,80.8,87.2,8.58,76,62,3.2,90.6,0,1,3,3,5,Female,No,No,Placed,EE
6332,66.4,65.5,64.0,7.11,56,89,3.5,87.1,1,0,3,1,5,Female,No,No,NotPlaced,ME
6333,74.9,77.4,76.0,7.38,77,72,3.6,92.5,0,1,1,1,8,Female,No,Yes,Placed,IT
6334,62.8,70.5,73.9,7.66,79,66,3.9,83.6,0,1,3,3,8,Female,No,Yes,Placed,ME
6335,87.6,76.5,71.4,7.98,75,90,3.2,97.0,0,1,0,2,11,Male,Yes,No,Placed,CS
6336,63.1,68.5,60.0,6.89,53,60,3.8,81.7,2,1,2,1,4,Female,Yes,No,NotPlaced,IT
6337,68.4,57.6,68.1,7.49,79,73,4.2,100.0,0,2,1,3,11,Male,No,Yes,NotPlaced,CS
6338,69.7,74.5,74.5,6.63,63,49,2.6,91.3,0,2,1,3,7,Male,No,Yes,NotPlaced,CE
6339,93.6,74.4,67.3,7.98,78,66,2.9,95.2,0,1,1,3,3,Female,Yes,No,Placed,ME
6340,90.2,80.6,72.4,8.73,77,74,5.0,93.8,0,2,1,2,17,Female,Yes,Yes,Placed,CS
6341,88.1,89.8,84.9,9.29,95,68,3.5,100.0,0,1,3,6,10,Male,Yes,Yes,Placed,ECE
6342,46.4,66.1,59.5,7.13,69,71,4.5,83.2,0,0,2,1,7,Male,Yes,Yes,NotPlaced,ECE
6343,80.8,47.8,59.8,6.94,65,74,2.9,91.6,1,2,2,3,8,Female,No,Yes,Placed,CE
6344,72.2,86.7,74.2,7.65,76,74,3.0,85.6,0,1,0,2,9,Male,No,No,Placed,CS
6345,68.7,82.8,65.9,7.71,58,73,3.7,84.3,0,2,1,2,15,Female,No,No,Placed,EE
6346,64.3,57.3,68.4,6.97,59,53,3.0,75.5,1,1,1,1,3,Female,Yes,Yes,Placed,CE
6347,93.0,75.1,73.5,9.2,81,63,4.5,82.7,0,2,1,1,12,Male,Yes,Yes,Placed,ME
6348,71.1,80.1,83.5,7.34,61,43,2.8,71.1,1,0,1,0,7,Male,No,No,NotPlaced,ME
6349,47.3,60.6,60.1,5.49,42,56,2.9,72.2,2,0,0,0,2,Male,No,No,NotPlaced,CE
6350,65.6,67.7,59.9,7.77,76,54,2.3,74.0,0,1,0,2,7,Female,Yes,Yes,NotPlaced,IT
6351,72.0,80.1,71.3,8.18,90,86,3.9,76.9,0,0,2,2,0,Female,Yes,Yes,Placed,IT
6352,68.7,66.5,61.6,6.76,62,71,4.2,89.0,1,3,2,1,17,Male,Yes,Yes,NotPlaced,CE
6353,67.4,59.6,70.9,7.86,72,71,3.7,76.3,1,0,0,2,3,Female,Yes,Yes,Placed,CE
6354,57.6,62.3,63.5,7.23,49,59,3.6,70.0,1,1,2,0,6,Female,No,Yes,NotPlaced,CE
6355,74.5,81.3,66.1,7.68,61,64,2.5,76.2,0,0,1,4,0,Female,No,No,NotPlaced,ECE
6356,70.4,74.0,60.2,6.59,64,52,3.7,82.9,0,1,5,2,5,Male,Yes,Yes,Placed,CS
6357,49.3,57.6,54.6,5.01,47,57,2.9,76.3,1,0,0,3,2,Male,No,Yes,NotPlaced,ME
6358,60.8,68.3,68.6,8.26,73,57,2.8,96.1,0,0,0,1,7,Male,Yes,Yes,Placed,CS
6359,70.9,74.5,67.0,7.2,70,89,3.0,81.3,0,3,4,3,21,Female,No,Yes,Placed,ECE
6360,64.1,55.9,51.7,6.7,56,71,2.9,84.9,0,0,3,1,2,Male,Yes,Yes,NotPlaced,CS
6361,74.4,86.2,75.5,7.75,87,63,4.1,82.4,0,0,2,0,6,Female,No,Yes,Placed,CS
6362,78.1,64.8,67.9,7.59,74,33,3.0,82.8,0,0,0,1,1,Male,No,No,Placed,ChemE
6363,62.6,68.2,64.9,8.17,84,71,3.5,96.6,0,1,0,3,7,Male,Yes,Yes,Placed,CE
6364,74.0,71.8,72.3,7.22,52,66,4.3,86.1,0,0,1,2,3,Male,Yes,Yes,Placed,CE
6365,81.2,76.3,76.0,7.93,84,58,4.0,92.7,0,1,1,2,6,Male,Yes,Yes,Placed,IT
6366,73.7,74.1,67.9,7.94,78,67,2.7,80.6,1,1,0,2,8,Female,Yes,Yes,Placed,IT
6367,54.6,51.8,64.8,6.45,38,36,4.0,77.2,2,0,0,1,0,Female,No,Yes,NotPlaced,ECE
6368,59.7,65.3,54.0,5.67,35,42,4.1,74.4,2,0,1,1,5,Female,No,No,NotPlaced,ME
6369,65.0,73.8,53.1,6.68,59,72,3.4,80.9,1,1,1,1,10,Female,No,Yes,NotPlaced,ME
6370,45.0,50.7,50.0,5.05,47,44,1.9,81.6,2,1,1,0,7,Male,Yes,Yes,Placed,CE
6371,81.5,64.9,71.4,8.61,94,78,2.6,82.1,0,0,4,7,4,Female,No,No,Placed,IT
6372,66.2,61.9,56.2,6.37,59,90,4.2,88.9,0,2,4,5,8,Male,Yes,Yes,Placed,CS
6373,73.0,67.1,77.8,7.57,92,63,3.2,73.3,0,2,2,2,16,Male,No,Yes,Placed,CS
6374,71.9,46.5,62.2,6.35,50,67,4.3,86.4,2,1,1,2,10,Male,Yes,Yes,NotPlaced,CE
6375,61.4,58.2,70.2,7.05,62,38,3.4,84.6,0,1,2,0,6,Female,No,No,NotPlaced,EE
6376,92.5,93.4,81.1,8.77,85,86,4.1,87.5,0,2,3,2,11,Female,Yes,No,Placed,CS
6377,79.7,79.8,81.9,8.06,85,70,3.4,97.9,0,1,2,2,11,Male,Yes,No,Placed,CS
6378,55.4,57.3,54.2,6.2,61,71,4.4,82.2,1,1,3,1,6,Male,Yes,Yes,Placed,CE
6379,73.7,84.9,66.8,8.21,84,77,4.3,97.0,0,2,2,3,17,Male,Yes,No,Placed,CE
6380,64.2,65.7,70.2,7.11,64,47,4.8,98.3,0,0,2,0,5,Female,Yes,Yes,Placed,ECE
6381,52.9,46.0,59.5,5.34,50,59,4.0,77.8,1,0,0,3,0,Female,No,No,NotPlaced,ME
6382,82.6,95.3,87.2,7.79,86,91,3.5,88.8,0,4,3,1,29,Female,No,No,Placed,EE
6383,73.5,76.4,67.5,8.9,63,60,3.3,95.0,0,0,3,1,0,Male,No,No,NotPlaced,ME
6384,73.0,81.7,78.4,8.33,81,72,4.0,93.6,0,3,1,2,18,Female,Yes,No,Placed,CE
6385,72.1,65.6,70.8,6.8,74,54,3.0,75.1,0,0,1,2,2,Female,Yes,Yes,Placed,ECE
6386,84.3,59.7,79.5,9.25,76,62,3.8,73.6,0,0,0,2,2,Male,Yes,Yes,Placed,EE
6387,68.3,69.4,72.2,7.7,68,67,4.5,79.8,0,3,0,1,16,Female,No,Yes,Placed,EE
6388,77.1,65.3,71.7,7.84,67,67,3.2,78.3,1,0,3,2,1,Male,Yes,Yes,Placed,ECE
6389,82.0,86.7,77.4,8.73,100,81,3.7,83.7,0,3,5,3,20,Female,Yes,Yes,Placed,CE
6390,55.7,50.6,59.2,6.25,60,69,3.7,85.8,2,0,0,4,0,Male,Yes,No,NotPlaced,EE
6391,71.1,65.0,68.2,6.69,49,65,4.6,83.0,0,1,1,2,7,Female,Yes,Yes,Placed,CE
6392,69.9,66.0,56.3,6.59,71,77,2.4,73.0,2,1,0,1,7,Female,No,No,Placed,ECE
6393,75.6,69.6,61.6,7.25,65,45,4.0,77.7,4,2,2,0,6,Female,Yes,No,NotPlaced,CE
6394,68.0,70.5,72.4,7.98,89,55,3.8,85.9,0,0,2,2,0,Female,Yes,Yes,Placed,ChemE
6395,52.2,45.0,59.2,6.21,57,60,2.9,75.4,3,0,1,1,5,Female,No,No,NotPlaced,EE
6396,67.3,53.2,64.6,6.78,51,62,3.8,96.9,0,0,1,2,3,Male,No,Yes,NotPlaced,ECE
6397,87.4,81.6,84.3,9.24,89,38,4.0,100.0,0,0,2,1,3,Female,No,No,Placed,ChemE
6398,69.5,55.9,71.6,7.24,72,82,4.9,67.8,3,0,2,1,2,Male,No,Yes,NotPlaced,ChemE
6399,69.6,69.6,72.2,7.42,73,97,3.2,81.8,1,2,0,0,15,Female,Yes,Yes,Placed,ECE
6400,68.9,59.0,61.7,6.81,87,78,4.0,81.1,0,0,4,2,5,Female,Yes,No,Placed,ECE
6401,52.6,59.0,62.9,7.11,61,50,5.0,78.3,2,1,0,1,9,Male,Yes,No,NotPlaced,CS
6402,74.8,56.4,65.8,6.56,66,80,4.5,87.1,0,1,1,0,7,Male,Yes,No,Placed,CS
6403,86.9,61.7,69.9,8.43,82,74,3.4,84.9,0,0,1,0,0,Female,Yes,Yes,NotPlaced,CE
6404,65.9,67.3,62.7,7.5,79,77,3.0,79.3,0,1,0,0,6,Male,No,No,NotPlaced,EE
6405,65.5,55.4,64.3,6.99,68,61,4.3,82.7,0,1,3,2,3,Female,No,Yes,Placed,ECE
6406,65.7,49.9,55.1,5.0,62,67,2.7,75.8,1,0,1,0,5,Female,Yes,No,NotPlaced,ME
6407,70.2,67.1,66.4,6.97,47,61,3.2,70.9,0,2,0,0,14,Male,Yes,Yes,Placed,CS
6408,75.9,70.1,70.6,7.54,74,48,3.7,87.7,1,2,1,3,15,Male,Yes,No,Placed,CS
6409,93.8,84.1,73.7,8.41,81,78,3.1,79.5,0,0,3,0,0,Female,No,Yes,Placed,ChemE
6410,80.6,51.2,56.6,6.4,67,75,3.7,79.4,0,0,1,1,3,Female,Yes,No,Placed,EE
6411,68.6,79.9,77.6,8.59,75,72,4.8,82.8,0,1,4,6,10,Male,Yes,No,Placed,IT
6412,56.1,59.1,48.8,6.43,54,68,3.6,82.6,1,2,1,1,15,Male,No,Yes,NotPlaced,ME
6413,88.9,79.6,76.5,8.55,78,70,3.9,90.2,1,0,3,0,0,Female,No,Yes,Placed,CS
6414,71.5,59.0,61.1,7.09,63,70,3.1,76.8,1,0,1,1,5,Female,Yes,No,NotPlaced,CS
6415,70.3,62.8,63.8,6.59,46,73,3.0,67.6,2,1,5,0,9,Female,No,No,NotPlaced,IT
6416,54.4,75.3,69.6,7.27,74,61,3.9,95.4,1,0,2,2,3,Female,Yes,Yes,Placed,CS
6417,57.4,58.5,65.6,6.34,83,86,3.4,80.7,0,1,0,1,12,Female,Yes,No,NotPlaced,ECE
6418,79.8,69.1,70.3,7.21,67,65,2.8,79.1,1,0,1,2,0,Male,No,Yes,Placed,ME
6419,75.0,80.9,74.5,7.14,65,39,3.0,84.6,0,0,0,3,2,Male,Yes,No,NotPlaced,EE
6420,75.7,70.6,72.0,8.01,72,52,4.2,87.2,0,2,1,0,8,Female,Yes,No,NotPlaced,ECE
6421,74.2,92.7,81.5,8.82,91,83,3.7,90.4,0,4,2,2,28,Male,Yes,No,Placed,IT
6422,72.1,77.2,69.6,7.71,89,64,1.9,81.1,1,1,1,1,4,Female,No,No,Placed,CS
6423,73.4,69.1,65.9,7.15,60,49,3.3,75.2,2,0,0,1,0,Female,No,Yes,NotPlaced,ECE
6424,61.1,63.5,61.9,7.0,76,58,4.3,69.9,1,0,2,2,0,Male,No,Yes,NotPlaced,ChemE
6425,64.7,65.0,71.8,6.67,56,55,4.9,80.3,1,0,0,1,5,Female,Yes,No,NotPlaced,ME
6426,71.1,58.1,64.3,6.59,68,85,4.7,89.4,0,1,0,4,10,Male,Yes,Yes,NotPlaced,ECE
6427,62.1,62.0,50.3,5.5,64,58,4.0,74.5,1,0,0,0,7,Male,Yes,No,NotPlaced,ME
6428,67.9,63.7,66.8,7.28,73,74,4.2,84.0,0,3,3,3,21,Male,Yes,No,Placed,CS
6429,80.1,85.0,73.4,7.82,75,99,3.6,77.9,2,2,1,1,12,Male,Yes,No,Placed,EE
6430,76.0,70.2,64.4,7.37,69,66,4.7,77.1,0,0,3,2,0,Male,Yes,Yes,Placed,CS
6431,62.0,76.6,68.1,7.08,67,52,3.2,83.9,0,2,0,1,12,Male,Yes,Yes,NotPlaced,ChemE
6432,80.9,56.0,54.8,7.43,67,91,3.7,73.9,0,1,5,1,9,Female,No,Yes,NotPlaced,ECE
6433,78.8,73.4,66.6,7.27,75,96,4.9,82.4,0,4,2,3,22,Female,No,No,Placed,ECE
6434,57.6,50.9,54.0,6.03,58,65,2.3,77.2,1,2,1,0,21,Female,Yes,No,NotPlaced,ECE
6435,64.2,58.1,59.2,6.91,44,59,2.7,74.3,1,0,3,1,3,Male,No,No,NotPlaced,ME
6436,82.0,69.3,69.2,7.12,68,67,5.0,78.1,0,1,0,0,3,Female,No,Yes,Placed,CE
6437,66.2,49.5,52.8,6.47,53,70,4.3,83.9,1,1,1,0,10,Male,Yes,No,NotPlaced,CS
6438,60.4,59.6,56.8,7.02,52,60,2.9,83.9,2,0,0,0,4,Female,No,Yes,NotPlaced,EE
6439,82.4,67.1,61.6,6.74,59,68,3.3,89.7,0,0,4,0,1,Female,Yes,No,Placed,ME
6440,52.3,54.9,58.7,6.56,58,64,3.9,88.1,0,1,1,2,8,Female,No,Yes,NotPlaced,ECE
6441,68.3,75.4,67.7,6.67,82,54,3.6,72.6,2,0,1,0,0,Female,No,Yes,NotPlaced,CE
6442,70.8,82.1,73.9,6.74,60,65,3.0,88.5,1,1,4,2,7,Male,Yes,No,NotPlaced,EE
6443,59.3,45.1,67.9,5.48,43,44,2.5,74.5,2,0,1,0,7,Male,No,No,NotPlaced,IT
6444,82.3,74.6,80.3,7.56,77,90,5.0,93.8,0,2,6,4,12,Female,Yes,No,Placed,CS
6445,54.1,74.9,64.1,6.7,39,59,4.5,81.8,0,0,2,3,7,Female,Yes,Yes,NotPlaced,CE
6446,60.9,53.7,49.1,6.78,50,77,2.5,78.3,1,0,1,2,1,Male,Yes,Yes,NotPlaced,ME
6447,78.8,71.6,80.9,6.39,71,58,3.4,73.2,1,0,0,4,2,Female,No,Yes,NotPlaced,ChemE
6448,63.8,76.1,73.8,7.49,67,71,4.2,88.3,0,4,0,2,28,Female,Yes,No,Placed,CS
6449,70.4,75.4,63.4,7.32,80,60,2.9,92.2,0,1,2,4,3,Male,Yes,Yes,Placed,CE
6450,80.1,97.6,95.4,8.59,78,84,3.6,84.8,0,2,1,1,16,Female,Yes,Yes,Placed,CS
6451,84.5,66.3,78.7,8.76,92,63,4.0,85.2,0,1,1,1,5,Female,Yes,Yes,Placed,IT
6452,73.0,69.4,71.2,7.54,59,74,4.6,84.1,0,1,2,1,7,Female,Yes,Yes,Placed,CE
6453,49.9,45.0,48.0,5.39,39,45,3.4,62.6,2,0,0,1,0,Male,No,Yes,NotPlaced,ME
6454,69.3,69.0,71.2,7.44,62,70,2.8,79.1,1,0,3,3,3,Male,No,No,NotPlaced,CE
6455,70.4,68.1,70.2,7.07,70,47,4.6,78.9,1,0,2,0,5,Male,No,Yes,NotPlaced,ChemE
6456,51.5,46.7,53.0,5.17,49,86,3.1,82.9,2,1,1,1,11,Female,No,Yes,NotPlaced,ChemE
6457,65.4,54.3,68.7,6.98,60,58,3.7,91.2,0,0,0,1,2,Female,No,Yes,Placed,CS
6458,80.1,59.0,66.9,6.77,62,53,3.5,76.6,1,0,2,1,5,Male,Yes,Yes,NotPlaced,ME
6459,46.6,68.9,52.5,5.3,69,50,4.9,64.5,1,0,0,0,8,Male,No,No,NotPlaced,ME
6460,75.6,60.1,69.8,7.73,80,67,4.5,86.3,1,1,1,1,9,Male,Yes,Yes,Placed,ECE
6461,65.1,79.7,63.5,7.71,68,68,3.7,69.4,0,2,0,1,16,Female,No,Yes,NotPlaced,ECE
6462,85.3,60.6,63.1,7.29,58,56,2.7,78.8,1,0,0,1,2,Male,Yes,No,NotPlaced,ChemE
6463,75.1,73.4,69.9,7.92,67,73,3.4,96.3,0,1,1,3,15,Female,Yes,No,Placed,IT
6464,72.5,96.4,85.7,8.31,69,69,4.0,78.1,0,1,2,1,9,Male,No,Yes,NotPlaced,EE
6465,51.0,55.4,51.0,5.32,63,83,3.3,77.7,4,3,2,2,12,Male,No,No,NotPlaced,CE
6466,50.4,46.7,56.9,6.42,45,38,3.4,84.8,0,0,0,1,6,Female,Yes,Yes,NotPlaced,CE
6467,62.3,61.8,62.2,6.53,72,60,3.1,75.5,1,2,1,0,15,Female,No,Yes,NotPlaced,EE
6468,82.8,76.5,69.4,8.35,83,64,3.6,89.7,0,0,3,0,7,Female,Yes,Yes,NotPlaced,ME
6469,78.4,74.3,60.4,6.92,63,66,3.8,78.5,1,0,0,1,0,Male,No,Yes,NotPlaced,CS
6470,83.2,73.9,73.1,7.66,71,94,3.5,78.4,1,1,7,3,6,Male,No,No,Placed,CS
6471,69.7,67.0,67.3,7.27,75,78,2.4,86.9,1,1,2,5,5,Female,Yes,No,Placed,ECE
6472,83.4,91.5,80.4,8.5,64,69,3.3,81.3,0,3,2,0,21,Male,Yes,Yes,Placed,CE
6473,79.5,84.3,69.4,6.62,71,77,3.6,79.5,0,1,0,1,8,Female,No,Yes,Placed,ECE
6474,83.8,70.3,66.8,6.36,81,76,2.9,58.3,1,1,2,0,8,Male,No,No,NotPlaced,IT
6475,65.5,62.7,58.8,7.62,57,91,5.0,83.6,0,1,5,1,6,Female,Yes,No,Placed,CS
6476,81.8,47.4,62.6,7.47,68,70,2.6,74.5,1,3,0,0,15,Male,No,No,Placed,CE
6477,66.4,62.4,72.8,7.46,73,75,3.1,88.9,0,1,1,2,8,Female,Yes,Yes,Placed,IT
6478,73.7,50.0,61.6,6.69,43,27,3.6,76.5,0,0,0,1,10,Female,Yes,No,NotPlaced,CE
6479,72.6,75.1,78.1,8.19,66,80,4.5,85.6,0,2,1,1,15,Female,No,No,Placed,CE
6480,64.3,74.6,72.1,7.78,81,63,3.5,65.2,0,1,1,0,5,Female,Yes,Yes,NotPlaced,ChemE
6481,59.1,74.1,63.8,6.09,58,54,1.9,59.4,1,0,1,0,0,Female,No,Yes,NotPlaced,CS
6482,62.7,76.3,73.3,7.58,48,54,3.0,63.0,0,0,3,0,2,Female,No,Yes,NotPlaced,ECE
6483,87.0,77.2,90.7,8.87,79,53,3.3,69.6,0,0,1,1,2,Male,No,Yes,Placed,ECE
6484,90.8,82.6,77.3,8.02,91,79,3.2,80.2,0,2,4,2,9,Male,Yes,Yes,Placed,ECE
6485,57.1,73.9,81.4,7.2,64,60,4.1,76.6,0,1,0,1,13,Female,No,No,Placed,ECE
6486,74.1,61.2,87.4,8.27,88,63,4.2,70.4,1,0,5,7,1,Male,No,No,Placed,CE
6487,61.1,59.9,59.1,7.7,43,59,3.5,80.6,1,0,1,0,2,Male,Yes,No,NotPlaced,EE
6488,73.0,60.4,59.9,6.78,66,34,4.1,71.6,1,1,0,1,9,Female,No,Yes,NotPlaced,CE
6489,99.0,99.0,90.1,9.78,87,91,3.7,95.8,0,1,0,2,3,Female,Yes,Yes,Placed,CS
6490,72.7,75.2,72.1,7.75,68,72,4.9,72.0,4,2,0,1,6,Female,No,Yes,NotPlaced,CE
6491,73.0,66.1,66.6,8.01,84,86,3.9,94.9,0,0,2,1,5,Female,No,Yes,NotPlaced,EE
6492,73.6,81.2,78.2,8.88,94,82,2.8,73.2,0,1,3,2,10,Male,Yes,No,Placed,CE
6493,91.6,79.3,75.6,7.36,93,94,2.6,84.3,0,0,4,2,3,Male,Yes,No,Placed,ME
6494,78.8,64.8,64.7,6.97,70,29,3.6,88.9,1,1,1,1,6,Female,Yes,Yes,Placed,CS
6495,53.7,63.1,68.2,6.78,61,56,4.5,71.9,1,0,2,1,8,Male,Yes,No,NotPlaced,CS
6496,85.4,85.2,88.1,8.72,59,62,3.7,82.3,0,2,0,2,22,Female,No,Yes,Placed,EE
6497,70.1,88.0,69.1,8.16,67,89,3.3,88.3,0,2,3,1,7,Male,Yes,Yes,Placed,CS
6498,56.3,66.6,68.2,6.04,36,47,2.4,79.3,0,0,0,1,1,Male,Yes,No,NotPlaced,ChemE
6499,75.7,81.5,92.1,9.21,87,100,3.7,90.2,0,0,2,6,0,Female,No,Yes,Placed,ME
6500,64.1,76.1,67.2,7.47,82,81,3.9,76.3,0,0,4,1,1,Male,Yes,Yes,Placed,CS
6501,69.9,65.6,60.9,6.81,71,60,3.2,72.5,1,0,2,2,1,Male,Yes,Yes,NotPlaced,CS
6502,81.8,73.9,62.4,7.5,64,42,3.6,88.9,0,2,0,0,12,Female,No,Yes,NotPlaced,EE
6503,79.7,82.6,79.2,9.18,80,86,4.1,87.8,0,2,4,2,11,Male,Yes,Yes,Placed,ECE
6504,78.1,54.1,71.4,6.67,82,79,3.8,64.6,0,1,1,0,4,Male,No,Yes,Placed,ChemE
6505,72.8,66.3,64.9,6.77,74,67,3.5,68.5,1,0,1,0,0,Female,No,Yes,NotPlaced,ECE
6506,78.6,75.6,71.0,6.99,63,75,3.1,86.9,0,1,1,1,10,Female,No,No,Placed,ME
6507,79.8,59.3,63.6,6.5,61,65,4.1,86.6,1,0,3,5,0,Female,No,No,Placed,CS
6508,69.0,73.9,57.6,6.54,62,55,2.1,70.8,0,0,1,1,2,Male,Yes,Yes,NotPlaced,ME
6509,89.3,70.0,75.2,7.8,92,94,2.8,69.1,0,2,6,2,15,Female,No,No,Placed,IT
6510,63.9,81.7,79.1,7.4,67,46,3.4,82.0,0,1,2,0,6,Female,No,Yes,NotPlaced,ChemE
6511,66.2,47.0,48.0,5.86,52,61,2.2,86.6,1,0,1,2,3,Female,Yes,No,NotPlaced,CE
6512,84.0,73.1,69.8,7.98,59,64,2.8,92.2,1,0,2,2,4,Male,Yes,No,NotPlaced,ME
6513,76.6,74.6,82.1,8.68,68,74,3.1,87.1,0,1,2,2,6,Female,No,No,Placed,CS
6514,58.2,82.3,80.9,8.29,72,34,4.7,87.1,0,0,3,2,1,Female,Yes,Yes,Placed,IT
6515,61.3,74.5,69.0,7.3,62,68,3.8,75.7,0,0,2,3,4,Female,Yes,No,NotPlaced,IT
6516,74.5,73.9,83.3,8.08,72,81,3.8,83.8,0,3,4,2,20,Female,No,Yes,Placed,IT
6517,72.4,60.3,62.2,6.77,71,68,4.9,76.1,0,1,1,0,4,Male,No,Yes,NotPlaced,IT
6518,74.6,75.5,87.4,8.16,75,63,3.8,78.6,0,0,1,2,4,Male,No,Yes,Placed,EE
6519,73.2,99.0,62.4,8.23,69,49,3.0,78.1,1,0,0,0,2,Female,Yes,Yes,Placed,EE
6520,64.5,68.2,68.8,6.7,60,87,3.6,73.9,0,0,2,2,0,Female,No,Yes,NotPlaced,CE
6521,68.0,67.8,65.6,7.31,75,75,4.4,76.4,1,0,2,0,7,Female,No,Yes,NotPlaced,ME
6522,60.6,61.5,58.7,6.62,63,57,3.8,71.1,1,0,2,0,3,Female,Yes,No,NotPlaced,CE
6523,59.3,47.5,64.3,6.76,77,92,3.1,81.5,0,0,3,1,5,Male,Yes,Yes,Placed,EE
6524,71.8,70.5,59.1,7.13,66,74,3.9,80.5,0,1,1,0,6,Male,Yes,No,NotPlaced,ME
6525,71.9,64.5,63.8,6.3,60,74,3.8,86.4,0,0,4,0,5,Male,Yes,Yes,Placed,EE
6526,63.0,55.1,78.5,7.55,73,60,3.3,94.5,0,1,1,5,6,Male,Yes,Yes,NotPlaced,ECE
6527,68.3,83.4,61.8,6.9,69,47,3.2,79.0,1,0,1,0,0,Male,Yes,Yes,NotPlaced,ME
6528,70.9,80.3,76.1,7.83,74,61,3.0,74.5,0,1,1,2,6,Female,No,No,Placed,ME
6529,68.6,71.4,85.4,7.94,70,65,4.3,91.9,0,3,1,1,19,Male,No,Yes,Placed,CS
6530,77.1,69.7,71.3,7.58,66,75,3.4,73.1,2,1,1,0,5,Male,No,No,Placed,ECE
6531,93.9,70.4,68.3,7.94,89,77,4.2,82.1,0,2,5,0,9,Female,No,Yes,Placed,IT
6532,79.2,67.6,81.9,8.26,89,80,4.0,87.9,0,1,1,2,6,Female,Yes,No,Placed,ChemE
6533,87.5,69.9,75.0,7.93,70,68,2.7,89.8,0,0,1,2,6,Female,Yes,No,NotPlaced,ME
6534,62.9,63.4,64.0,6.89,54,44,3.0,77.6,2,1,0,0,11,Male,No,Yes,NotPlaced,ME
6535,78.2,65.9,84.9,8.52,94,76,3.9,86.7,0,2,3,1,8,Female,Yes,No,Placed,EE
6536,84.1,63.5,60.4,7.33,51,40,3.7,75.4,0,0,0,1,0,Male,Yes,Yes,NotPlaced,CE
6537,55.2,50.7,48.0,5.9,53,46,4.4,84.7,0,1,0,0,16,Male,No,No,NotPlaced,ME
6538,69.4,56.9,64.5,6.85,60,52,2.9,80.8,0,0,0,1,9,Male,No,No,NotPlaced,ME
6539,70.9,76.7,66.2,7.19,70,53,4.0,84.0,5,0,0,0,0,Male,Yes,No,NotPlaced,ME
6540,74.4,79.5,76.8,8.74,71,80,2.9,96.6,0,1,3,1,4,Male,No,Yes,Placed,ChemE
6541,70.5,72.2,65.4,7.88,76,72,3.2,84.6,0,2,3,2,18,Male,Yes,No,Placed,CS
6542,65.0,65.1,82.7,8.11,87,88,3.7,79.1,1,0,3,1,0,Female,No,Yes,NotPlaced,ME
6543,82.0,70.5,71.3,7.72,73,75,3.4,67.2,0,1,3,0,7,Male,Yes,No,Placed,CS
6544,78.4,66.4,73.1,7.69,74,53,4.6,97.1,0,0,1,2,2,Male,Yes,Yes,NotPlaced,ChemE
6545,68.0,53.1,59.4,6.77,63,69,3.5,81.1,1,1,2,2,9,Male,Yes,No,Placed,ECE
6546,66.9,77.0,68.0,7.49,82,75,3.4,87.2,0,0,1,2,5,Male,Yes,Yes,Placed,IT
6547,77.0,62.3,73.5,8.01,86,76,3.8,89.4,0,1,4,2,14,Female,No,Yes,Placed,CS
6548,70.3,61.8,57.5,6.66,55,64,3.4,90.7,1,3,2,0,16,Female,Yes,No,Placed,ChemE
6549,91.0,88.9,88.4,9.27,93,75,3.8,76.5,0,3,3,2,13,Male,No,Yes,Placed,CS
6550,70.8,53.4,60.2,5.96,66,56,1.0,71.8,0,1,0,0,9,Female,No,No,Placed,EE
6551,79.0,85.2,77.6,7.84,80,66,3.9,69.4,1,2,1,0,14,Male,No,Yes,Placed,ECE
6552,79.0,73.6,79.2,7.74,81,75,3.5,75.3,0,1,4,2,10,Male,No,Yes,Placed,ME
6553,73.9,60.4,69.8,6.85,57,49,2.8,78.6,1,2,0,0,12,Male,No,Yes,Placed,ME
6554,73.0,69.3,73.4,7.88,68,71,4.2,82.8,0,2,3,2,13,Male,Yes,Yes,Placed,CE
6555,52.0,59.6,62.7,6.57,60,70,3.7,85.6,0,1,1,0,6,Male,Yes,Yes,Placed,IT
6556,71.8,68.9,63.1,7.69,82,69,3.2,70.7,2,1,1,4,8,Male,No,Yes,Placed,ECE
6557,75.0,67.3,73.8,8.1,93,94,3.3,99.6,0,3,2,4,13,Male,Yes,No,Placed,IT
6558,59.3,50.5,58.9,6.23,63,68,2.4,76.6,0,1,1,1,4,Female,No,No,Placed,ME
6559,87.9,77.4,88.6,7.97,83,78,4.5,81.1,0,4,0,1,15,Male,Yes,Yes,Placed,ECE
6560,58.1,45.6,48.0,5.75,35,56,3.2,62.1,0,1,0,1,10,Female,Yes,Yes,NotPlaced,ECE
6561,67.0,79.2,58.2,7.14,69,75,3.1,81.4,1,0,4,2,4,Female,No,No,NotPlaced,CS
6562,80.8,75.4,74.2,8.48,90,93,4.6,83.5,0,2,1,3,13,Female,Yes,Yes,Placed,IT
6563,73.9,74.0,66.9,8.34,57,54,2.6,92.5,0,2,2,3,11,Female,Yes,No,Placed,CS
6564,72.5,65.6,67.4,7.33,85,63,3.2,84.8,0,0,1,6,3,Male,Yes,No,Placed,ECE
6565,68.9,63.9,58.7,7.54,74,77,2.8,72.9,0,1,3,1,6,Female,No,Yes,Placed,CS
6566,80.9,88.0,81.2,7.98,82,56,1.9,83.1,1,0,0,0,1,Female,No,Yes,NotPlaced,ECE
6567,68.3,81.3,75.5,7.62,73,65,3.1,74.3,0,1,1,2,8,Male,No,Yes,Placed,ECE
6568,71.4,79.5,78.5,7.55,82,87,3.4,82.2,0,1,3,3,7,Female,No,No,Placed,ChemE
6569,80.3,81.2,78.7,8.06,86,97,3.4,80.5,0,1,3,3,4,Female,Yes,No,Placed,CS
6570,68.4,51.6,67.9,6.81,83,70,3.1,83.3,0,0,1,0,2,Male,No,Yes,Placed,CS
6571,61.2,73.6,71.6,7.52,77,67,3.5,84.2,0,1,3,2,5,Male,Yes,No,Placed,IT
6572,59.1,58.4,65.7,7.18,60,63,2.8,67.7,2,0,1,4,5,Female,No,No,NotPlaced,CS
6573,62.7,63.2,58.6,7.1,59,65,3.6,77.9,0,2,1,1,9,Male,Yes,Yes,Placed,CE
6574,79.2,94.5,58.3,7.3,63,65,3.0,75.1,0,4,4,2,31,Male,No,No,Placed,EE
6575,73.3,57.6,68.2,7.37,45,65,4.2,78.8,0,0,0,0,7,Female,No,Yes,NotPlaced,CE
6576,76.4,70.6,70.6,7.99,68,71,3.1,74.2,0,0,0,0,1,Male,Yes,Yes,Placed,CS
6577,72.1,69.2,64.2,7.73,67,51,3.1,86.8,0,1,1,0,8,Male,Yes,No,NotPlaced,EE
6578,76.3,79.0,81.1,8.3,89,93,4.2,81.9,0,1,5,3,13,Female,No,Yes,Placed,CS
6579,72.1,65.6,65.7,8.16,86,90,4.3,81.9,1,2,3,0,11,Male,Yes,Yes,Placed,CS
6580,73.6,69.6,65.4,7.45,88,82,3.7,87.4,0,2,2,1,7,Male,No,Yes,Placed,CS
6581,65.6,56.1,64.0,7.29,59,71,4.3,76.1,1,3,4,1,25,Female,No,Yes,Placed,ECE
6582,85.7,83.1,82.4,8.46,77,81,3.0,90.0,0,1,1,6,7,Male,No,Yes,Placed,CS
6583,78.8,77.5,72.4,8.28,80,81,5.0,87.8,0,1,0,2,10,Male,Yes,Yes,Placed,CS
6584,76.0,70.0,77.1,7.49,47,48,3.9,92.7,0,0,0,0,0,Female,No,No,Placed,IT
6585,84.8,80.5,88.3,8.03,76,64,3.9,89.6,0,0,1,0,3,Female,Yes,No,Placed,ME
6586,62.0,75.9,70.3,6.56,63,66,3.5,62.5,3,2,2,0,16,Female,No,No,NotPlaced,EE
6587,73.6,78.9,82.3,8.07,60,72,3.1,86.1,1,1,0,1,5,Male,No,Yes,NotPlaced,CE
6588,77.3,69.8,72.9,7.48,63,79,3.2,83.4,0,3,4,4,17,Male,Yes,Yes,Placed,ME
6589,88.7,77.0,75.5,7.45,73,75,3.0,86.7,0,0,2,4,0,Male,No,No,Placed,ECE
6590,76.8,68.1,62.9,7.77,64,68,3.6,70.1,3,1,2,3,13,Male,Yes,No,Placed,ECE
6591,47.9,70.5,62.2,6.59,69,85,1.5,79.9,0,1,5,3,12,Female,Yes,No,NotPlaced,CS
6592,75.7,75.2,83.6,8.44,93,75,4.8,95.8,0,1,2,2,7,Female,Yes,Yes,Placed,CS
6593,75.1,90.1,62.1,7.46,78,52,3.7,84.9,1,1,2,2,6,Female,Yes,Yes,Placed,CE
6594,63.1,70.6,74.8,7.39,68,61,2.4,82.0,0,1,4,1,5,Male,No,No,Placed,CE
6595,50.6,78.5,52.1,5.51,58,54,2.0,80.3,2,0,0,2,3,Female,No,No,NotPlaced,ChemE
6596,77.5,97.0,75.1,7.58,71,74,5.0,95.0,0,0,2,3,2,Male,Yes,Yes,Placed,IT
6597,77.6,69.3,76.1,7.46,77,60,3.4,84.8,0,1,4,2,8,Male,Yes,Yes,Placed,ECE
6598,74.5,69.7,68.2,7.48,61,68,3.5,78.5,3,0,2,0,5,Male,No,No,NotPlaced,CE
6599,77.4,81.7,75.2,8.32,82,72,3.3,77.7,0,1,3,1,9,Male,Yes,No,Placed,ECE
6600,65.7,74.1,60.9,6.5,90,89,3.5,87.3,1,0,4,1,0,Female,No,Yes,Placed,CS
6601,61.2,66.1,56.3,7.33,63,41,4.5,76.5,1,0,0,0,6,Male,Yes,No,Placed,EE
6602,77.5,81.5,59.6,7.67,82,89,4.1,82.7,0,0,3,4,3,Male,No,Yes,Placed,EE
6603,67.3,47.3,68.1,6.89,54,71,3.5,72.4,1,0,1,0,0,Male,Yes,No,NotPlaced,ChemE
6604,84.6,71.5,74.0,7.87,80,86,4.2,100.0,0,0,2,0,2,Male,Yes,Yes,Placed,CE
6605,78.4,74.4,70.0,7.2,80,69,4.4,80.4,0,1,3,0,7,Male,Yes,Yes,NotPlaced,CE
6606,47.9,48.9,57.5,6.52,60,44,3.5,65.7,1,0,1,0,2,Male,No,Yes,NotPlaced,ECE
6607,72.4,59.3,68.0,7.63,69,79,4.0,73.3,0,0,4,1,2,Male,Yes,Yes,Placed,CE
6608,80.3,79.2,67.0,8.02,69,60,4.4,89.7,0,2,1,1,9,Female,No,No,Placed,EE
6609,55.2,56.8,70.8,6.81,85,71,3.3,72.4,1,2,4,2,10,Male,No,Yes,NotPlaced,ME
6610,69.9,63.0,71.1,7.28,75,87,2.9,88.2,0,1,2,1,4,Female,Yes,No,Placed,IT
6611,62.1,63.0,57.2,5.45,35,52,2.8,73.2,1,0,0,0,0,Male,Yes,No,NotPlaced,ChemE
6612,80.8,73.3,59.8,6.43,61,74,3.6,86.0,0,0,0,1,6,Male,No,Yes,NotPlaced,ChemE
6613,75.7,74.2,78.6,8.87,68,48,3.1,74.6,1,3,2,4,20,Female,No,No,NotPlaced,IT
6614,65.1,55.1,65.5,7.14,57,80,4.6,66.0,2,0,5,1,2,Male,No,Yes,NotPlaced,ME
6615,80.6,59.4,66.2,7.51,67,70,2.7,68.4,0,0,2,0,4,Female,No,No,NotPlaced,ECE
6616,62.8,73.6,70.0,7.09,73,70,3.1,90.9,1,1,2,0,10,Male,Yes,Yes,Placed,EE
6617,78.9,78.2,62.6,7.39,84,72,2.9,68.5,0,0,2,3,2,Female,No,Yes,NotPlaced,CS
6618,71.6,69.0,64.0,7.45,79,67,3.5,81.0,0,2,2,1,11,Male,Yes,Yes,NotPlaced,ChemE
6619,71.9,73.6,73.3,7.94,69,78,4.4,88.3,1,2,2,1,10,Male,No,No,Placed,EE
6620,72.8,56.6,63.2,7.26,76,100,3.6,84.3,1,2,2,4,13,Male,Yes,Yes,Placed,ChemE
6621,77.4,80.7,80.6,8.11,70,55,3.2,77.2,1,0,2,0,1,Male,Yes,No,NotPlaced,IT
6622,91.2,79.0,78.5,8.07,95,82,3.0,82.1,2,2,0,2,10,Male,No,No,Placed,EE
6623,45.0,55.9,54.3,5.48,61,71,2.5,71.8,1,0,1,0,4,Male,No,No,NotPlaced,ME
6624,58.3,59.0,58.6,6.06,52,50,3.5,74.6,1,0,1,1,2,Female,No,No,Placed,IT
6625,56.5,46.9,53.5,5.38,45,50,1.5,61.9,4,0,0,0,0,Male,Yes,No,NotPlaced,ME
6626,70.8,79.0,67.1,6.96,82,76,2.4,89.7,0,3,1,1,18,Female,Yes,No,Placed,ECE
6627,71.2,49.5,66.2,6.57,44,50,3.3,74.6,0,0,0,1,1,Male,No,Yes,NotPlaced,EE
6628,67.0,68.0,62.8,7.55,65,46,3.8,74.3,1,0,1,0,4,Male,Yes,Yes,NotPlaced,ECE
6629,79.7,78.1,77.4,8.6,78,73,4.2,93.9,0,2,2,2,7,Female,Yes,Yes,Placed,IT
6630,82.0,88.1,75.1,8.22,72,56,4.1,88.4,0,2,2,1,13,Female,No,Yes,NotPlaced,ECE
6631,60.7,59.4,48.0,5.4,71,68,2.7,76.2,1,0,2,2,4,Female,Yes,Yes,NotPlaced,EE
6632,61.7,69.0,64.3,6.4,74,87,4.5,87.4,0,1,2,2,8,Male,Yes,Yes,Placed,EE
6633,74.2,67.4,72.3,7.49,82,74,3.3,90.5,0,1,0,2,4,Female,Yes,Yes,Placed,ChemE
6634,66.9,84.0,61.1,7.73,62,81,3.5,72.9,3,0,3,1,2,Female,No,No,NotPlaced,ME
6635,60.1,73.6,63.1,6.91,74,56,3.6,85.0,2,1,2,3,9,Female,No,Yes,Placed,CE
6636,79.0,62.0,63.2,6.43,79,80,4.6,85.1,2,1,1,3,4,Female,No,No,Placed,IT
6637,83.7,86.4,88.3,9.36,96,81,4.9,87.1,0,2,0,4,6,Female,Yes,No,Placed,ECE
6638,54.1,60.4,51.1,5.93,47,51,3.0,81.4,3,0,1,0,2,Female,No,No,NotPlaced,EE
6639,46.9,45.8,58.0,5.42,46,58,2.0,79.6,0,1,2,0,6,Male,No,Yes,NotPlaced,CE
6640,92.0,78.2,81.1,9.06,85,72,3.7,84.1,0,0,1,1,4,Female,No,Yes,Placed,CE
6641,74.4,77.0,67.3,8.9,69,68,4.0,97.4,0,0,0,4,3,Male,No,Yes,Placed,CS
6642,81.9,50.4,67.0,7.05,56,53,4.2,73.2,1,0,0,0,0,Male,Yes,Yes,NotPlaced,ECE
6643,75.7,72.6,58.4,6.72,75,67,3.3,96.8,0,3,2,4,12,Male,Yes,Yes,Placed,ChemE
6644,75.1,80.7,70.3,7.68,76,69,3.9,82.8,0,2,2,1,16,Male,Yes,Yes,Placed,ECE
6645,64.8,67.3,65.1,7.14,67,66,3.3,86.6,0,2,0,3,12,Male,No,No,Placed,ECE
6646,66.2,73.7,63.7,6.34,53,33,4.7,82.5,2,0,0,0,3,Female,Yes,No,NotPlaced,IT
6647,76.1,77.1,68.2,7.35,52,65,3.2,72.9,1,0,1,1,0,Female,No,No,NotPlaced,CS
6648,78.6,69.3,77.4,8.8,81,100,3.5,83.4,0,0,3,1,1,Female,No,No,Placed,CS
6649,56.3,54.4,49.4,5.32,46,74,3.1,63.5,1,2,0,1,9,Female,No,No,NotPlaced,CE
6650,63.9,65.2,66.3,6.74,64,54,2.6,69.2,1,0,1,1,7,Female,No,Yes,NotPlaced,IT
6651,90.4,69.4,73.9,7.91,71,75,3.2,86.6,0,1,4,3,7,Male,Yes,No,Placed,CS
6652,78.2,87.5,65.3,8.11,59,58,3.2,93.5,0,3,0,2,22,Female,Yes,No,NotPlaced,CE
6653,55.9,68.5,64.8,6.61,65,72,2.1,71.7,1,2,2,0,10,Female,No,No,NotPlaced,ME
6654,49.3,48.2,48.0,6.31,52,43,2.7,77.3,2,0,0,1,0,Male,No,No,NotPlaced,ChemE
6655,67.4,69.5,66.7,6.94,52,60,2.1,70.5,0,0,0,0,1,Female,Yes,No,NotPlaced,ME
6656,88.0,65.8,73.3,6.9,70,63,3.5,86.9,0,4,0,2,21,Male,Yes,No,Placed,EE
6657,62.1,56.7,61.4,6.84,47,50,3.5,89.6,0,1,0,2,7,Male,Yes,Yes,Placed,ME
6658,69.5,82.5,65.9,7.39,69,55,3.5,93.7,0,0,0,5,3,Female,No,Yes,Placed,CS
6659,75.3,87.2,67.2,7.05,57,72,3.9,94.5,0,1,0,2,6,Male,Yes,Yes,Placed,EE
6660,84.8,90.8,70.4,7.2,63,38,4.5,81.3,0,3,1,1,11,Male,Yes,No,Placed,ME
6661,68.2,62.8,66.9,6.07,72,82,4.0,91.4,1,2,0,3,10,Male,No,Yes,Placed,IT
6662,64.0,61.1,63.1,6.32,58,56,2.7,74.1,0,0,4,2,4,Male,No,Yes,Placed,EE
6663,75.1,90.3,75.8,8.11,90,55,2.6,88.1,0,1,2,1,12,Male,Yes,No,Placed,CS
6664,65.5,69.7,75.0,7.7,77,70,3.7,77.0,0,1,5,0,11,Female,Yes,No,Placed,IT
6665,65.1,63.8,74.9,7.87,79,79,3.0,96.1,0,1,1,1,7,Male,Yes,No,Placed,ChemE
6666,71.2,85.5,64.0,7.39,68,56,4.2,83.0,0,1,3,0,5,Female,No,No,NotPlaced,EE
6667,76.2,68.4,82.6,8.57,92,82,3.5,73.9,1,0,4,3,0,Female,Yes,No,Placed,ME
6668,71.0,82.8,80.4,7.45,40,56,4.1,75.7,2,0,0,1,0,Male,Yes,No,NotPlaced,CE
6669,78.4,80.8,72.1,8.01,77,66,2.8,84.4,0,0,3,1,4,Male,Yes,Yes,Placed,IT
6670,72.2,90.3,76.0,7.92,65,55,4.2,84.7,0,1,1,2,14,Male,No,No,NotPlaced,EE
6671,66.8,73.9,65.9,7.47,56,67,3.4,77.6,1,1,0,0,6,Male,Yes,Yes,NotPlaced,CS
6672,73.3,70.6,77.0,8.09,72,63,3.9,89.9,0,3,3,0,19,Male,Yes,Yes,Placed,ME
6673,75.7,82.9,77.1,8.07,71,60,2.2,82.8,0,1,0,0,7,Female,No,Yes,NotPlaced,EE
6674,69.8,61.8,68.8,6.67,55,83,3.4,73.2,2,0,3,1,0,Female,No,No,Placed,CS
6675,56.5,56.0,53.4,6.57,49,61,4.5,83.7,0,1,0,1,9,Female,No,Yes,NotPlaced,ME
6676,74.0,53.9,64.8,7.22,57,68,3.5,76.9,0,1,2,0,4,Male,Yes,Yes,Placed,ECE
6677,77.3,72.7,77.4,8.02,69,88,2.5,83.2,0,0,3,1,0,Male,No,Yes,NotPlaced,ME
6678,79.7,61.5,70.1,8.04,85,84,4.7,94.2,0,1,1,2,4,Male,Yes,No,Placed,ME
6679,73.5,82.0,71.2,7.78,62,45,3.4,88.7,0,1,4,3,5,Male,No,No,Placed,ChemE
6680,58.6,45.0,48.0,5.36,60,63,2.2,82.2,2,0,2,3,0,Female,No,No,NotPlaced,EE
6681,67.5,65.4,70.9,6.68,64,63,5.0,81.8,1,1,1,1,12,Male,No,No,NotPlaced,EE
6682,71.6,63.3,65.2,6.81,73,59,2.7,88.0,0,1,2,2,10,Male,Yes,No,Placed,EE
6683,75.0,65.5,66.3,6.56,54,62,3.4,68.1,0,0,0,2,0,Female,Yes,Yes,NotPlaced,ME
6684,60.2,54.2,62.3,6.14,66,67,4.5,74.7,3,0,4,1,0,Female,No,No,NotPlaced,CE
6685,83.6,95.3,77.3,8.87,83,75,3.8,100.0,0,0,4,7,2,Male,Yes,Yes,Placed,IT
6686,88.7,84.4,92.4,8.11,78,91,3.4,73.1,0,1,5,0,4,Male,No,Yes,Placed,CS
6687,62.4,63.8,56.3,6.58,88,88,4.0,78.5,3,0,4,0,2,Male,Yes,No,NotPlaced,ME
6688,57.3,54.6,71.8,6.0,64,55,4.8,76.5,0,0,0,0,0,Male,No,Yes,NotPlaced,ME
6689,72.2,71.2,54.7,6.59,58,49,3.6,86.0,0,0,0,2,1,Male,Yes,Yes,Placed,ChemE
6690,61.0,72.6,61.0,6.05,71,65,1.4,66.3,2,1,3,0,12,Male,Yes,No,Placed,CE
6691,64.5,73.6,48.0,5.26,56,61,3.6,72.3,1,1,2,0,9,Male,No,Yes,NotPlaced,ECE
6692,70.1,64.1,78.8,7.77,73,78,4.4,70.5,1,1,2,3,5,Male,Yes,No,NotPlaced,EE
6693,47.1,48.3,48.0,5.3,38,32,3.6,88.4,1,1,0,0,12,Female,No,No,NotPlaced,EE
6694,70.7,53.3,61.9,7.31,65,57,5.0,89.4,1,2,4,1,17,Male,Yes,Yes,Placed,IT
6695,64.3,63.6,57.6,6.17,59,56,3.1,82.0,3,0,1,3,1,Male,Yes,Yes,NotPlaced,ECE
6696,80.0,65.2,82.2,8.26,70,59,2.4,79.2,1,0,0,2,5,Female,Yes,Yes,NotPlaced,EE
6697,72.8,68.7,71.9,7.28,71,67,3.8,100.0,0,1,3,1,6,Female,Yes,No,Placed,CE
6698,61.1,72.4,60.5,6.9,60,67,2.8,83.4,2,1,0,0,7,Female,Yes,No,NotPlaced,ECE
6699,88.8,75.8,76.1,8.19,66,64,5.0,74.8,0,0,3,0,4,Female,Yes,Yes,NotPlaced,ME
6700,67.4,70.7,79.5,8.17,87,81,3.6,86.0,0,2,3,1,14,Male,Yes,Yes,Placed,CS
6701,45.0,55.4,48.0,5.0,41,72,2.7,71.6,1,0,1,0,0,Male,No,Yes,NotPlaced,ME
6702,77.6,81.4,74.9,7.65,66,90,4.4,85.2,0,1,1,3,4,Female,Yes,No,Placed,ECE
6703,62.9,56.6,64.0,7.3,62,64,3.1,73.2,0,0,2,1,3,Male,No,No,NotPlaced,EE
6704,66.5,67.6,68.6,6.82,57,52,2.9,66.9,2,2,2,1,10,Male,No,No,NotPlaced,ChemE
6705,45.0,45.0,48.0,5.0,35,61,4.3,55.2,4,0,0,0,0,Female,No,No,NotPlaced,CE
6706,71.6,79.6,77.9,7.76,59,66,2.9,79.1,0,0,1,0,3,Male,No,Yes,NotPlaced,ECE
6707,83.1,79.4,73.7,8.3,75,67,3.8,82.4,0,1,2,1,7,Male,Yes,Yes,Placed,CS
6708,60.5,74.0,57.6,6.61,59,83,3.8,80.5,2,1,3,2,12,Male,No,Yes,Placed,ECE
6709,84.0,82.6,87.8,9.22,86,93,3.1,88.0,0,0,3,1,5,Female,Yes,No,Placed,CE
6710,87.9,92.8,88.2,9.75,89,61,3.6,90.5,0,1,1,3,6,Male,Yes,No,Placed,ME
6711,84.6,74.7,78.0,7.58,75,77,4.2,86.0,0,2,1,2,13,Female,Yes,Yes,Placed,CS
6712,72.7,64.0,55.7,6.76,65,63,2.9,77.4,1,0,0,2,0,Female,No,Yes,NotPlaced,CE
6713,79.8,77.7,87.3,8.45,78,70,5.0,86.1,0,2,4,2,10,Female,Yes,No,Placed,ME
6714,73.6,49.6,65.1,7.4,61,47,5.0,81.8,1,0,0,3,1,Male,Yes,Yes,NotPlaced,CE
6715,52.5,54.3,54.5,5.63,39,62,3.3,61.8,3,0,1,1,7,Female,Yes,Yes,NotPlaced,EE
6716,88.2,77.7,89.1,8.15,77,41,3.4,76.6,0,0,0,0,2,Male,No,No,NotPlaced,ChemE
6717,79.5,70.0,80.6,8.48,70,96,4.1,90.4,0,0,3,5,0,Female,Yes,No,Placed,IT
6718,92.1,89.4,94.9,9.94,99,71,3.9,92.2,0,1,2,2,5,Male,Yes,Yes,Placed,ChemE
6719,98.9,77.1,90.6,8.85,81,67,4.3,92.6,0,1,1,0,7,Female,No,No,Placed,CE
6720,65.1,54.9,67.2,7.47,84,64,3.8,88.0,0,0,2,3,3,Male,Yes,Yes,NotPlaced,EE
6721,92.1,97.6,89.0,9.36,88,78,3.0,87.4,0,2,1,3,13,Male,No,Yes,Placed,ME
6722,99.0,97.5,87.6,10.0,98,77,4.6,96.9,0,0,2,4,3,Male,No,No,Placed,ECE
6723,94.1,77.9,83.8,8.57,70,72,2.2,100.0,0,0,1,1,2,Female,Yes,Yes,Placed,CE
6724,72.9,97.2,77.3,8.53,88,66,4.0,91.2,0,2,1,2,9,Male,Yes,Yes,Placed,ECE
6725,78.0,74.0,82.0,7.98,87,72,3.8,86.4,0,0,2,1,0,Male,Yes,No,Placed,CS
6726,58.1,71.9,67.4,7.22,49,49,2.6,80.6,0,0,4,1,0,Male,Yes,No,NotPlaced,ME
6727,78.3,65.0,64.7,7.1,60,67,4.3,81.0,2,2,2,2,11,Male,No,Yes,NotPlaced,ECE
6728,64.6,60.9,68.4,7.41,65,64,2.9,61.8,1,0,1,0,1,Male,No,Yes,Placed,CE
6729,75.4,70.8,71.7,7.45,71,50,3.6,77.0,1,1,1,1,9,Female,No,Yes,NotPlaced,IT
6730,45.0,49.4,48.0,5.05,56,64,3.1,94.5,2,0,3,1,2,Male,Yes,Yes,NotPlaced,EE
6731,85.7,59.3,64.7,6.52,59,87,2.8,77.3,0,1,1,1,7,Female,No,No,NotPlaced,ECE
6732,52.3,69.9,64.5,5.92,65,90,3.2,69.6,1,0,3,1,1,Male,Yes,Yes,Placed,ME
6733,75.1,78.0,75.5,7.41,76,62,3.6,89.3,0,0,4,3,7,Male,No,Yes,Placed,ECE
6734,85.5,80.7,73.6,8.32,73,65,4.2,100.0,0,1,1,4,10,Male,Yes,Yes,Placed,CE
6735,62.6,63.6,55.1,7.47,61,49,1.7,65.0,0,0,0,0,0,Female,Yes,Yes,NotPlaced,EE
6736,68.1,64.0,58.6,6.51,36,55,3.7,84.0,1,0,0,3,0,Male,Yes,No,NotPlaced,ME
6737,71.0,70.9,81.0,7.59,82,64,3.9,82.1,0,2,2,0,12,Male,No,No,NotPlaced,EE
6738,86.9,87.1,80.3,9.47,85,74,3.7,97.2,0,0,2,1,2,Male,Yes,No,Placed,CS
6739,81.3,63.7,70.3,7.36,76,80,4.3,82.5,0,1,5,2,11,Male,No,Yes,NotPlaced,ME
6740,68.8,51.0,69.7,7.11,75,58,3.5,62.7,1,0,2,1,3,Female,No,Yes,NotPlaced,CE
6741,76.5,73.7,64.2,7.1,72,55,3.8,79.7,2,0,1,0,0,Female,Yes,Yes,Placed,CS
6742,71.5,66.4,62.2,6.84,72,57,3.1,78.5,1,2,1,2,13,Female,Yes,No,NotPlaced,IT
6743,68.2,54.8,53.7,5.09,35,41,3.3,90.3,1,0,0,0,0,Male,No,No,NotPlaced,ChemE
6744,71.2,70.3,76.6,8.32,61,70,2.9,83.1,2,2,5,2,12,Male,No,No,Placed,EE
6745,71.4,72.7,64.3,8.41,81,79,4.9,88.0,0,3,1,2,20,Female,Yes,No,Placed,ECE
6746,85.3,98.4,71.6,8.75,94,64,5.0,79.2,0,2,2,1,11,Male,Yes,No,Placed,CS
6747,55.9,65.0,58.5,6.63,66,50,3.6,76.5,0,1,1,0,5,Male,Yes,Yes,NotPlaced,EE
6748,73.9,82.3,57.5,7.26,55,90,3.4,76.2,0,1,4,0,11,Female,No,Yes,Placed,IT
6749,84.4,91.2,84.1,8.43,100,86,4.5,90.6,0,0,5,4,1,Male,Yes,No,Placed,CS
6750,51.5,51.5,54.2,6.53,51,56,2.7,72.5,2,0,0,0,3,Female,Yes,No,NotPlaced,CE
6751,70.4,78.4,76.0,8.48,85,78,3.6,86.5,0,2,2,2,21,Male,Yes,No,Placed,EE
6752,57.4,74.5,62.7,6.01,48,72,4.2,73.3,2,0,2,0,1,Male,No,Yes,NotPlaced,CS
6753,82.3,75.5,67.3,7.19,89,78,3.5,86.3,1,3,4,2,13,Male,Yes,Yes,Placed,CE
6754,76.0,75.8,67.6,6.77,80,78,3.1,83.8,1,1,2,0,10,Male,No,No,NotPlaced,CE
6755,74.4,85.0,69.6,7.53,72,83,4.6,92.7,0,1,1,3,6,Female,Yes,Yes,Placed,ECE
6756,58.6,45.0,62.4,5.74,76,81,3.8,68.1,2,2,0,0,6,Male,No,Yes,NotPlaced,ChemE
6757,61.0,65.5,58.2,6.89,58,53,3.9,59.0,0,0,1,0,6,Female,No,Yes,NotPlaced,CE
6758,83.3,78.7,73.4,6.79,77,76,1.8,81.0,1,2,1,0,15,Female,Yes,No,Placed,ME
6759,76.5,70.6,82.2,7.87,71,42,3.3,77.4,1,0,4,0,3,Female,No,Yes,Placed,ChemE
6760,55.6,53.7,48.0,5.18,36,47,3.3,67.3,1,0,0,0,5,Male,Yes,Yes,NotPlaced,ECE
6761,76.7,77.6,73.3,7.78,92,62,3.8,81.8,0,0,3,2,10,Male,Yes,No,Placed,CS
6762,89.6,62.1,69.8,7.94,84,87,3.3,85.9,0,0,3,4,4,Male,Yes,No,Placed,ME
6763,68.5,82.2,78.3,8.24,65,81,4.8,81.5,1,1,2,1,11,Male,Yes,Yes,Placed,CE
6764,73.6,65.2,63.8,8.27,62,38,4.2,82.6,2,0,1,1,0,Female,No,Yes,NotPlaced,EE
6765,59.9,62.3,58.2,6.87,74,85,4.4,83.0,0,0,2,4,6,Female,Yes,No,NotPlaced,CS
6766,76.3,62.1,60.8,5.47,72,78,4.8,81.6,0,0,0,1,7,Male,No,Yes,Placed,EE
6767,77.1,62.4,73.6,7.69,83,61,2.7,84.5,2,2,1,0,12,Male,Yes,Yes,Placed,ECE
6768,55.0,71.2,59.2,7.06,71,75,3.2,70.1,1,0,2,2,1,Male,No,Yes,Placed,IT
6769,77.5,76.1,83.8,8.9,79,83,3.8,90.9,0,2,5,9,10,Male,Yes,No,Placed,EE
6770,61.5,65.2,55.6,5.74,48,52,2.6,69.8,2,1,1,0,12,Female,Yes,Yes,NotPlaced,EE
6771,78.7,81.0,79.6,7.96,82,61,4.9,70.9,0,1,0,0,3,Male,No,Yes,Placed,CE
6772,68.9,74.2,60.2,6.52,57,60,3.4,67.2,2,1,1,5,7,Male,No,No,NotPlaced,CE
6773,82.1,83.4,78.3,8.46,87,100,3.7,77.7,0,1,2,2,5,Male,No,No,Placed,ECE
6774,70.1,67.1,72.8,7.53,67,77,3.0,92.0,0,1,3,0,5,Female,No,No,Placed,ECE
6775,78.2,62.3,73.5,7.25,73,91,4.5,85.2,0,2,2,4,12,Male,Yes,Yes,Placed,CS
6776,72.3,71.0,78.0,7.95,81,81,3.8,86.1,0,2,2,1,9,Male,Yes,Yes,Placed,ECE
6777,66.2,61.8,63.5,7.22,59,52,1.9,77.3,1,0,0,1,4,Male,Yes,Yes,NotPlaced,ECE
6778,63.4,60.1,61.7,7.56,62,57,4.2,74.2,1,0,0,1,0,Male,No,No,NotPlaced,EE
6779,81.5,88.5,82.6,9.75,70,85,3.3,69.7,1,1,0,1,8,Female,No,Yes,Placed,ME
6780,73.7,69.0,73.4,7.98,89,92,3.0,71.0,3,2,4,3,9,Female,No,No,Placed,IT
6781,78.3,77.7,84.8,8.71,85,53,3.8,86.4,0,1,1,2,5,Female,Yes,No,Placed,IT
6782,78.4,69.5,73.7,7.77,78,75,3.9,90.7,1,0,1,2,3,Male,Yes,No,Placed,ECE
6783,71.7,75.2,76.4,8.16,92,75,5.0,79.4,0,4,0,1,17,Male,Yes,Yes,Placed,ECE
6784,60.3,51.0,57.6,6.22,62,76,3.1,82.2,0,1,3,0,7,Male,No,Yes,Placed,EE
6785,57.5,64.0,57.6,6.26,65,68,3.9,66.5,4,0,2,1,1,Female,Yes,Yes,Placed,CE
6786,73.3,64.0,69.2,7.76,67,38,3.6,83.0,0,0,0,2,0,Female,Yes,No,NotPlaced,CS
6787,59.8,48.4,61.3,5.76,57,48,4.2,68.1,1,0,0,0,3,Female,No,Yes,NotPlaced,ME
6788,74.4,75.1,79.8,8.27,67,79,3.0,100.0,0,3,0,2,20,Male,Yes,Yes,Placed,ME
6789,87.7,68.2,77.7,8.65,75,73,2.3,87.1,0,0,2,2,1,Male,No,No,Placed,ECE
6790,59.7,70.2,68.4,6.12,45,61,4.0,80.4,1,0,1,1,2,Male,Yes,No,NotPlaced,ME
6791,74.3,61.2,56.1,6.91,50,62,4.1,82.5,0,1,0,3,5,Female,No,Yes,NotPlaced,IT
6792,82.7,76.2,79.5,7.77,91,96,4.9,75.7,1,1,2,2,6,Female,Yes,Yes,Placed,ECE
6793,57.8,60.3,50.8,5.93,62,71,3.2,76.2,0,1,1,2,5,Female,No,Yes,NotPlaced,CS
6794,52.7,49.0,58.2,6.93,56,68,3.4,71.8,0,0,2,1,3,Male,No,Yes,NotPlaced,ECE
6795,53.3,50.0,56.2,6.19,52,71,3.8,88.6,2,0,4,1,3,Female,No,Yes,NotPlaced,ECE
6796,63.4,45.3,49.6,5.12,38,59,2.5,67.1,1,0,0,2,1,Female,No,Yes,NotPlaced,EE
6797,82.5,83.7,71.4,7.78,68,74,4.1,80.8,0,1,1,0,6,Male,Yes,No,Placed,CE
6798,59.4,69.8,48.0,5.12,45,54,4.2,80.0,0,0,0,1,2,Male,No,No,NotPlaced,EE
6799,76.3,94.0,67.9,7.97,59,74,3.8,82.5,0,0,2,1,0,Male,Yes,Yes,Placed,ECE
6800,80.3,75.3,63.2,6.42,71,58,4.1,72.7,2,0,0,0,2,Female,No,Yes,NotPlaced,ChemE
6801,74.9,70.2,79.4,7.87,80,65,3.7,80.7,0,0,3,4,0,Male,No,Yes,Placed,CS
6802,71.9,61.7,70.7,7.11,65,60,3.1,78.5,0,0,0,3,1,Male,Yes,Yes,NotPlaced,ME
6803,58.1,62.0,56.4,5.12,49,46,3.4,81.1,2,1,0,0,9,Male,No,Yes,NotPlaced,IT
6804,64.0,83.9,74.9,7.51,68,62,3.6,75.3,0,0,0,0,5,Male,No,Yes,NotPlaced,CE
6805,64.5,74.2,71.9,7.36,63,53,3.4,67.7,1,1,0,0,6,Male,Yes,Yes,Placed,EE
6806,74.0,82.2,69.4,8.09,76,61,4.0,87.6,0,2,5,2,15,Male,No,Yes,Placed,CE
6807,69.7,57.1,65.5,6.6,71,65,3.0,73.0,2,2,2,1,18,Male,No,No,NotPlaced,IT
6808,73.2,88.5,75.5,6.79,72,76,3.5,59.6,1,1,3,1,6,Male,No,Yes,NotPlaced,ME
6809,57.1,59.4,57.6,6.74,77,76,3.3,69.9,1,1,0,2,9,Male,No,Yes,NotPlaced,EE
6810,63.6,60.2,77.4,8.24,65,95,3.1,77.0,0,1,1,4,7,Female,No,No,Placed,CS
6811,58.6,67.9,56.2,7.5,53,70,3.6,77.7,1,2,0,1,10,Male,Yes,Yes,NotPlaced,EE
6812,60.1,64.3,62.6,7.64,53,59,4.2,83.5,0,1,1,1,8,Male,Yes,Yes,Placed,ME
6813,75.8,57.6,74.9,7.23,51,64,3.0,75.0,1,2,1,1,8,Female,No,Yes,NotPlaced,EE
6814,83.3,82.8,75.8,7.6,83,95,3.5,93.6,0,3,1,4,24,Male,Yes,No,Placed,CS
6815,82.3,66.5,74.3,9.0,73,69,3.3,84.9,0,0,1,2,3,Female,Yes,Yes,Placed,ChemE
6816,67.2,70.5,63.1,7.03,65,52,3.3,71.4,0,0,1,1,0,Female,No,No,NotPlaced,IT
6817,73.8,62.5,70.6,6.91,77,68,2.5,77.0,0,1,2,1,8,Male,Yes,No,Placed,EE
6818,74.4,79.8,59.9,7.6,67,79,3.9,79.0,3,1,1,3,8,Female,No,No,NotPlaced,CE
6819,56.5,64.7,59.5,5.22,63,64,3.1,80.5,0,1,0,0,3,Male,No,Yes,NotPlaced,EE
6820,65.5,78.2,67.9,7.33,86,85,3.9,83.0,0,2,2,1,6,Male,No,Yes,Placed,EE
6821,67.6,50.9,72.9,5.76,63,70,2.6,89.5,0,2,2,1,13,Female,No,No,Placed,EE
6822,80.5,63.5,68.2,8.31,81,77,2.6,86.7,0,1,3,3,7,Female,No,Yes,Placed,ECE
6823,78.3,69.0,63.5,8.27,55,50,3.5,83.6,0,0,0,1,3,Female,No,Yes,NotPlaced,ME
6824,59.1,68.0,59.3,6.94,64,72,4.3,97.7,1,0,2,2,0,Female,Yes,Yes,Placed,EE
6825,66.3,70.3,65.4,8.22,75,63,4.1,69.4,1,0,1,1,3,Male,No,No,NotPlaced,CE
6826,62.0,64.6,55.0,6.08,70,51,4.0,82.6,2,0,4,0,6,Female,Yes,Yes,NotPlaced,ECE
6827,59.0,65.6,58.0,7.17,57,55,4.5,87.8,1,0,5,0,2,Male,Yes,Yes,NotPlaced,ME
6828,59.7,60.4,72.1,6.6,86,88,5.0,74.3,0,2,2,3,15,Female,Yes,Yes,Placed,ChemE
6829,64.2,70.6,66.4,7.19,64,67,3.2,81.8,0,1,4,4,5,Female,Yes,No,Placed,IT
6830,70.5,71.3,63.9,6.83,78,83,3.4,85.4,2,1,2,1,8,Female,No,No,NotPlaced,CS
6831,67.4,61.6,49.7,5.78,49,79,2.9,81.3,1,0,2,0,3,Female,No,Yes,NotPlaced,ECE
6832,67.8,64.7,69.6,7.47,63,43,3.4,74.9,1,0,0,1,3,Male,No,No,Placed,ME
6833,61.9,54.1,64.6,6.3,46,35,2.6,69.2,3,1,0,0,7,Female,No,No,NotPlaced,CE
6834,86.6,72.7,72.9,7.26,72,82,4.5,80.1,0,2,2,1,16,Female,Yes,Yes,Placed,IT
6835,61.7,78.8,70.2,7.6,74,87,2.6,68.6,3,0,4,0,0,Female,No,No,NotPlaced,CE
6836,68.8,59.6,56.6,6.63,64,65,3.3,76.9,1,0,1,0,1,Female,Yes,No,NotPlaced,CS
6837,60.0,67.4,63.4,6.77,50,50,2.7,87.6,1,2,1,0,16,Female,Yes,No,NotPlaced,EE
6838,72.9,68.0,60.8,7.19,74,86,2.9,83.4,0,2,3,2,14,Female,Yes,No,Placed,ECE
6839,90.2,70.7,73.4,7.81,76,72,4.4,90.6,0,2,1,2,16,Male,Yes,No,Placed,CE
6840,81.5,83.2,79.1,7.69,66,47,4.6,81.2,1,1,1,2,6,Male,No,Yes,Placed,ECE
6841,65.9,63.0,50.6,6.17,57,77,4.1,79.2,2,1,5,3,8,Female,No,Yes,Placed,CE
6842,61.3,62.4,64.6,7.42,53,54,2.5,67.0,0,1,2,3,7,Male,No,No,NotPlaced,ME
6843,76.3,72.1,74.4,7.79,81,63,5.0,77.8,0,0,0,1,0,Female,Yes,Yes,Placed,IT
6844,65.4,64.8,71.0,7.25,65,65,3.9,71.7,2,0,1,0,1,Female,No,No,NotPlaced,ChemE
6845,59.4,62.4,63.9,7.52,76,65,3.0,72.4,1,1,1,0,9,Female,No,No,NotPlaced,CE
6846,54.6,66.1,64.0,6.75,69,74,3.8,92.4,2,1,2,3,7,Male,No,Yes,NotPlaced,CS
6847,66.5,71.0,70.4,7.11,74,80,3.4,78.7,0,0,2,1,1,Female,Yes,Yes,Placed,CS
6848,77.0,78.0,77.6,7.33,78,78,4.0,98.1,0,2,1,0,15,Male,Yes,Yes,Placed,CS
6849,71.4,52.5,60.7,6.32,70,73,3.0,90.0,0,1,2,2,8,Female,Yes,Yes,Placed,IT
6850,71.3,71.8,78.5,8.34,88,89,3.2,79.2,0,0,3,3,0,Male,Yes,No,Placed,CS
6851,66.7,59.7,65.4,6.68,44,85,2.9,71.4,2,0,1,2,3,Female,No,No,NotPlaced,CE
6852,47.1,50.4,53.3,6.71,59,60,4.5,78.2,1,0,4,0,1,Male,Yes,Yes,NotPlaced,ME
6853,65.5,64.6,68.4,7.47,70,83,3.5,79.3,1,2,2,3,13,Male,Yes,No,NotPlaced,CS
6854,45.0,63.4,58.4,5.83,52,53,4.7,75.7,0,1,2,0,12,Male,No,Yes,NotPlaced,ECE
6855,75.1,66.4,50.8,5.71,49,68,3.2,76.2,0,0,1,0,0,Female,No,No,NotPlaced,CE
6856,70.2,63.9,62.0,7.73,63,53,3.5,81.2,0,1,0,2,5,Male,Yes,Yes,NotPlaced,IT
6857,71.8,62.7,59.9,7.58,60,79,3.4,83.2,0,1,2,7,7,Male,No,No,Placed,CS
6858,75.1,68.4,74.2,7.23,49,55,3.3,76.9,0,1,1,1,7,Female,Yes,Yes,Placed,IT
6859,94.8,75.2,84.6,7.89,68,82,3.8,82.6,1,1,2,2,5,Female,No,No,Placed,ME
6860,60.1,66.0,56.3,6.29,66,56,3.4,74.0,1,1,1,0,6,Female,No,No,NotPlaced,IT
6861,71.5,74.1,79.0,7.02,85,82,3.4,89.2,0,2,1,4,16,Female,Yes,No,Placed,ME
6862,88.5,67.6,77.4,7.62,81,61,4.5,85.1,2,0,2,1,0,Female,No,Yes,Placed,CS
6863,62.5,89.1,62.5,6.82,48,61,2.5,73.1,2,0,2,0,7,Female,No,Yes,NotPlaced,ChemE
6864,72.6,49.9,61.4,6.31,74,55,3.7,63.3,3,0,1,0,0,Male,No,No,NotPlaced,CE
6865,68.2,73.6,72.4,6.51,92,86,2.7,78.7,0,0,1,0,1,Female,Yes,Yes,Placed,CS
6866,67.4,73.4,59.5,6.51,51,64,3.6,76.6,0,1,1,1,4,Female,No,No,NotPlaced,EE
6867,68.3,75.4,75.8,7.69,79,63,3.6,94.4,0,1,0,0,7,Female,Yes,No,Placed,CE
6868,67.5,47.8,51.3,5.0,38,44,4.4,76.5,1,0,0,4,0,Male,Yes,No,NotPlaced,ECE
6869,54.8,45.0,51.7,6.19,57,50,2.2,62.7,4,0,0,0,3,Female,Yes,No,NotPlaced,CE
6870,64.3,67.4,63.4,7.27,83,81,4.3,74.3,0,0,2,2,7,Female,Yes,Yes,Placed,CE
6871,80.6,84.2,72.9,7.25,65,70,4.4,91.1,0,0,1,3,0,Male,Yes,Yes,Placed,CS
6872,64.8,68.3,75.9,6.43,60,84,2.8,87.7,0,1,0,3,13,Female,Yes,No,NotPlaced,ME
6873,82.7,78.5,81.2,7.64,79,89,3.0,77.5,0,0,3,2,8,Female,No,Yes,Placed,IT
6874,64.4,85.6,73.6,8.0,100,77,4.5,86.7,0,1,4,0,11,Male,Yes,Yes,Placed,EE
6875,61.6,64.1,59.8,7.14,62,56,2.8,70.0,0,1,2,1,12,Female,No,Yes,NotPlaced,ECE
6876,71.3,79.6,67.2,7.49,91,84,5.0,96.8,0,3,4,3,19,Male,Yes,Yes,Placed,CS
6877,67.5,64.8,73.3,7.09,77,68,3.4,82.4,0,0,1,1,0,Female,No,Yes,Placed,ECE
6878,48.2,45.0,49.1,6.22,60,73,3.6,82.5,2,0,2,3,0,Female,Yes,No,Placed,ECE
6879,76.6,70.9,66.1,7.02,66,52,3.7,75.8,0,3,2,1,18,Female,No,Yes,Placed,CE
6880,67.5,67.9,65.9,7.16,61,51,3.3,72.3,1,1,0,0,10,Male,No,No,Placed,EE
6881,68.0,73.2,71.3,7.19,64,85,3.1,68.7,0,1,6,3,4,Female,No,No,NotPlaced,ECE
6882,78.7,74.8,82.4,7.48,74,70,5.0,90.1,0,2,3,0,11,Male,Yes,No,Placed,ChemE
6883,69.4,58.4,52.9,5.92,62,53,2.7,64.3,0,1,1,1,11,Male,Yes,Yes,NotPlaced,ME
6884,68.8,74.1,78.5,7.73,77,54,3.0,88.6,0,0,0,2,0,Male,Yes,No,NotPlaced,ME
6885,68.5,55.6,63.1,6.69,61,72,2.1,76.8,1,0,4,2,0,Male,No,No,NotPlaced,IT
6886,57.2,46.4,64.8,5.79,60,66,2.3,99.8,0,0,1,1,0,Female,No,Yes,NotPlaced,CE
6887,56.2,47.4,56.0,5.53,48,72,3.9,71.5,1,1,3,3,7,Male,No,Yes,NotPlaced,CE
6888,79.4,60.7,65.8,7.29,85,79,5.0,84.8,1,4,1,2,28,Male,No,Yes,Placed,CE
6889,55.2,70.1,66.6,7.21,71,77,3.2,80.4,0,2,0,1,17,Male,Yes,Yes,Placed,ME
6890,66.4,58.2,69.6,7.73,61,50,3.9,72.9,0,0,0,1,0,Male,No,No,NotPlaced,CE
6891,64.5,59.9,65.2,6.46,56,49,3.7,100.0,0,0,1,2,3,Male,Yes,Yes,Placed,CS
6892,77.2,88.0,74.5,8.42,67,72,3.6,74.7,0,1,1,1,6,Female,Yes,Yes,NotPlaced,EE
6893,85.1,73.8,89.1,7.85,68,47,3.1,85.7,0,0,1,2,0,Male,No,No,NotPlaced,ECE
6894,58.4,69.1,71.0,7.31,81,67,3.8,77.1,0,0,2,2,0,Female,Yes,Yes,Placed,CS
6895,71.9,58.7,51.7,6.08,50,56,4.3,85.1,0,0,4,3,4,Male,Yes,Yes,Placed,ME
6896,72.2,67.7,72.1,6.9,52,67,2.7,94.5,1,2,0,1,8,Male,No,No,NotPlaced,ECE
6897,71.7,67.4,74.1,6.75,76,70,4.3,81.8,1,2,1,0,14,Male,Yes,Yes,Placed,CE
6898,65.7,73.5,73.3,7.86,86,66,3.4,76.3,0,1,1,1,10,Male,Yes,No,Placed,CE
6899,69.2,67.2,65.2,8.38,87,77,4.1,81.2,1,2,2,2,10,Female,Yes,No,Placed,ECE
6900,77.4,55.7,65.8,7.56,72,55,2.9,83.7,0,0,0,1,8,Male,No,Yes,NotPlaced,CE
6901,65.7,72.3,68.7,6.02,44,31,3.1,77.4,2,0,0,0,0,Female,Yes,No,NotPlaced,CS
6902,63.7,55.3,64.7,6.79,65,30,3.6,80.3,0,1,0,3,6,Female,No,Yes,NotPlaced,ME
6903,71.6,90.1,83.6,8.29,83,84,4.0,82.2,0,0,4,2,0,Male,Yes,Yes,Placed,CS
6904,77.6,64.1,76.4,8.06,66,60,2.6,93.8,0,3,3,0,18,Female,Yes,Yes,Placed,ECE
6905,75.9,64.5,75.8,7.58,73,72,2.6,87.0,2,1,0,3,4,Female,No,No,NotPlaced,CS
6906,64.6,79.3,48.0,7.78,69,75,2.0,73.0,1,2,1,0,10,Female,No,No,Placed,CS
6907,67.1,53.6,60.4,7.0,68,50,3.9,83.8,1,3,0,1,19,Male,Yes,Yes,NotPlaced,ECE
6908,78.8,64.5,73.7,8.25,84,65,3.3,73.7,1,0,0,1,3,Female,No,Yes,NotPlaced,ECE
6909,61.0,52.9,71.5,6.18,63,55,3.7,80.2,2,0,2,1,1,Female,Yes,No,Placed,EE
6910,67.7,76.3,79.3,8.06,79,94,3.1,77.1,1,1,2,2,5,Female,No,Yes,Placed,CS
6911,77.5,70.2,78.9,8.53,70,74,4.0,88.7,0,2,3,6,10,Male,Yes,Yes,Placed,CS
6912,65.2,72.5,73.6,7.58,72,82,4.4,93.6,0,3,2,4,26,Male,Yes,No,Placed,IT
6913,79.0,57.4,78.6,8.02,79,70,3.6,80.7,1,1,0,1,9,Male,Yes,Yes,Placed,ECE
6914,52.5,62.8,49.4,6.1,44,70,2.4,66.1,6,0,0,0,0,Male,Yes,No,NotPlaced,CS
6915,78.6,83.6,72.8,8.39,84,91,3.7,74.4,0,1,1,2,5,Male,No,Yes,Placed,ECE
6916,75.2,63.7,66.0,7.4,77,75,3.7,90.3,1,2,1,5,12,Male,No,Yes,Placed,CS
6917,63.8,48.9,67.6,7.16,70,66,2.8,73.7,2,0,1,0,8,Male,Yes,Yes,NotPlaced,ChemE
6918,65.1,64.7,67.1,8.37,62,71,3.6,72.9,1,1,4,1,6,Male,Yes,No,Placed,EE
6919,59.2,59.5,59.4,5.5,35,58,1.8,76.7,1,1,0,1,5,Male,No,No,NotPlaced,CE
6920,74.3,66.0,57.2,5.44,56,67,2.7,88.2,1,2,0,2,11,Female,No,Yes,Placed,CE
6921,82.1,71.8,65.8,7.6,73,60,4.9,87.8,0,1,0,1,10,Male,Yes,No,NotPlaced,ME
6922,81.9,66.5,68.6,7.1,81,69,3.6,95.7,0,1,1,2,10,Female,Yes,Yes,Placed,CS
6923,54.5,56.7,56.0,5.78,54,65,3.0,77.2,3,2,0,1,15,Female,Yes,No,NotPlaced,IT
6924,74.6,76.8,72.9,7.99,67,70,3.5,81.2,0,1,0,2,5,Male,No,No,Placed,EE
6925,60.0,65.5,63.8,5.73,62,59,3.0,73.4,1,0,0,0,0,Male,No,No,NotPlaced,IT
6926,83.6,70.0,69.6,6.9,87,67,3.8,73.8,0,0,2,0,3,Male,Yes,No,NotPlaced,ME
6927,80.1,68.4,67.2,7.89,73,54,4.2,86.9,0,2,1,1,18,Female,No,No,Placed,CS
6928,74.1,79.8,75.0,8.34,75,60,3.6,93.6,0,2,0,4,14,Female,Yes,Yes,Placed,CE
6929,51.8,78.3,63.5,8.15,81,54,4.1,78.2,0,1,1,2,7,Male,No,Yes,Placed,CE
6930,59.6,63.4,67.9,6.32,69,56,3.1,79.0,1,0,1,1,4,Male,Yes,No,Placed,EE
6931,86.6,81.5,81.4,8.6,75,65,4.7,75.0,0,0,1,0,2,Female,No,Yes,NotPlaced,EE
6932,76.4,71.2,70.8,7.5,64,69,2.1,79.4,0,0,1,0,0,Male,Yes,No,NotPlaced,ChemE
6933,67.6,66.7,58.7,7.06,68,58,3.1,80.2,0,1,4,0,4,Male,Yes,Yes,Placed,ME
6934,84.8,71.6,76.0,8.19,84,74,4.0,100.0,0,1,3,1,10,Female,Yes,No,Placed,IT
6935,79.4,80.3,70.4,6.39,56,75,3.6,80.3,1,0,1,0,0,Female,Yes,No,Placed,EE
6936,67.9,78.8,79.8,7.79,79,66,4.3,93.6,0,1,1,2,6,Male,No,Yes,Placed,IT
6937,74.5,81.9,61.4,7.21,63,61,3.8,77.6,2,0,0,2,2,Female,No,No,Placed,CE
6938,90.2,72.4,70.7,8.32,76,84,5.0,98.0,0,2,1,1,12,Female,Yes,Yes,Placed,CS
6939,72.8,76.0,64.0,5.85,48,44,2.0,58.7,1,0,1,0,2,Female,No,No,NotPlaced,EE
6940,68.2,72.0,70.2,8.31,67,56,4.6,85.0,0,0,0,0,1,Male,No,Yes,NotPlaced,ChemE
6941,71.1,65.6,65.0,7.19,70,67,4.2,93.6,0,2,1,0,12,Female,No,Yes,Placed,EE
6942,69.1,70.8,63.7,6.65,46,47,2.7,77.4,1,1,1,0,4,Male,Yes,No,NotPlaced,IT
6943,67.1,56.3,70.2,7.46,69,58,5.0,72.0,1,0,2,2,7,Male,No,Yes,Placed,ChemE
6944,65.7,65.4,69.7,6.92,65,57,3.6,70.5,1,0,0,0,1,Female,No,No,NotPlaced,CS
6945,52.5,61.3,58.3,6.3,70,56,3.5,79.2,3,0,0,1,0,Male,No,Yes,NotPlaced,CE
6946,62.3,69.7,67.8,7.51,66,47,3.2,83.6,2,0,2,1,4,Female,No,No,NotPlaced,CE
6947,69.5,69.2,77.7,7.6,61,38,3.6,80.1,0,1,0,2,9,Female,No,No,NotPlaced,ChemE
6948,59.1,61.7,63.8,7.43,56,44,2.9,80.3,0,1,0,1,5,Male,Yes,Yes,Placed,ME
6949,75.7,70.1,74.1,7.65,56,45,4.2,91.2,0,0,1,2,4,Female,Yes,Yes,NotPlaced,IT
6950,73.5,62.3,60.9,7.81,58,55,2.5,63.8,0,0,1,1,4,Male,No,Yes,Placed,IT
6951,70.3,72.1,65.6,7.51,72,73,3.1,100.0,0,3,1,0,20,Male,No,No,NotPlaced,CE
6952,57.5,82.1,73.1,7.3,59,63,4.1,85.5,2,1,0,1,8,Male,Yes,Yes,Placed,CE
6953,73.0,54.7,75.8,7.73,68,61,2.8,80.6,1,1,0,2,9,Male,Yes,No,NotPlaced,EE
6954,71.0,72.9,69.9,6.88,85,85,3.4,69.3,0,1,3,1,7,Female,Yes,No,NotPlaced,CS
6955,68.8,61.0,57.2,6.52,89,100,4.3,87.5,0,4,2,6,27,Male,No,Yes,Placed,CS
6956,70.6,72.8,80.1,8.38,66,75,5.0,91.1,0,1,4,3,5,Female,No,Yes,Placed,CS
6957,65.3,63.6,74.4,7.07,90,72,3.0,73.7,0,0,3,3,4,Male,Yes,No,Placed,CE
6958,75.7,67.2,72.0,7.53,79,69,2.8,79.7,0,1,4,3,3,Male,Yes,Yes,Placed,ME
6959,72.0,64.1,61.7,7.81,54,43,3.2,83.8,0,0,0,0,0,Female,No,Yes,NotPlaced,CE
6960,54.0,54.1,59.9,5.89,64,75,4.0,73.5,1,0,5,3,0,Male,No,Yes,Placed,ECE
6961,60.2,73.8,71.7,7.42,63,64,3.2,80.0,1,1,0,1,5,Female,Yes,Yes,NotPlaced,CS
6962,67.5,68.3,56.1,6.39,46,57,2.8,84.6,0,1,1,1,9,Male,Yes,No,NotPlaced,IT
6963,68.9,85.1,75.1,8.24,55,50,4.4,78.3,0,0,0,0,0,Male,Yes,Yes,NotPlaced,ECE
6964,58.8,47.8,48.0,5.16,54,48,4.3,84.0,3,2,1,3,17,Female,Yes,Yes,NotPlaced,CS
6965,83.7,86.9,80.4,8.91,70,90,4.2,96.2,0,1,2,2,7,Female,Yes,No,Placed,ECE
6966,81.2,68.4,74.8,6.76,79,74,4.0,83.3,1,2,1,2,12,Female,Yes,Yes,Placed,CE
6967,80.7,80.8,80.5,8.0,88,68,4.1,85.8,0,0,3,2,2,Male,Yes,Yes,Placed,ChemE
6968,99.0,99.0,85.9,8.81,95,90,2.9,83.4,0,1,0,2,12,Female,Yes,No,Placed,CS
6969,65.2,56.8,53.7,6.82,44,49,3.2,65.0,0,0,1,0,1,Male,Yes,No,NotPlaced,CE
6970,76.8,81.7,80.9,7.89,89,76,4.6,78.3,0,0,0,1,0,Female,No,Yes,Placed,CE
6971,57.1,64.6,60.9,6.87,60,29,5.0,69.6,2,0,0,0,0,Male,No,Yes,NotPlaced,ECE
6972,53.7,47.6,48.0,6.22,69,60,3.4,85.1,1,1,4,0,5,Male,Yes,No,Placed,IT
6973,77.1,82.2,65.6,7.42,83,76,3.5,83.6,0,2,2,4,10,Male,Yes,Yes,Placed,CE
6974,78.1,74.7,79.2,8.13,91,68,4.2,87.5,1,0,2,2,5,Male,Yes,Yes,Placed,ECE
6975,51.7,66.1,68.7,6.33,57,65,2.9,57.4,3,0,1,1,0,Female,No,No,NotPlaced,ChemE
6976,80.3,83.4,70.4,7.35,72,72,4.3,92.6,0,0,4,3,6,Female,Yes,Yes,Placed,ME
6977,85.3,74.3,77.0,7.47,64,69,4.0,92.1,0,2,3,2,11,Male,Yes,Yes,Placed,ME
6978,49.7,60.8,60.2,5.93,69,71,2.9,68.7,1,3,2,2,14,Female,No,Yes,NotPlaced,ME
6979,88.4,80.2,74.7,8.17,72,64,3.6,97.5,0,2,2,2,15,Female,Yes,Yes,Placed,ECE
6980,91.9,70.1,88.5,7.5,63,68,2.5,76.3,0,2,1,4,6,Male,No,Yes,NotPlaced,ECE
6981,68.7,77.7,72.3,8.18,76,71,2.3,88.5,0,2,2,2,21,Male,Yes,No,NotPlaced,ME
6982,54.0,52.9,56.0,5.12,35,47,2.8,76.9,0,0,0,1,0,Male,Yes,No,NotPlaced,CS
6983,53.8,57.7,53.2,5.7,58,54,3.2,66.7,2,1,1,1,9,Female,Yes,No,NotPlaced,CE
6984,91.9,94.8,81.5,8.32,85,86,2.5,92.7,0,1,2,1,7,Male,Yes,No,Placed,CE
6985,63.8,71.8,72.0,7.03,60,67,3.5,80.9,1,0,1,1,5,Female,Yes,Yes,NotPlaced,ME
6986,63.9,60.1,64.4,6.48,70,64,3.2,83.1,2,0,0,1,0,Female,No,No,NotPlaced,ME
6987,83.0,78.4,75.9,7.68,58,64,3.2,74.0,0,0,0,0,0,Female,No,No,NotPlaced,ChemE
6988,81.6,79.1,64.4,7.03,72,74,2.1,85.7,0,0,0,1,1,Female,No,No,NotPlaced,ECE
6989,60.5,45.0,60.5,7.04,56,52,2.7,73.4,2,0,0,0,2,Female,No,No,NotPlaced,EE
6990,63.0,62.1,58.5,6.09,69,94,3.6,85.5,0,1,2,4,10,Female,Yes,No,Placed,CS
6991,60.0,48.8,59.3,6.65,71,59,3.8,73.7,1,0,0,2,1,Male,No,Yes,NotPlaced,CE
6992,65.3,76.9,56.3,6.33,49,50,3.2,68.0,1,0,3,1,0,Male,No,Yes,NotPlaced,EE
6993,82.1,97.7,86.1,10.0,88,81,4.6,84.7,0,1,3,3,10,Male,Yes,Yes,Placed,CS
6994,72.9,67.1,62.9,7.62,77,81,4.1,74.3,0,1,7,7,5,Male,Yes,No,Placed,CS
6995,55.5,59.2,59.3,6.4,60,69,3.3,85.5,2,1,1,0,5,Female,No,No,NotPlaced,IT
6996,45.0,45.0,48.0,5.32,35,57,3.0,62.9,4,0,1,0,0,Male,No,No,NotPlaced,ME
6997,64.9,93.7,78.0,8.13,87,75,4.6,100.0,0,0,1,2,2,Female,Yes,Yes,Placed,IT
6998,61.5,45.0,50.9,6.98,61,78,4.4,81.3,0,0,0,2,0,Male,No,Yes,NotPlaced,EE
6999,70.6,62.5,57.1,6.19,43,26,3.0,61.7,2,0,0,0,0,Male,Yes,No,NotPlaced,ME
7000,59.9,72.1,76.3,8.94,51,63,2.8,70.0,1,0,0,3,1,Male,Yes,No,NotPlaced,CE
7001,64.5,49.3,48.6,6.56,54,55,3.0,79.5,2,0,1,0,0,Male,No,No,NotPlaced,IT
7002,67.2,68.0,78.9,7.31,66,48,4.7,75.2,0,0,2,2,0,Female,Yes,Yes,Placed,EE
7003,75.6,69.4,83.1,8.47,93,87,3.9,86.3,0,1,3,2,12,Male,Yes,No,Placed,CE
7004,78.7,87.0,72.9,7.82,71,73,4.5,89.1,0,0,3,2,2,Male,Yes,No,Placed,ECE
7005,74.9,62.8,62.6,6.66,66,62,3.0,77.7,0,1,1,4,7,Female,No,Yes,Placed,ChemE
7006,78.6,72.5,60.2,7.2,70,63,3.2,74.0,3,0,4,0,5,Male,Yes,Yes,NotPlaced,ChemE
7007,66.4,57.7,68.4,6.71,71,64,3.0,73.3,1,1,0,2,7,Female,No,Yes,NotPlaced,CE
7008,71.1,80.3,69.7,7.97,72,64,3.1,70.0,0,1,2,0,5,Male,Yes,No,NotPlaced,ECE
7009,72.0,67.1,66.5,6.68,66,64,3.2,82.7,0,0,0,0,6,Female,No,No,NotPlaced,CS
7010,78.7,66.0,62.2,6.17,69,65,3.5,82.0,1,2,1,0,10,Female,Yes,Yes,Placed,IT
7011,59.7,63.5,60.5,5.92,63,42,3.1,87.1,0,0,1,1,0,Male,No,Yes,NotPlaced,ECE
7012,74.2,63.1,59.3,6.55,39,40,3.4,64.2,2,0,0,0,2,Male,No,No,NotPlaced,ECE
7013,73.5,84.3,75.2,7.78,76,64,4.1,87.7,0,3,3,2,19,Male,Yes,Yes,Placed,IT
7014,70.1,99.0,76.6,8.16,76,59,2.9,69.4,0,0,3,0,0,Male,Yes,No,Placed,CS
7015,99.0,83.1,91.0,9.25,94,72,5.0,89.2,0,1,2,4,6,Female,Yes,No,Placed,CS
7016,62.4,58.5,52.1,6.98,56,65,3.0,76.6,0,2,1,2,12,Male,Yes,No,Placed,CE
7017,79.5,65.9,82.5,8.62,69,68,2.7,80.8,1,2,0,0,14,Male,Yes,Yes,Placed,ECE
7018,56.5,52.1,49.5,5.66,57,57,3.7,61.3,3,0,0,0,1,Female,No,No,NotPlaced,CE
7019,54.3,59.6,55.4,5.74,58,53,2.5,74.2,0,2,0,0,10,Male,No,No,NotPlaced,EE
7020,64.9,81.3,68.5,7.6,64,74,4.0,84.3,1,1,2,1,12,Male,No,No,NotPlaced,CS
7021,51.1,50.3,49.6,5.52,49,68,3.0,71.3,2,0,1,2,0,Female,No,Yes,NotPlaced,IT
7022,89.2,93.6,76.8,8.79,86,87,4.0,100.0,0,4,5,1,17,Female,Yes,Yes,Placed,CS
7023,91.1,71.2,86.5,9.33,87,70,2.7,91.9,0,2,3,6,16,Female,Yes,Yes,Placed,CS
7024,59.6,62.4,64.2,6.19,61,51,3.9,84.1,0,0,0,1,4,Male,Yes,Yes,Placed,IT
7025,78.7,54.1,59.1,7.07,60,56,2.8,69.9,3,0,1,0,2,Female,Yes,No,NotPlaced,CS
7026,69.8,72.6,65.9,7.53,67,64,2.7,67.8,0,0,0,0,1,Female,Yes,No,NotPlaced,EE
7027,78.7,85.6,74.4,9.28,79,78,3.6,77.6,0,0,2,0,0,Male,Yes,No,Placed,ECE
7028,86.2,69.8,73.2,7.97,78,59,4.9,59.7,1,0,0,0,3,Male,Yes,No,Placed,CE
7029,71.8,81.0,76.5,7.98,68,80,2.8,92.2,0,1,3,3,11,Female,Yes,No,Placed,ME
7030,86.8,87.4,92.9,10.0,90,74,3.9,77.8,0,1,1,1,7,Male,Yes,Yes,Placed,ChemE
7031,70.7,66.7,69.4,6.25,47,46,2.3,83.4,0,0,0,0,7,Female,Yes,Yes,Placed,ChemE
7032,60.0,72.0,78.4,7.37,66,55,2.9,86.7,1,1,2,1,9,Male,Yes,No,Placed,EE
7033,57.1,47.7,64.3,5.97,47,37,2.3,78.3,2,0,0,0,5,Female,No,Yes,NotPlaced,ChemE
7034,72.7,46.4,49.6,6.42,48,44,1.7,73.3,2,0,0,0,2,Female,No,Yes,NotPlaced,EE
7035,80.8,71.9,63.1,8.24,64,80,3.0,74.4,3,1,2,0,5,Male,Yes,No,Placed,CS
7036,80.2,66.3,74.6,7.27,73,65,4.7,85.3,1,1,1,3,5,Male,Yes,Yes,Placed,CS
7037,83.2,82.9,62.6,8.15,70,76,3.6,82.9,0,2,1,3,14,Male,Yes,No,Placed,CE
7038,70.7,50.4,65.6,7.47,72,75,3.2,76.3,0,1,0,0,9,Female,Yes,Yes,Placed,ME
7039,58.5,66.3,53.9,6.88,78,90,4.1,75.9,4,2,1,3,9,Female,No,Yes,NotPlaced,CS
7040,79.8,65.4,64.4,7.05,49,40,3.9,89.3,1,1,0,1,8,Male,No,No,NotPlaced,ME
7041,64.2,68.3,68.4,7.62,70,58,4.0,82.6,0,1,1,2,4,Female,Yes,Yes,Placed,CE
7042,86.9,79.6,68.2,7.8,79,82,2.8,77.7,0,2,3,3,11,Male,Yes,No,Placed,CS
7043,69.5,59.7,82.9,8.28,75,57,2.7,71.4,0,0,4,1,0,Male,Yes,Yes,NotPlaced,EE
7044,80.1,91.3,78.4,8.13,68,64,3.3,86.8,0,0,3,1,1,Female,Yes,No,Placed,IT
7045,73.9,64.2,74.4,6.76,75,72,3.4,84.1,1,1,1,2,13,Male,Yes,Yes,Placed,ECE
7046,81.0,56.8,54.4,6.65,59,49,3.3,80.4,1,0,0,1,0,Male,No,Yes,NotPlaced,EE
7047,76.1,80.3,59.0,6.48,57,57,4.0,71.5,1,1,1,0,10,Female,No,Yes,NotPlaced,ChemE
7048,70.8,63.1,69.3,7.19,68,78,2.4,92.3,1,2,2,1,16,Male,Yes,Yes,Placed,EE
7049,79.4,70.6,75.1,7.98,72,82,5.0,80.2,0,2,2,1,12,Female,No,Yes,NotPlaced,ChemE
7050,69.8,67.8,64.8,6.2,70,75,4.3,73.5,2,1,2,2,4,Female,No,Yes,NotPlaced,CE
7051,85.2,75.5,75.6,7.24,79,97,4.4,96.6,0,3,1,5,10,Female,Yes,Yes,Placed,ECE
7052,71.1,91.1,77.5,9.16,97,97,3.7,92.4,0,0,4,5,2,Male,Yes,Yes,Placed,CS
7053,63.8,62.7,67.7,6.86,59,67,3.0,65.7,2,0,0,0,0,Female,No,No,NotPlaced,EE
7054,50.3,62.4,57.3,5.38,53,53,3.4,71.8,3,0,0,1,6,Male,No,Yes,NotPlaced,ECE
7055,82.3,99.0,74.1,8.91,86,58,3.9,85.2,0,2,0,1,15,Male,Yes,Yes,Placed,CS
7056,62.8,63.9,69.6,7.26,60,71,3.9,89.6,2,0,2,1,3,Female,No,No,NotPlaced,ME
7057,62.6,70.5,76.5,7.13,49,67,4.5,75.9,0,0,2,1,5,Female,No,No,Placed,ME
7058,60.6,55.3,66.7,6.69,60,62,3.1,79.1,0,1,1,2,12,Female,Yes,Yes,Placed,ECE
7059,65.8,70.7,67.0,7.61,72,73,2.8,76.6,2,1,3,3,8,Female,Yes,Yes,NotPlaced,CS
7060,66.4,60.1,61.1,6.93,59,69,2.4,68.1,0,0,2,1,5,Female,Yes,No,NotPlaced,CS
7061,54.3,67.4,48.3,6.48,55,65,3.9,74.2,4,2,2,1,12,Female,No,No,NotPlaced,EE
7062,71.6,76.2,74.2,7.7,84,59,3.1,83.7,0,0,0,4,5,Male,Yes,No,Placed,IT
7063,59.7,52.7,51.0,6.02,55,29,2.5,67.2,1,0,0,0,0,Female,No,Yes,NotPlaced,CE
7064,70.5,67.6,69.1,7.22,45,59,4.3,97.9,0,0,0,4,5,Male,Yes,Yes,NotPlaced,IT
7065,83.5,67.0,65.0,6.22,63,72,3.6,90.5,1,2,2,1,17,Female,No,No,Placed,ECE
7066,81.3,75.5,81.6,7.9,79,74,4.2,80.3,0,3,2,3,21,Female,Yes,No,Placed,ECE
7067,75.9,84.3,78.1,8.68,84,83,3.1,78.8,0,1,1,3,3,Male,Yes,Yes,NotPlaced,EE
7068,65.4,72.4,61.4,8.22,56,39,3.0,69.7,0,0,2,0,5,Female,Yes,No,NotPlaced,EE
7069,79.5,70.3,77.4,8.45,83,76,2.1,78.2,1,3,3,1,22,Male,No,No,Placed,CS
7070,79.5,89.6,86.9,8.83,80,80,3.7,85.1,0,0,3,2,2,Male,No,Yes,Placed,ECE
7071,71.1,76.5,72.6,7.74,70,72,3.2,81.6,0,1,2,2,7,Female,No,No,NotPlaced,ME
7072,54.7,62.2,62.8,6.96,57,44,2.0,76.7,0,0,0,1,1,Female,Yes,No,NotPlaced,ME
7073,54.6,60.9,59.0,6.38,61,62,2.3,83.6,1,1,2,0,13,Male,Yes,No,NotPlaced,ME
7074,97.4,86.1,88.4,8.5,86,87,4.7,88.4,0,4,4,3,18,Male,Yes,Yes,Placed,CS
7075,74.6,61.6,67.5,7.25,75,69,3.1,85.7,0,0,0,0,3,Female,Yes,No,NotPlaced,IT
7076,71.7,70.8,82.7,7.65,65,73,3.0,80.5,0,0,2,0,4,Male,Yes,No,NotPlaced,CE
7077,62.4,69.5,63.9,7.28,68,71,3.5,79.2,1,2,2,0,7,Male,No,No,NotPlaced,ECE
7078,80.9,72.7,63.7,7.1,61,62,2.6,72.8,2,1,1,1,11,Female,Yes,No,NotPlaced,CE
7079,56.0,60.5,55.1,5.99,68,53,4.2,87.8,0,1,0,0,3,Male,No,Yes,NotPlaced,ME
7080,70.5,56.4,57.4,6.56,58,59,2.9,89.6,0,2,2,2,16,Male,Yes,No,Placed,CS
7081,78.1,77.5,72.3,7.55,71,76,2.0,66.2,1,0,0,1,0,Male,Yes,No,NotPlaced,IT
7082,81.4,83.5,63.6,7.14,74,65,3.5,75.7,1,0,0,2,1,Male,Yes,Yes,Placed,CS
7083,69.8,79.1,72.5,7.37,67,61,2.9,77.3,0,0,1,0,4,Female,Yes,No,NotPlaced,ME
7084,55.6,63.3,75.6,6.36,67,61,3.3,68.1,0,0,0,0,3,Female,No,No,NotPlaced,CE
7085,64.6,63.8,60.3,8.22,62,69,3.8,95.1,0,0,1,5,4,Male,Yes,No,Placed,IT
7086,58.8,49.6,48.8,5.4,50,57,4.0,74.6,2,0,0,0,0,Female,No,Yes,NotPlaced,CS
7087,77.6,56.2,52.3,6.92,57,50,3.2,70.8,1,0,1,0,7,Male,No,No,NotPlaced,CE
7088,91.8,83.8,81.1,8.13,93,74,3.5,81.1,0,0,1,2,0,Male,Yes,Yes,Placed,CE
7089,69.6,82.9,70.7,8.16,72,59,4.6,85.4,0,1,1,2,12,Male,Yes,Yes,Placed,ME
7090,84.5,81.1,66.1,8.12,78,65,4.2,69.2,2,1,1,2,9,Female,No,No,Placed,IT
7091,57.9,55.6,59.7,6.66,67,74,4.5,67.9,2,0,1,1,0,Male,Yes,Yes,NotPlaced,EE
7092,50.2,53.6,59.9,5.07,60,55,4.3,77.9,1,1,0,1,9,Male,Yes,Yes,NotPlaced,EE
7093,68.2,68.5,69.2,7.27,43,52,3.1,76.5,0,0,0,1,4,Male,Yes,No,NotPlaced,EE
7094,62.4,60.7,67.6,6.49,49,45,4.6,81.1,0,0,0,1,1,Male,Yes,Yes,NotPlaced,ChemE
7095,59.5,51.2,69.5,6.13,60,72,2.8,72.0,0,0,0,0,1,Female,No,No,NotPlaced,ME
7096,84.2,80.0,75.4,6.93,65,62,4.7,96.3,0,1,3,2,9,Male,Yes,Yes,Placed,CS
7097,66.0,77.0,54.3,6.7,76,99,5.0,76.3,0,1,3,2,11,Female,Yes,Yes,Placed,EE
7098,60.5,65.3,70.0,6.92,62,46,3.9,87.0,0,2,0,1,7,Male,Yes,No,NotPlaced,CS
7099,98.2,88.5,79.0,10.0,100,81,4.0,93.1,0,4,4,6,31,Female,Yes,Yes,Placed,ECE
7100,80.3,93.9,81.3,8.74,88,63,5.0,93.0,0,2,3,1,17,Female,No,Yes,Placed,ECE
7101,54.8,53.3,50.2,6.24,62,58,2.9,85.4,0,0,0,3,8,Male,Yes,No,NotPlaced,ChemE
7102,62.8,45.0,55.2,6.41,54,45,3.6,80.7,0,0,1,2,6,Female,No,Yes,NotPlaced,CE
7103,71.4,71.5,69.2,7.92,66,72,3.3,93.7,0,1,4,3,12,Male,Yes,Yes,Placed,EE
7104,49.6,60.1,50.3,5.1,41,47,2.8,80.7,3,1,1,0,11,Female,No,Yes,NotPlaced,CE
7105,58.6,50.9,58.5,6.05,39,39,3.0,66.4,0,0,1,2,3,Female,No,Yes,NotPlaced,CS
7106,75.0,70.3,69.3,7.59,78,70,3.5,82.0,0,0,2,1,2,Female,Yes,Yes,Placed,ChemE
7107,76.7,74.7,78.4,7.47,83,78,3.5,97.8,0,2,3,3,18,Female,No,Yes,Placed,CE
7108,47.7,53.0,48.0,6.81,67,72,2.4,80.6,1,0,5,1,0,Female,No,No,NotPlaced,CS
7109,75.6,64.7,66.2,8.18,74,61,3.4,87.1,0,0,1,3,6,Female,No,No,Placed,CS
7110,76.4,59.7,67.5,6.53,58,65,3.7,76.0,1,1,0,3,5,Male,No,No,NotPlaced,ME
7111,61.6,45.0,48.5,5.77,45,70,2.9,79.9,1,0,0,2,0,Male,Yes,Yes,NotPlaced,ChemE
7112,70.3,67.9,67.3,7.32,67,65,3.9,71.7,1,0,3,2,0,Male,Yes,No,Placed,ECE
7113,87.3,85.0,77.2,9.3,84,70,3.6,96.4,1,1,2,2,4,Female,Yes,Yes,Placed,ECE
7114,77.8,74.3,61.2,7.65,55,61,3.7,91.6,0,1,0,3,5,Female,No,No,NotPlaced,CS
7115,64.0,66.9,61.6,7.15,72,82,3.0,83.9,0,2,2,1,7,Female,Yes,Yes,Placed,CS
7116,86.9,66.6,74.8,8.4,68,68,2.7,75.1,0,3,1,5,12,Female,No,No,NotPlaced,ME
7117,62.4,55.0,55.5,6.72,67,76,3.0,89.7,0,0,0,2,1,Female,Yes,Yes,NotPlaced,ChemE
7118,58.9,61.0,63.0,6.46,48,74,3.1,93.9,0,3,2,0,21,Male,Yes,No,Placed,ChemE
7119,92.5,84.5,74.9,8.72,90,88,5.0,86.8,0,3,2,3,17,Female,No,Yes,Placed,CS
7120,55.1,66.0,67.1,7.46,55,59,3.4,63.0,2,0,4,0,3,Male,No,Yes,NotPlaced,ECE
7121,62.5,63.4,65.2,7.33,61,70,3.0,77.9,0,0,4,2,3,Female,No,No,NotPlaced,CE
7122,74.6,68.4,71.5,7.6,66,44,4.8,79.4,1,0,0,0,0,Male,No,Yes,NotPlaced,EE
7123,59.3,47.9,48.0,5.15,47,59,3.5,71.7,2,1,0,0,9,Male,Yes,No,NotPlaced,IT
7124,75.8,52.8,62.6,6.12,41,56,3.3,73.0,3,0,1,3,1,Male,No,No,NotPlaced,CE
7125,45.0,60.3,59.2,6.44,62,59,2.0,73.2,2,2,1,2,7,Male,Yes,No,NotPlaced,ChemE
7126,86.2,78.7,73.0,7.93,56,70,3.3,77.1,0,1,3,0,4,Male,No,No,NotPlaced,CE
7127,61.7,59.9,67.2,7.63,67,69,3.8,87.2,0,1,5,1,9,Female,No,Yes,Placed,ME
7128,86.9,77.8,83.3,8.74,99,65,3.3,75.3,3,2,2,0,19,Male,Yes,No,Placed,CE
7129,84.0,82.1,78.5,9.59,86,81,3.3,89.2,0,1,6,0,10,Male,Yes,Yes,Placed,ChemE
7130,78.7,58.3,65.7,7.02,68,69,2.8,87.8,0,2,3,3,7,Female,Yes,Yes,NotPlaced,CS
7131,65.1,58.6,57.1,7.26,59,53,2.8,78.2,0,0,1,2,0,Male,No,Yes,NotPlaced,CE
7132,88.9,85.3,89.3,8.18,69,71,2.8,98.6,0,3,2,4,16,Male,No,No,Placed,ME
7133,59.7,59.3,60.0,6.88,70,84,3.7,58.9,1,1,3,1,7,Male,Yes,No,NotPlaced,IT
7134,69.1,61.1,60.1,7.47,81,49,2.9,77.5,1,1,1,1,7,Male,No,No,NotPlaced,CS
7135,79.3,85.0,65.9,8.17,72,69,3.1,68.6,1,0,3,0,3,Female,No,No,NotPlaced,ECE
7136,78.0,65.9,58.1,6.96,58,67,2.3,91.0,0,0,3,1,0,Male,Yes,Yes,Placed,EE
7137,72.5,69.4,64.3,6.99,67,66,3.8,70.4,2,0,2,2,2,Female,No,No,NotPlaced,ECE
7138,76.3,66.7,70.4,7.58,76,64,2.8,64.5,1,0,4,1,2,Male,No,No,Placed,CS
7139,86.5,78.3,81.0,8.78,81,73,3.6,89.9,0,0,1,1,0,Male,No,Yes,Placed,ECE
7140,88.2,78.8,81.2,8.64,73,57,2.7,94.9,0,2,2,1,9,Male,Yes,No,Placed,ME
7141,75.0,72.0,68.3,7.28,72,61,3.6,75.1,0,0,1,3,2,Male,Yes,Yes,NotPlaced,ME
7142,68.8,93.0,72.8,7.52,57,66,3.2,85.0,1,0,1,1,2,Male,Yes,Yes,Placed,ME
7143,84.6,79.3,85.4,8.35,78,75,4.4,88.3,0,3,7,1,19,Female,Yes,No,NotPlaced,ME
7144,76.7,84.0,77.9,8.0,60,91,4.5,94.6,0,1,1,3,9,Female,No,No,Placed,CE
7145,74.4,93.7,76.1,7.23,71,52,4.7,68.8,1,3,1,0,17,Female,Yes,Yes,Placed,ECE
7146,65.7,83.1,66.5,7.43,65,63,3.0,79.0,0,2,1,2,13,Male,Yes,Yes,Placed,CS
7147,66.2,60.3,61.8,6.01,75,79,2.4,73.0,1,1,0,2,12,Female,No,Yes,NotPlaced,CS
7148,66.4,68.9,60.8,5.6,52,62,3.9,79.3,1,1,1,1,7,Female,No,Yes,Placed,CE
7149,76.2,83.1,82.3,8.73,86,70,4.4,77.3,1,1,3,2,4,Female,No,Yes,Placed,CS
7150,64.9,70.8,73.6,6.99,73,85,1.7,97.3,0,0,3,1,0,Male,Yes,No,Placed,EE
7151,83.9,74.5,68.4,7.73,65,56,2.9,78.9,0,0,1,0,5,Male,Yes,Yes,Placed,ME
7152,71.8,69.9,54.2,7.05,59,29,3.7,68.0,1,1,0,0,8,Male,Yes,No,NotPlaced,ECE
7153,77.1,78.9,73.9,7.97,70,52,4.4,83.3,0,2,1,1,8,Male,Yes,Yes,Placed,ME
7154,77.2,69.5,63.9,8.07,75,70,2.8,78.7,0,0,2,3,0,Female,No,Yes,Placed,CS
7155,82.3,81.0,86.6,9.24,78,67,4.3,78.9,0,1,1,4,9,Male,Yes,No,Placed,CS
7156,81.9,72.4,72.5,8.18,90,74,2.7,100.0,0,0,2,2,5,Male,Yes,Yes,Placed,IT
7157,60.1,58.1,56.0,6.57,77,62,2.2,84.4,5,0,0,1,3,Female,No,Yes,NotPlaced,EE
7158,69.6,61.5,59.2,6.11,44,41,3.7,59.9,2,0,3,1,0,Female,No,No,NotPlaced,CE
7159,71.1,86.9,72.9,8.77,85,77,4.2,96.7,0,0,4,6,6,Male,Yes,Yes,Placed,CS
7160,65.9,59.8,69.9,7.36,74,82,3.5,91.7,1,1,6,0,8,Male,No,No,Placed,CS
7161,56.1,63.2,65.5,6.13,68,71,2.8,79.3,1,2,2,2,13,Female,Yes,No,NotPlaced,CS
7162,64.8,53.7,51.8,6.17,35,49,2.8,80.1,0,1,0,1,8,Male,No,Yes,NotPlaced,ME
7163,74.8,73.3,74.1,7.56,66,66,4.1,79.8,0,2,5,2,16,Female,No,Yes,Placed,CE
7164,69.4,84.4,75.9,8.29,85,59,3.4,83.1,0,2,0,0,20,Male,Yes,Yes,Placed,EE
7165,65.1,74.4,57.8,7.4,75,71,3.2,74.4,1,0,1,1,2,Female,No,No,NotPlaced,IT
7166,65.4,75.9,67.0,6.45,54,63,2.2,79.9,0,0,2,2,0,Male,Yes,No,NotPlaced,IT
7167,56.6,65.4,62.6,6.89,80,70,2.5,81.3,0,1,1,2,4,Male,Yes,Yes,Placed,CS
7168,88.2,76.0,76.1,8.4,66,56,4.2,89.8,0,1,1,1,13,Female,Yes,No,Placed,ChemE
7169,62.3,70.2,51.5,6.55,63,49,4.2,73.3,0,0,0,0,8,Male,Yes,Yes,Placed,ChemE
7170,74.2,75.8,54.0,6.71,56,54,3.3,68.8,1,0,1,1,4,Male,Yes,Yes,NotPlaced,EE
7171,58.2,79.3,71.8,7.18,64,54,4.6,72.2,1,0,1,1,0,Male,No,Yes,NotPlaced,ECE
7172,63.4,60.5,59.8,5.42,50,37,2.7,83.1,1,0,0,1,8,Male,Yes,Yes,NotPlaced,ChemE
7173,70.7,80.4,79.9,9.05,82,63,3.6,97.4,0,3,2,3,13,Male,Yes,No,Placed,CS
7174,86.7,71.9,70.0,7.33,59,52,3.3,78.9,1,0,1,1,5,Female,No,Yes,Placed,EE
7175,62.6,79.6,65.5,7.47,85,67,3.3,78.1,1,1,1,2,9,Male,No,Yes,NotPlaced,ECE
7176,78.4,59.4,60.5,6.36,65,46,3.9,85.5,0,0,0,0,4,Male,No,No,Placed,EE
7177,68.1,64.4,63.3,7.38,61,54,3.7,76.9,1,0,1,1,3,Male,Yes,No,NotPlaced,EE
7178,66.0,89.3,60.0,7.02,69,81,3.7,85.4,1,1,3,0,8,Male,Yes,No,Placed,ECE
7179,70.0,59.9,56.4,6.89,68,71,3.1,68.4,3,0,5,1,2,Female,No,Yes,NotPlaced,ECE
7180,72.6,84.9,83.6,8.41,71,62,4.0,72.1,3,1,0,0,6,Female,No,Yes,NotPlaced,CE
7181,73.9,61.7,61.6,7.09,67,63,3.8,81.4,0,2,3,3,12,Female,Yes,Yes,Placed,ME
7182,70.1,60.0,62.5,5.74,68,56,3.4,83.3,3,1,3,3,8,Male,Yes,Yes,NotPlaced,CE
7183,87.9,79.8,87.2,8.87,97,99,4.5,89.8,0,2,1,0,8,Female,Yes,Yes,Placed,ECE
7184,65.6,53.6,65.5,6.77,54,57,2.6,63.2,0,0,0,0,2,Male,Yes,No,Placed,CE
7185,78.1,66.1,64.1,6.83,61,68,2.3,72.5,0,0,0,0,5,Male,Yes,No,NotPlaced,CE
7186,74.7,71.7,65.1,6.97,54,52,4.1,74.5,0,0,2,2,4,Female,No,Yes,Placed,ME
7187,74.5,93.7,71.1,8.24,83,48,4.4,76.3,1,0,0,1,3,Female,No,No,NotPlaced,ME
7188,71.3,63.4,67.0,7.24,76,93,2.8,64.3,0,1,0,0,7,Male,No,Yes,NotPlaced,CE
7189,71.2,74.6,78.5,8.32,70,67,2.8,72.2,0,2,0,1,10,Male,Yes,No,Placed,ME
7190,58.7,61.0,73.2,6.71,58,63,3.5,84.6,1,0,0,0,5,Female,Yes,Yes,Placed,CS
7191,66.4,52.0,64.0,6.79,66,59,3.3,80.4,1,0,1,1,3,Female,No,Yes,NotPlaced,ME
7192,59.8,69.5,60.5,7.05,59,60,4.0,63.3,3,2,0,1,14,Male,No,Yes,NotPlaced,IT
7193,78.7,75.6,73.0,8.36,76,65,2.7,79.5,1,0,5,3,10,Male,Yes,No,Placed,ME
7194,75.3,56.7,56.4,7.22,71,63,4.2,79.5,0,1,1,1,7,Female,Yes,Yes,Placed,ME
7195,87.7,80.6,66.4,7.31,57,52,3.3,91.0,0,2,0,2,13,Male,Yes,No,Placed,ECE
7196,74.6,63.1,60.1,7.97,69,70,3.1,81.3,1,2,3,3,9,Male,No,Yes,Placed,ME
7197,71.9,84.2,83.1,9.28,96,47,4.0,70.3,0,0,2,0,0,Male,Yes,No,Placed,ME
7198,58.1,68.3,69.4,6.97,52,66,2.2,77.0,2,2,4,3,6,Female,Yes,No,Placed,ECE
7199,86.2,73.3,82.1,7.72,79,65,4.1,81.1,0,0,0,1,3,Male,Yes,Yes,NotPlaced,CS
7200,68.9,63.6,86.4,7.63,58,62,3.5,67.0,2,0,2,0,3,Female,No,Yes,Placed,CS
7201,57.6,77.6,66.8,7.08,54,60,4.3,87.9,1,1,2,0,4,Male,Yes,No,NotPlaced,EE
7202,65.3,64.9,66.6,7.51,68,72,4.4,72.8,0,1,3,2,6,Male,No,Yes,NotPlaced,CE
7203,65.5,45.0,53.9,6.61,53,43,3.6,79.1,2,0,1,0,6,Female,Yes,No,NotPlaced,CS
7204,69.9,73.5,62.2,6.63,68,62,3.6,75.5,1,2,0,1,11,Female,No,Yes,Placed,ME
7205,79.8,79.8,84.2,7.46,67,68,2.5,63.6,0,0,0,0,3,Female,No,Yes,NotPlaced,EE
7206,59.9,47.5,48.0,6.55,41,43,3.0,56.0,1,0,1,0,0,Female,No,Yes,NotPlaced,CE
7207,66.9,73.2,80.4,7.79,75,76,4.3,77.5,0,3,1,3,14,Female,No,Yes,Placed,CS
7208,68.8,89.4,74.5,8.99,73,91,3.0,97.1,0,2,5,3,10,Male,No,No,Placed,ECE
7209,75.4,91.7,76.9,8.44,83,53,3.3,77.6,0,0,3,1,0,Female,No,No,Placed,EE
7210,75.8,78.0,58.6,7.87,61,54,4.6,88.3,0,0,2,1,4,Male,Yes,Yes,Placed,IT
7211,67.3,80.9,78.5,7.74,72,36,3.0,86.3,0,0,0,1,8,Male,Yes,No,Placed,ME
7212,76.9,73.2,70.5,7.75,51,53,4.1,91.1,0,0,0,0,4,Female,Yes,No,Placed,CS
7213,68.1,72.7,66.9,8.15,77,61,4.4,77.4,0,1,1,2,6,Male,Yes,No,NotPlaced,CE
7214,63.4,65.1,78.3,7.3,59,59,3.2,82.1,0,2,1,0,18,Female,No,Yes,NotPlaced,CS
7215,68.4,63.9,69.7,7.3,76,48,2.8,79.7,0,0,2,0,2,Male,Yes,Yes,NotPlaced,IT
7216,72.4,73.3,60.6,7.31,73,86,3.6,88.4,0,3,3,5,21,Female,Yes,No,NotPlaced,CE
7217,90.0,86.5,65.7,8.13,74,82,3.3,79.8,1,1,5,0,6,Male,Yes,No,Placed,CE
7218,55.1,66.1,62.4,7.18,61,68,2.9,88.8,0,1,0,4,14,Male,Yes,No,Placed,IT
7219,77.9,62.3,69.4,7.49,60,52,2.4,73.2,0,0,1,1,5,Female,Yes,No,Placed,EE
7220,77.0,87.8,68.0,7.76,77,72,4.7,92.2,0,1,7,3,8,Male,Yes,No,Placed,CS
7221,73.4,77.4,80.7,8.18,65,74,4.2,75.0,1,1,3,0,10,Male,No,Yes,Placed,ECE
7222,67.2,64.4,54.1,6.18,50,52,3.9,64.0,2,0,0,1,3,Male,No,No,NotPlaced,CE
7223,76.0,53.9,62.1,7.02,60,61,2.3,69.2,1,0,1,1,0,Male,Yes,No,NotPlaced,EE
7224,45.0,49.7,48.0,5.11,52,31,3.3,70.4,4,0,0,0,2,Male,No,No,NotPlaced,ME
7225,78.6,89.3,80.0,8.72,76,67,3.7,92.2,2,3,3,4,27,Female,Yes,Yes,Placed,ChemE
7226,67.1,58.0,72.1,7.97,55,56,3.4,86.2,1,0,2,1,1,Female,Yes,No,Placed,IT
7227,92.8,87.2,94.3,8.73,90,94,3.3,99.0,0,1,4,1,7,Male,Yes,Yes,Placed,ChemE
7228,85.3,76.1,72.7,8.26,81,85,4.1,88.3,0,0,5,4,4,Male,No,Yes,Placed,CS
7229,61.8,69.7,49.5,6.29,50,33,2.2,75.9,1,0,1,0,0,Male,No,Yes,NotPlaced,IT
7230,81.3,90.2,84.2,8.35,88,91,4.8,91.5,0,2,3,4,12,Male,Yes,Yes,Placed,ECE
7231,68.6,76.3,60.3,6.65,56,52,3.2,63.3,2,0,0,0,7,Male,No,No,NotPlaced,CE
7232,60.3,65.8,56.7,6.4,54,54,3.0,89.7,1,0,1,2,1,Male,No,Yes,NotPlaced,CS
7233,49.6,70.0,62.6,6.58,59,57,2.9,81.0,1,0,1,2,7,Male,Yes,Yes,NotPlaced,EE
7234,65.9,51.5,61.3,6.88,56,67,3.1,66.8,0,0,2,0,5,Female,No,Yes,NotPlaced,ChemE
7235,68.5,50.4,55.4,6.19,58,39,3.4,65.5,1,0,1,0,1,Female,No,No,NotPlaced,ECE
7236,88.6,92.8,81.0,8.47,76,61,3.9,92.9,0,4,1,5,32,Male,No,Yes,Placed,ChemE
7237,70.5,73.9,78.3,9.06,71,64,3.9,86.4,1,1,0,3,7,Female,Yes,Yes,Placed,CE
7238,68.9,57.5,63.9,6.57,44,67,3.6,86.0,1,0,1,2,0,Male,No,No,NotPlaced,ME
7239,69.9,45.0,59.3,5.82,64,64,2.9,72.1,0,2,3,0,19,Male,No,No,NotPlaced,ChemE
7240,87.9,75.5,54.6,6.99,57,65,2.8,90.6,0,1,3,0,7,Male,No,No,Placed,IT
7241,82.8,68.9,74.5,8.66,63,61,3.9,84.3,0,2,0,2,10,Female,Yes,Yes,Placed,ME
7242,79.8,64.0,68.6,7.44,64,77,2.3,74.2,1,2,2,2,9,Male,Yes,No,Placed,ECE
7243,64.1,78.0,66.9,7.47,62,68,5.0,81.5,2,0,2,3,2,Female,Yes,Yes,NotPlaced,ECE
7244,63.2,51.7,63.8,7.07,68,71,4.0,78.3,1,0,3,3,3,Male,Yes,Yes,Placed,ME
7245,65.2,65.6,50.7,5.83,67,61,3.4,78.8,0,0,0,1,4,Male,Yes,Yes,Placed,ECE
7246,63.2,70.0,78.0,8.48,88,87,4.0,82.5,0,1,4,2,14,Male,No,No,Placed,ECE
7247,56.0,50.1,53.2,5.01,35,31,2.7,77.5,3,0,0,0,5,Male,No,No,NotPlaced,CS
7248,72.4,52.7,58.3,5.6,43,61,4.0,82.0,1,0,0,2,2,Female,No,No,NotPlaced,EE
7249,67.1,48.4,53.0,6.15,72,85,2.9,84.0,1,0,1,5,1,Male,Yes,No,NotPlaced,EE
7250,74.2,60.6,70.1,6.94,65,55,3.9,68.4,0,0,1,0,0,Female,Yes,No,NotPlaced,EE
7251,62.2,53.1,63.0,6.32,49,56,3.5,83.7,1,2,1,3,16,Female,No,No,NotPlaced,ChemE
7252,60.9,51.3,66.1,6.47,59,46,3.1,68.6,0,0,2,0,1,Male,No,No,NotPlaced,ME
7253,91.0,85.7,68.2,7.76,79,61,3.8,86.0,0,0,0,1,8,Male,Yes,Yes,Placed,EE
7254,80.5,61.6,87.0,7.18,73,75,5.0,71.5,2,0,2,0,3,Female,Yes,Yes,Placed,ECE
7255,71.1,47.2,62.5,7.26,53,52,3.0,67.8,2,0,1,0,0,Male,Yes,Yes,NotPlaced,ME
7256,72.5,53.8,65.3,7.8,52,74,3.6,87.8,0,0,3,0,2,Female,No,No,NotPlaced,CE
7257,69.0,74.8,82.5,7.5,69,51,4.1,82.2,0,0,0,2,5,Male,Yes,No,Placed,ECE
7258,66.0,45.0,58.1,6.36,58,74,3.0,67.7,5,1,2,3,6,Female,No,Yes,NotPlaced,IT
7259,70.5,69.4,70.8,6.4,65,63,4.2,90.1,0,0,5,0,2,Male,Yes,No,Placed,EE
7260,67.5,80.2,65.2,7.03,51,71,2.9,82.4,0,0,3,0,2,Male,Yes,No,Placed,EE
7261,76.2,71.1,75.2,7.75,68,62,2.3,71.3,1,1,1,0,9,Male,Yes,Yes,NotPlaced,ChemE
7262,79.5,79.0,76.4,7.8,72,78,2.7,91.8,0,0,3,2,2,Female,No,No,Placed,CS
7263,82.1,64.3,58.6,7.51,65,63,3.4,77.5,3,0,2,2,1,Male,Yes,Yes,Placed,ECE
7264,53.8,60.7,59.9,6.27,64,50,4.1,76.4,0,1,0,4,8,Female,No,Yes,Placed,ECE
7265,88.3,85.4,90.1,9.21,82,78,4.6,86.2,0,0,0,3,3,Male,No,Yes,Placed,ECE
7266,85.5,70.0,66.3,6.63,83,52,3.0,89.7,0,1,0,2,8,Male,No,Yes,NotPlaced,ChemE
7267,80.6,85.4,65.9,8.01,72,72,3.7,78.8,0,2,4,5,17,Female,No,No,Placed,IT
7268,64.2,59.7,62.0,6.76,73,83,3.4,84.3,2,2,4,3,10,Female,No,Yes,NotPlaced,IT
7269,75.7,61.4,71.1,7.3,67,76,2.1,90.1,1,1,7,4,5,Male,Yes,No,Placed,CS
7270,60.6,57.3,63.8,6.23,63,58,4.0,64.5,3,0,4,2,2,Male,No,No,NotPlaced,EE
7271,84.7,79.7,65.2,8.08,65,76,3.3,75.3,0,2,1,6,10,Male,No,No,Placed,ECE
7272,78.5,67.8,63.3,7.57,80,70,3.8,88.3,0,2,4,2,7,Male,Yes,No,Placed,IT
7273,64.5,70.8,67.3,7.7,93,76,4.2,75.0,1,1,7,1,9,Female,Yes,No,Placed,IT
7274,63.9,63.4,54.9,6.16,49,55,2.8,84.3,1,0,3,3,3,Male,Yes,No,NotPlaced,ME
7275,67.1,78.5,57.5,6.83,38,60,4.0,78.7,0,1,1,0,7,Female,Yes,No,NotPlaced,ME
7276,80.6,82.9,72.9,8.62,74,83,3.6,78.8,0,1,2,0,11,Female,No,No,Placed,CS
7277,89.9,79.9,89.2,9.73,96,92,4.5,97.4,0,3,4,2,13,Male,Yes,Yes,Placed,ME
7278,82.3,59.2,71.0,6.97,71,54,3.2,90.2,0,1,4,1,3,Male,Yes,No,Placed,EE
7279,80.1,76.6,68.2,8.01,71,70,4.6,95.7,0,2,1,1,16,Male,No,Yes,Placed,ME
7280,72.0,70.1,70.7,7.34,85,76,4.0,85.3,0,3,2,4,18,Male,No,No,NotPlaced,CS
7281,78.4,76.7,71.3,8.27,82,90,3.6,87.2,0,1,3,4,12,Male,Yes,Yes,Placed,CS
7282,79.7,72.4,79.2,8.18,86,67,3.3,81.4,1,1,0,0,4,Male,No,Yes,Placed,CE
7283,65.0,57.5,61.3,6.87,55,64,3.0,95.5,0,0,0,0,0,Female,No,No,NotPlaced,IT
7284,67.0,62.4,70.8,7.03,63,89,2.4,76.4,1,1,1,0,11,Female,Yes,No,Placed,CE
7285,80.1,69.0,63.4,7.1,73,85,4.5,84.9,0,2,2,3,9,Female,Yes,Yes,Placed,ECE
7286,72.2,72.5,77.2,8.4,71,61,3.9,74.5,2,0,0,1,2,Female,Yes,Yes,NotPlaced,ChemE
7287,62.0,67.3,73.5,7.27,92,97,4.3,68.6,0,0,5,3,0,Male,Yes,No,Placed,ME
7288,82.0,69.3,56.1,6.62,70,67,4.0,78.4,1,0,1,5,2,Male,Yes,No,NotPlaced,ECE
7289,47.2,49.5,50.2,5.29,55,63,4.4,74.1,1,2,3,0,12,Male,Yes,Yes,NotPlaced,ME
7290,81.1,71.1,71.3,7.44,73,63,4.6,93.9,2,3,4,2,13,Male,No,Yes,Placed,CS
7291,74.1,66.9,65.7,7.24,63,67,3.7,84.7,1,2,2,5,12,Male,No,No,NotPlaced,CS
7292,51.0,46.2,48.0,5.9,52,54,4.0,85.5,0,1,1,0,6,Female,Yes,Yes,NotPlaced,EE
7293,77.9,89.0,75.8,7.87,72,80,4.6,90.1,0,2,0,4,14,Male,Yes,No,Placed,IT
7294,76.2,93.0,65.3,8.17,83,88,3.2,78.1,1,1,2,0,5,Female,No,No,Placed,CS
7295,71.1,76.0,66.8,7.08,48,52,2.4,75.7,2,3,0,0,17,Male,No,No,NotPlaced,IT
7296,68.8,58.5,75.3,7.67,58,64,4.0,78.0,2,1,3,1,7,Female,Yes,No,NotPlaced,ChemE
7297,65.9,59.5,62.7,6.26,56,51,3.3,74.8,0,0,2,1,3,Male,Yes,Yes,NotPlaced,ME
7298,63.3,66.5,66.6,6.72,51,53,4.3,84.2,1,0,0,1,6,Female,No,No,NotPlaced,CE
7299,87.6,72.1,73.2,8.44,79,81,3.2,81.7,0,2,1,3,17,Female,No,Yes,Placed,ChemE
7300,66.7,61.9,62.7,7.49,59,66,2.6,70.3,0,0,0,2,5,Male,No,No,NotPlaced,ChemE
7301,70.8,65.5,73.7,8.09,85,89,3.4,84.1,0,0,1,3,3,Female,No,No,Placed,CS
7302,74.7,74.4,87.6,8.56,71,57,2.4,67.9,3,1,1,0,6,Female,No,No,Placed,ECE
7303,66.0,53.9,58.2,6.7,75,55,2.8,84.8,1,1,0,1,4,Male,Yes,Yes,NotPlaced,CE
7304,51.5,45.0,72.1,6.44,58,60,4.1,80.5,1,2,1,2,6,Female,No,Yes,NotPlaced,ME
7305,79.0,77.2,66.8,7.19,70,60,3.9,88.7,0,1,1,1,9,Female,Yes,No,Placed,ME
7306,63.1,63.5,55.2,6.21,52,56,3.4,72.1,2,2,2,1,18,Female,No,Yes,NotPlaced,CE
7307,89.3,74.6,93.8,8.45,84,77,3.5,99.5,0,1,1,4,3,Male,No,Yes,Placed,EE
7308,74.3,77.7,70.6,7.77,66,45,4.4,80.8,0,0,0,0,3,Female,Yes,No,Placed,CE
7309,47.8,50.0,48.0,5.28,41,30,3.4,61.6,3,0,0,0,5,Female,Yes,No,NotPlaced,EE
7310,74.2,90.3,84.0,8.76,86,70,4.4,85.9,0,0,2,1,6,Female,No,Yes,Placed,ECE
7311,70.3,79.6,78.9,8.55,82,50,3.9,66.2,0,2,3,0,19,Male,Yes,No,Placed,ECE
7312,63.0,66.0,68.1,8.06,80,49,4.2,77.3,0,0,0,0,2,Male,No,No,Placed,CE
7313,77.5,78.5,76.6,7.3,67,44,3.0,81.9,1,0,0,1,9,Male,Yes,No,NotPlaced,ME
7314,75.5,80.7,72.6,7.65,70,54,4.9,87.3,0,0,3,3,8,Female,Yes,Yes,Placed,IT
7315,51.6,68.5,54.2,6.69,55,66,2.7,71.0,1,0,1,0,1,Male,No,Yes,NotPlaced,IT
7316,74.9,86.0,73.0,8.35,74,71,3.6,87.5,0,0,1,1,5,Male,Yes,No,NotPlaced,CE
7317,79.9,90.0,66.1,8.29,65,49,3.6,73.6,0,0,1,0,3,Male,No,No,NotPlaced,CE
7318,76.8,72.4,64.3,6.75,65,70,3.3,73.4,1,0,2,1,2,Male,No,Yes,NotPlaced,ECE
7319,53.8,54.2,60.1,5.95,69,57,3.4,76.1,0,0,4,2,0,Female,Yes,Yes,NotPlaced,ECE
7320,97.6,82.0,85.0,8.02,78,62,3.4,91.5,0,2,3,6,23,Male,No,Yes,Placed,EE
7321,63.0,59.5,71.3,7.7,63,51,4.1,72.1,2,1,0,1,3,Female,No,Yes,Placed,CE
7322,69.0,90.0,76.8,8.46,67,65,3.0,92.8,0,0,1,0,0,Male,Yes,Yes,Placed,ME
7323,84.9,63.1,67.8,7.75,63,65,1.9,73.8,0,2,2,1,13,Female,No,No,Placed,ECE
7324,70.6,94.5,72.1,7.9,74,60,4.6,92.3,0,3,0,1,17,Female,No,Yes,Placed,ME
7325,80.7,64.9,66.8,6.83,76,77,3.8,80.0,0,0,2,0,2,Female,No,Yes,Placed,ECE
7326,64.5,66.8,65.0,7.41,74,67,3.7,74.1,3,0,1,1,0,Male,No,No,Placed,ME
7327,76.1,73.0,75.7,7.49,84,72,3.9,100.0,1,1,1,4,5,Male,Yes,Yes,Placed,EE
7328,57.4,58.8,71.1,7.08,50,53,3.5,87.5,1,1,0,3,13,Female,No,Yes,Placed,CE
7329,87.7,72.5,83.3,8.75,68,51,2.7,77.0,1,0,0,1,2,Male,No,No,NotPlaced,CE
7330,68.4,58.7,53.0,5.18,61,64,3.4,92.9,0,1,1,5,6,Female,Yes,Yes,NotPlaced,ChemE
7331,52.5,54.2,57.4,5.47,62,59,2.2,71.8,2,0,2,1,5,Male,No,No,NotPlaced,CE
7332,66.1,60.7,66.6,6.83,67,71,3.9,76.7,0,1,1,1,11,Male,Yes,Yes,Placed,ME
7333,87.8,84.3,77.5,8.34,97,85,4.5,81.6,0,0,3,2,3,Male,Yes,No,Placed,IT
7334,75.5,73.2,83.5,8.07,83,62,3.2,98.9,0,1,4,4,9,Female,Yes,No,Placed,ECE
7335,72.3,59.4,51.0,7.33,62,56,2.6,66.8,0,0,1,0,9,Male,No,Yes,NotPlaced,EE
7336,62.3,74.3,65.0,6.18,59,51,3.1,79.4,1,1,0,0,6,Female,Yes,No,NotPlaced,CE
7337,59.1,55.5,58.7,6.36,41,56,3.9,87.9,0,1,0,1,4,Female,Yes,No,NotPlaced,CE
7338,69.8,77.8,73.3,7.96,65,44,4.6,99.7,0,0,1,2,0,Male,Yes,No,Placed,CS
7339,47.8,45.0,52.4,5.26,56,70,3.4,70.5,1,2,1,1,13,Male,Yes,Yes,NotPlaced,CE
7340,76.3,67.3,78.6,7.59,84,68,4.2,91.5,0,0,3,3,4,Male,Yes,Yes,Placed,CE
7341,60.6,58.7,68.0,5.33,62,38,3.6,78.0,0,0,0,0,1,Female,No,Yes,NotPlaced,CS
7342,54.9,45.0,48.0,5.0,35,52,1.4,65.0,4,0,0,0,0,Male,No,No,NotPlaced,IT
7343,75.1,68.7,76.3,8.17,83,63,2.1,70.1,0,0,1,0,3,Male,Yes,No,NotPlaced,ECE
7344,75.7,90.0,84.5,9.29,72,64,4.1,92.6,0,2,0,1,14,Female,No,No,Placed,CE
7345,67.1,72.3,67.5,6.89,54,92,3.2,93.6,0,1,3,1,5,Female,No,No,Placed,IT
7346,96.0,84.7,86.8,8.02,95,67,2.5,81.0,0,2,3,6,11,Female,Yes,No,Placed,CS
7347,45.0,45.0,48.0,5.0,35,67,3.8,75.9,1,4,1,0,17,Female,No,No,NotPlaced,ME
7348,69.9,78.9,62.9,7.42,49,79,3.9,72.3,1,0,2,1,1,Male,No,No,NotPlaced,EE
7349,54.6,66.5,66.9,7.45,80,85,2.7,67.1,0,1,1,2,7,Male,No,Yes,Placed,IT
7350,67.0,60.6,66.6,7.27,67,64,3.5,84.2,0,0,1,2,6,Female,No,Yes,Placed,ME
7351,68.0,77.1,71.9,6.74,77,77,4.0,80.7,2,1,1,2,6,Male,Yes,Yes,Placed,CS
7352,80.7,87.4,76.1,8.39,91,73,4.2,89.4,0,1,2,1,8,Male,Yes,Yes,Placed,ECE
7353,51.6,47.8,53.2,5.29,44,25,3.6,60.5,2,0,0,0,3,Male,No,No,NotPlaced,ME
7354,46.6,47.8,59.3,6.29,54,51,3.8,76.6,2,0,1,0,3,Female,No,No,NotPlaced,ME
7355,72.6,79.4,73.2,7.69,70,72,2.8,80.3,0,2,4,2,11,Male,Yes,No,Placed,CS
7356,74.4,63.6,72.7,7.95,69,74,4.0,86.7,0,0,0,2,4,Male,Yes,No,Placed,CS
7357,57.7,82.8,64.1,6.35,70,71,4.4,83.7,0,0,2,0,1,Male,No,Yes,NotPlaced,EE
7358,77.4,74.4,78.0,9.02,73,59,3.5,71.1,0,0,0,0,3,Female,Yes,Yes,NotPlaced,IT
7359,81.5,75.1,71.3,7.1,83,80,3.0,100.0,0,2,0,2,10,Male,Yes,No,Placed,CE
7360,61.1,61.9,67.7,6.87,65,67,3.8,72.2,0,2,0,0,18,Male,No,No,Placed,ECE
7361,67.9,54.7,61.8,6.11,64,73,2.6,63.9,2,1,0,1,5,Male,No,No,NotPlaced,IT
7362,60.7,51.6,64.9,6.17,73,69,4.2,65.2,1,1,1,0,7,Female,No,No,Placed,ECE
7363,68.8,85.3,70.3,8.27,65,62,3.3,85.7,1,0,1,1,0,Female,No,No,NotPlaced,CE
7364,76.0,79.9,77.4,7.58,67,81,4.5,83.3,0,0,3,2,3,Male,Yes,Yes,Placed,ECE
7365,71.7,61.8,69.3,7.34,70,55,2.7,86.4,1,0,2,0,5,Male,No,No,Placed,ChemE
7366,86.9,67.8,72.8,7.94,72,77,4.3,70.5,1,0,3,1,3,Male,Yes,Yes,Placed,CS
7367,71.4,68.9,72.7,7.07,68,56,4.7,85.3,0,0,0,3,2,Female,Yes,Yes,Placed,ME
7368,78.4,84.6,68.7,8.33,73,69,5.0,99.2,0,1,0,2,9,Male,Yes,Yes,NotPlaced,CS
7369,81.4,80.2,77.5,8.15,72,90,3.7,66.6,0,0,2,2,1,Female,Yes,No,Placed,CE
7370,86.9,80.3,67.5,7.67,93,70,4.7,85.4,0,0,2,1,2,Female,Yes,No,Placed,IT
7371,68.3,73.2,63.1,7.14,60,75,4.6,82.2,0,1,4,0,9,Male,Yes,No,Placed,ME
7372,66.7,70.5,67.5,6.27,61,46,3.8,83.7,0,0,0,2,5,Female,Yes,No,NotPlaced,EE
7373,99.0,80.3,89.8,9.25,94,89,4.2,94.3,0,1,3,3,10,Female,Yes,Yes,Placed,IT
7374,80.2,77.0,74.3,8.3,76,50,3.5,91.1,1,2,2,2,13,Male,Yes,No,Placed,ME
7375,76.0,74.6,58.5,6.84,65,68,3.6,78.5,0,0,2,3,7,Male,No,Yes,Placed,ChemE
7376,89.2,81.1,79.4,8.5,88,54,2.6,88.4,0,3,3,1,16,Female,Yes,No,Placed,CS
7377,68.5,62.1,65.2,6.34,49,36,3.1,80.1,0,0,0,0,0,Male,No,No,NotPlaced,ME
7378,80.5,73.0,68.7,8.13,68,56,3.5,89.4,0,0,0,1,0,Male,Yes,No,NotPlaced,CE
7379,61.5,59.4,64.3,7.35,66,65,4.2,67.3,3,2,3,0,17,Male,No,Yes,NotPlaced,ME
7380,71.6,67.3,75.0,8.11,78,79,2.5,88.6,0,1,3,2,6,Female,No,Yes,NotPlaced,CS
7381,75.0,76.5,66.5,7.91,90,81,4.1,92.5,0,3,1,1,19,Male,No,No,Placed,CE
7382,82.4,67.8,71.3,7.47,54,57,3.7,83.9,0,2,2,0,16,Female,No,No,Placed,EE
7383,80.6,63.3,76.8,7.82,83,67,5.0,84.3,0,1,1,3,10,Male,No,Yes,Placed,IT
7384,76.3,79.5,73.8,8.04,82,71,2.7,82.1,2,1,4,1,3,Male,Yes,No,NotPlaced,ChemE
7385,83.3,94.4,87.1,9.29,92,60,3.7,87.8,0,1,0,0,7,Female,No,Yes,Placed,CS
7386,72.4,63.6,52.4,7.06,53,38,3.5,72.7,1,0,0,0,0,Female,Yes,Yes,NotPlaced,CE
7387,75.9,72.8,76.8,7.67,73,61,3.0,81.8,0,0,2,5,4,Female,Yes,No,Placed,ECE
7388,55.9,50.7,51.2,5.74,58,62,3.6,81.1,0,0,0,1,5,Female,No,Yes,NotPlaced,CE
7389,72.9,64.7,59.4,6.43,58,70,3.4,89.0,1,1,1,1,7,Male,Yes,Yes,Placed,CS
7390,72.8,64.0,69.1,7.02,45,51,3.6,80.0,2,0,0,0,0,Male,No,Yes,NotPlaced,CE
7391,68.2,67.0,63.7,7.09,75,62,3.2,83.8,0,0,0,2,3,Female,Yes,Yes,Placed,ChemE
7392,71.4,88.3,81.6,8.11,61,51,2.2,88.5,0,1,1,3,10,Female,Yes,No,Placed,ME
7393,63.8,55.9,70.9,7.11,50,35,3.6,77.3,1,0,0,0,4,Male,Yes,No,NotPlaced,CE
7394,65.6,45.0,75.4,7.31,77,78,3.2,83.9,0,1,2,0,10,Female,Yes,Yes,NotPlaced,EE
7395,71.4,81.7,88.8,8.6,82,75,3.2,87.5,0,4,6,1,17,Male,Yes,Yes,Placed,CE
7396,70.1,75.0,73.7,7.43,68,66,3.2,89.6,1,1,1,2,3,Male,Yes,Yes,NotPlaced,EE
7397,46.2,64.3,63.3,6.71,57,50,2.1,60.2,4,0,0,0,0,Female,Yes,No,NotPlaced,ME
7398,74.7,68.9,55.4,6.55,63,67,2.6,97.7,0,0,0,2,4,Male,No,No,Placed,CE
7399,68.8,55.3,57.8,6.85,62,75,2.8,90.8,0,1,1,3,7,Male,Yes,Yes,Placed,CS
7400,85.9,82.0,78.5,7.95,80,52,4.6,97.4,0,1,1,3,6,Female,Yes,No,Placed,ME
7401,59.3,45.0,48.0,5.85,39,55,4.1,71.8,0,1,1,2,5,Male,No,No,NotPlaced,CE
7402,48.1,47.4,48.0,5.32,65,38,2.5,80.8,2,0,1,1,1,Female,Yes,Yes,NotPlaced,IT
7403,78.0,63.3,67.8,7.75,85,66,2.4,84.4,0,2,2,1,8,Female,Yes,Yes,Placed,ECE
7404,66.5,77.6,59.9,8.22,62,61,3.3,86.4,2,0,0,1,3,Male,Yes,Yes,Placed,CE
7405,45.0,45.0,55.1,5.13,49,54,3.7,70.9,1,0,1,1,1,Male,Yes,Yes,NotPlaced,ChemE
7406,66.5,65.7,67.2,6.96,65,68,4.2,74.2,1,1,2,1,7,Female,No,Yes,Placed,EE
7407,81.2,77.4,77.1,8.21,78,51,3.4,83.7,0,1,0,2,4,Female,Yes,No,Placed,ECE
7408,73.4,79.5,80.8,8.78,74,55,3.3,66.5,0,1,2,0,9,Male,Yes,No,Placed,EE
7409,58.8,58.2,61.3,7.15,67,68,1.7,78.2,3,0,2,0,2,Female,Yes,No,NotPlaced,EE
7410,73.1,77.4,74.7,8.0,83,56,3.6,74.1,0,2,2,2,8,Male,No,Yes,Placed,ECE
7411,73.4,68.4,62.1,7.55,51,67,2.9,83.5,1,2,1,3,10,Male,No,No,NotPlaced,CS
7412,67.6,69.0,53.4,7.22,62,48,2.9,81.7,0,1,2,0,13,Female,Yes,No,NotPlaced,ECE
7413,80.5,70.7,57.3,5.67,59,53,4.2,84.4,1,1,3,1,4,Male,No,Yes,NotPlaced,IT
7414,74.3,74.5,80.5,8.2,71,69,3.4,80.7,2,1,1,1,11,Female,Yes,No,Placed,ME
7415,74.6,58.8,74.4,6.75,54,76,3.7,87.9,0,1,6,0,4,Male,Yes,No,Placed,ME
7416,70.5,95.5,77.5,8.31,79,57,3.1,69.7,1,0,2,0,0,Female,No,No,Placed,EE
7417,93.9,96.9,86.0,8.9,82,79,4.2,92.3,0,1,1,2,11,Male,No,No,Placed,ECE
7418,64.2,70.4,56.2,6.82,59,69,3.1,63.5,2,0,0,0,2,Male,No,Yes,NotPlaced,EE
7419,80.6,77.9,83.4,8.4,81,80,3.2,86.6,0,1,2,4,8,Female,Yes,No,Placed,ECE
7420,90.3,82.3,77.3,8.59,59,62,4.2,88.3,0,0,2,2,2,Male,Yes,No,Placed,ECE
7421,56.7,45.0,54.6,5.9,55,64,3.4,90.2,0,1,0,1,4,Female,Yes,Yes,NotPlaced,EE
7422,66.1,86.3,62.6,8.41,66,55,3.5,89.6,0,0,1,2,3,Male,Yes,No,NotPlaced,ME
7423,59.8,73.1,55.6,6.32,57,70,3.5,80.7,0,1,0,3,9,Female,Yes,Yes,Placed,CE
7424,81.7,77.7,78.4,7.75,82,74,3.7,87.8,0,1,2,3,7,Male,Yes,No,Placed,ChemE
7425,57.9,60.7,48.0,5.47,42,82,3.6,70.5,1,1,0,2,3,Male,Yes,No,NotPlaced,EE
7426,56.7,57.7,55.0,6.07,57,67,2.9,78.8,3,0,2,1,0,Male,No,No,NotPlaced,CE
7427,53.6,52.2,62.5,6.07,68,64,3.0,81.1,2,1,0,1,5,Male,Yes,No,NotPlaced,ECE
7428,78.1,61.8,52.8,5.94,63,66,4.5,83.1,0,0,0,1,5,Male,No,Yes,Placed,CE
7429,85.2,75.6,71.7,8.42,84,79,3.1,75.8,0,0,6,1,4,Male,Yes,No,NotPlaced,ME
7430,73.6,69.6,64.7,7.41,97,89,2.9,94.2,0,2,4,3,15,Male,No,No,NotPlaced,ME
7431,58.4,65.6,71.2,7.78,71,67,5.0,88.6,0,0,2,2,2,Male,Yes,Yes,Placed,ECE
7432,86.3,80.0,88.6,8.11,74,74,3.1,84.4,0,1,5,0,4,Male,Yes,Yes,Placed,EE
7433,68.5,58.4,55.7,6.5,63,42,3.7,81.5,1,2,0,0,11,Male,No,No,NotPlaced,CS
7434,86.0,99.0,90.5,9.32,76,100,3.3,84.0,0,2,1,1,14,Male,Yes,Yes,Placed,ECE
7435,89.4,74.1,83.3,8.18,100,83,4.4,89.3,0,3,2,0,14,Male,Yes,No,Placed,ECE
7436,72.0,77.2,72.3,7.28,70,58,2.8,83.5,0,0,1,1,0,Female,Yes,No,Placed,EE
7437,62.5,59.9,69.0,7.36,70,61,3.4,65.2,0,1,0,0,4,Male,No,No,NotPlaced,CE
7438,55.1,55.7,48.0,5.35,39,70,3.5,67.7,2,1,0,0,10,Female,Yes,No,NotPlaced,ME
7439,55.2,55.2,63.9,7.09,67,44,2.7,88.6,0,2,0,1,13,Female,Yes,No,NotPlaced,ChemE
7440,61.0,69.2,64.4,7.49,69,77,4.4,82.1,0,1,1,5,7,Male,No,No,Placed,CS
7441,81.7,85.6,81.9,7.65,74,70,4.9,92.1,1,1,1,4,9,Male,Yes,No,Placed,CS
7442,80.7,78.0,73.0,7.87,68,59,3.7,66.8,0,0,1,1,0,Male,No,Yes,Placed,EE
7443,72.4,73.6,74.6,8.46,71,68,2.8,79.8,1,0,0,0,4,Female,No,Yes,Placed,CE
7444,67.9,76.3,62.4,7.82,60,61,4.4,95.4,1,0,1,0,4,Male,Yes,Yes,Placed,CS
7445,57.1,67.4,68.0,6.53,43,43,2.3,69.9,2,0,0,1,3,Male,No,No,NotPlaced,ChemE
7446,56.7,56.5,55.6,6.95,59,62,3.1,81.8,0,1,0,3,10,Female,No,No,Placed,EE
7447,59.0,52.9,51.1,5.8,73,59,2.0,71.7,1,0,0,0,5,Male,Yes,Yes,NotPlaced,CE
7448,85.2,63.5,80.4,8.71,77,69,3.9,83.3,0,0,1,1,5,Male,No,Yes,NotPlaced,CS
7449,53.2,68.8,48.0,5.65,44,67,3.4,72.2,1,0,1,0,1,Male,No,Yes,NotPlaced,ECE
7450,86.9,83.5,83.6,9.36,84,79,3.0,83.9,0,0,1,5,2,Male,Yes,No,Placed,IT
7451,72.1,65.2,70.9,7.95,48,69,2.5,76.9,0,1,1,3,5,Female,No,No,NotPlaced,ECE
7452,59.6,72.7,63.5,6.43,82,67,4.2,84.3,1,2,1,0,13,Female,No,No,NotPlaced,ECE
7453,69.3,59.7,58.0,7.07,61,49,3.4,79.3,0,0,1,1,1,Male,Yes,No,Placed,CE
7454,70.4,68.4,67.7,6.8,67,62,1.7,73.9,1,1,0,2,11,Male,Yes,Yes,NotPlaced,ME
7455,73.0,80.0,71.5,7.84,63,50,4.5,84.9,0,0,1,0,1,Male,Yes,Yes,Placed,CS
7456,65.3,48.7,56.8,6.13,67,65,4.4,71.8,2,1,0,2,3,Male,Yes,Yes,NotPlaced,ME
7457,74.0,63.8,67.1,7.64,82,66,2.0,84.2,1,0,3,3,6,Male,Yes,Yes,Placed,EE
7458,94.2,80.0,66.5,8.8,61,67,3.4,87.1,0,0,1,1,5,Male,Yes,Yes,Placed,CS
7459,53.6,49.2,60.9,6.59,67,74,3.6,76.3,1,1,4,3,12,Male,Yes,No,Placed,IT
7460,68.2,56.7,65.2,6.9,62,44,2.8,85.8,1,2,2,0,9,Female,No,No,NotPlaced,ME
7461,74.8,69.3,71.4,6.98,63,57,3.8,71.8,1,0,0,0,0,Male,Yes,Yes,NotPlaced,ChemE
7462,74.8,91.2,76.5,8.21,72,86,3.8,76.3,0,1,1,2,4,Female,No,No,Placed,ECE
7463,69.0,65.0,75.8,7.44,75,50,4.4,89.9,0,1,1,0,7,Male,Yes,Yes,Placed,ECE
7464,96.3,90.1,90.0,10.0,86,63,2.6,84.2,0,1,1,3,4,Male,Yes,Yes,Placed,ECE
7465,60.1,73.6,53.5,5.23,49,54,1.8,65.5,1,0,0,0,1,Male,No,Yes,NotPlaced,EE
7466,54.7,65.9,51.9,6.12,60,79,2.9,80.7,2,2,6,2,17,Female,No,Yes,NotPlaced,EE
7467,58.3,55.9,71.9,7.75,71,76,3.1,97.0,0,2,1,3,9,Male,No,Yes,Placed,IT
7468,71.4,71.4,68.6,8.45,74,52,3.9,82.1,0,2,1,3,9,Female,Yes,Yes,Placed,ChemE
7469,64.5,71.9,63.2,7.45,71,64,3.3,67.4,1,0,2,0,0,Male,No,No,NotPlaced,CE
7470,72.7,77.5,62.8,7.56,61,69,3.8,71.1,0,0,2,1,0,Male,Yes,Yes,Placed,CE
7471,45.0,59.1,48.0,5.38,51,67,3.2,81.9,2,1,3,0,7,Female,No,Yes,NotPlaced,ECE
7472,76.3,80.6,74.3,8.73,80,53,1.9,79.5,0,0,0,1,3,Male,No,Yes,NotPlaced,EE
7473,58.3,74.4,71.9,7.4,83,75,3.3,87.0,2,0,0,1,5,Male,No,Yes,NotPlaced,ChemE
7474,61.2,60.2,63.8,7.7,87,75,3.6,79.2,1,0,4,1,0,Male,Yes,Yes,Placed,ECE
7475,67.9,66.1,70.4,7.66,87,65,3.6,61.3,3,1,2,0,5,Female,No,Yes,NotPlaced,EE
7476,67.4,56.6,69.4,7.01,66,66,3.7,77.9,1,0,1,1,3,Male,No,No,NotPlaced,IT
7477,60.4,72.2,50.2,7.02,71,73,3.1,65.3,1,0,0,0,0,Male,Yes,Yes,Placed,ECE
7478,57.9,56.5,62.5,5.94,60,70,3.4,77.6,1,0,2,1,2,Female,No,Yes,NotPlaced,CE
7479,47.8,58.1,54.1,6.39,50,52,2.8,69.8,0,0,2,3,3,Male,Yes,Yes,NotPlaced,CE
7480,57.6,68.4,50.6,5.13,50,63,4.7,73.0,3,0,0,3,7,Male,No,Yes,NotPlaced,EE
7481,76.1,80.4,75.2,7.63,73,68,3.3,84.0,0,0,2,1,4,Male,No,No,Placed,ME
7482,71.5,90.1,76.1,8.26,89,83,3.1,82.0,0,1,5,1,4,Male,No,No,Placed,CS
7483,81.6,84.6,76.9,7.61,72,38,3.3,89.9,0,1,0,0,9,Female,No,No,Placed,CE
7484,49.1,69.2,57.7,6.29,61,59,3.9,76.3,2,0,0,0,1,Female,No,Yes,Placed,ECE
7485,73.0,68.2,81.0,8.35,75,79,4.2,77.8,0,2,1,4,17,Male,Yes,Yes,Placed,EE
7486,82.7,83.1,87.9,8.07,78,89,3.7,91.8,0,2,3,3,10,Male,Yes,Yes,Placed,IT
7487,56.4,74.5,73.4,7.91,75,85,2.0,70.8,1,1,2,1,4,Female,Yes,Yes,Placed,CS
7488,77.3,67.1,70.3,7.85,71,73,2.2,81.8,0,2,3,3,12,Male,No,No,Placed,ECE
7489,61.1,72.9,63.6,7.6,72,82,4.3,76.3,1,1,2,0,8,Male,Yes,Yes,Placed,CS
7490,58.0,69.7,64.2,6.43,56,42,4.7,76.7,1,0,0,0,0,Female,Yes,Yes,NotPlaced,CE
7491,76.4,62.7,58.7,7.37,56,71,2.7,94.3,0,2,2,2,11,Female,Yes,No,Placed,ECE
7492,71.2,68.2,74.6,7.58,72,83,4.4,96.2,0,1,4,1,10,Female,No,Yes,Placed,IT
7493,83.3,63.7,65.6,7.91,67,68,4.5,83.4,0,2,1,1,13,Female,No,Yes,Placed,EE
7494,62.8,51.2,55.0,7.07,73,88,2.6,69.3,1,0,3,2,0,Female,Yes,No,NotPlaced,CE
7495,78.6,76.5,75.4,8.45,70,56,3.6,95.0,0,1,1,1,8,Female,Yes,No,Placed,CE
7496,66.1,61.5,51.1,6.15,43,48,4.5,77.2,0,0,0,0,5,Female,Yes,Yes,Placed,ME
7497,73.7,81.3,74.0,6.88,67,79,3.0,88.1,0,1,4,3,9,Female,Yes,No,Placed,IT
7498,85.8,77.2,78.3,8.73,90,83,4.3,86.2,0,0,1,2,3,Male,Yes,Yes,Placed,EE
7499,77.8,82.8,77.9,7.73,84,77,2.7,88.0,0,1,2,2,8,Female,Yes,Yes,Placed,CS
7500,61.3,70.9,66.3,7.93,73,81,3.6,85.2,0,2,2,2,11,Male,Yes,No,Placed,IT
7501,51.8,60.0,52.9,6.26,50,64,2.4,67.9,0,0,0,0,4,Male,Yes,No,NotPlaced,CE
7502,78.8,54.6,69.4,6.94,52,59,3.8,74.7,1,1,2,0,5,Male,No,Yes,NotPlaced,IT
7503,63.5,45.0,48.0,5.0,35,34,2.9,54.3,4,0,0,0,0,Male,No,No,NotPlaced,ECE
7504,62.0,72.6,69.4,5.82,62,85,4.2,80.5,5,1,4,2,6,Male,No,Yes,NotPlaced,EE
7505,60.0,79.2,75.4,8.64,56,64,2.7,81.7,0,0,1,2,0,Male,Yes,No,Placed,IT
7506,72.4,78.9,75.7,7.78,69,41,3.3,85.9,0,0,0,5,4,Female,Yes,No,Placed,IT
7507,62.5,69.9,67.1,7.48,78,98,4.4,73.8,1,2,4,1,11,Male,No,Yes,Placed,IT
7508,65.2,73.0,65.6,6.58,53,65,2.9,74.2,0,0,4,0,4,Female,Yes,No,NotPlaced,CE
7509,68.8,70.0,67.0,7.17,72,83,5.0,92.4,0,2,1,2,13,Male,Yes,Yes,Placed,EE
7510,55.3,45.0,48.0,5.25,37,31,3.8,79.9,1,0,0,3,5,Female,Yes,Yes,NotPlaced,CE
7511,77.5,69.0,67.3,7.81,65,67,5.0,88.0,0,1,1,2,4,Male,Yes,No,NotPlaced,CE
7512,92.1,80.5,84.7,8.02,72,44,3.0,92.2,0,1,2,2,7,Female,No,Yes,Placed,CE
7513,72.6,64.5,73.8,7.76,85,84,3.3,91.6,0,0,1,1,2,Female,Yes,No,Placed,CE
7514,84.1,76.2,82.8,8.18,76,59,2.5,77.6,0,1,2,0,10,Female,No,No,Placed,ME
7515,76.8,73.3,72.2,7.85,47,60,3.8,87.9,0,0,1,1,3,Female,No,Yes,Placed,ECE
7516,85.6,73.8,74.3,8.9,68,54,4.2,90.5,0,1,1,0,12,Male,Yes,No,Placed,ChemE
7517,65.7,58.9,68.6,8.13,69,64,4.5,98.8,0,0,2,2,4,Male,Yes,No,Placed,CE
7518,78.4,70.7,82.9,7.17,80,68,4.9,90.7,0,1,1,3,7,Female,No,Yes,NotPlaced,CE
7519,65.7,66.3,63.8,6.82,85,76,3.7,82.8,1,1,4,2,5,Male,Yes,No,Placed,ECE
7520,74.3,70.9,60.3,7.15,65,68,4.6,79.0,0,2,2,3,13,Male,No,Yes,Placed,ECE
7521,85.7,70.9,73.8,8.54,78,76,4.4,82.8,0,1,1,1,10,Female,No,No,Placed,CS
7522,79.7,72.9,67.6,7.19,74,84,2.8,82.4,0,2,4,0,10,Male,Yes,No,Placed,EE
7523,54.3,55.9,52.6,6.28,69,75,4.9,88.3,1,1,1,0,6,Female,No,No,NotPlaced,ME
7524,56.1,63.0,58.8,6.52,76,67,3.5,66.7,1,0,1,0,4,Female,No,No,NotPlaced,EE
7525,61.1,73.1,52.5,6.91,62,74,2.9,89.1,0,0,2,0,2,Male,No,No,NotPlaced,ME
7526,54.5,52.3,50.3,5.41,52,81,3.1,70.7,1,0,0,1,3,Male,No,Yes,NotPlaced,CE
7527,74.9,55.5,74.3,7.04,65,74,3.3,76.1,2,2,1,2,13,Female,No,No,NotPlaced,CE
7528,61.8,76.5,58.9,6.56,58,63,3.9,79.4,0,0,0,1,7,Male,No,Yes,Placed,CE
7529,71.2,45.0,54.2,6.46,58,57,3.4,74.5,1,1,1,2,5,Male,No,Yes,NotPlaced,ME
7530,71.0,66.2,66.6,7.47,72,61,3.0,84.9,1,2,0,1,17,Male,Yes,Yes,NotPlaced,EE
7531,78.5,88.1,76.6,8.52,79,77,5.0,87.4,0,1,1,1,8,Female,Yes,Yes,Placed,CS
7532,50.3,51.4,54.4,6.07,46,53,2.9,68.9,1,0,0,1,1,Male,No,Yes,NotPlaced,ECE
7533,78.1,56.9,53.0,6.71,47,59,3.4,65.8,1,0,1,1,7,Female,No,No,NotPlaced,CE
7534,70.7,67.2,69.9,7.69,77,77,2.2,83.8,0,0,2,2,3,Male,Yes,No,Placed,EE
7535,83.0,67.4,64.9,7.18,60,53,1.8,85.0,0,1,1,1,7,Male,No,No,NotPlaced,ChemE
7536,54.8,49.4,56.5,6.26,53,62,3.9,70.2,2,0,4,2,1,Female,No,No,NotPlaced,ECE
7537,86.8,74.3,73.0,8.4,86,94,2.8,76.9,1,0,4,0,0,Male,Yes,No,NotPlaced,CS
7538,68.5,79.2,75.9,7.32,77,66,2.8,73.9,1,2,3,1,16,Male,Yes,Yes,Placed,ECE
7539,91.3,72.1,78.7,7.47,77,78,4.0,93.2,0,2,0,4,14,Male,No,Yes,Placed,IT
7540,88.2,82.6,75.3,7.82,90,82,4.5,84.0,0,2,2,0,10,Female,Yes,Yes,Placed,IT
7541,76.6,60.9,68.7,7.67,77,74,3.1,91.3,1,1,2,0,5,Male,Yes,No,Placed,ECE
7542,53.3,66.5,63.3,5.31,63,47,3.1,76.4,0,1,1,1,7,Male,No,Yes,NotPlaced,IT
7543,90.5,82.4,79.7,8.63,93,73,4.1,85.1,0,1,1,2,3,Female,Yes,No,Placed,CS
7544,85.0,67.0,74.5,6.89,64,51,4.0,83.0,0,2,5,1,17,Female,Yes,Yes,Placed,IT
7545,66.9,72.6,69.6,6.4,82,80,3.4,74.7,0,1,1,2,5,Female,Yes,Yes,Placed,IT
7546,69.6,78.2,62.3,6.79,53,50,3.1,96.9,0,0,0,1,0,Female,Yes,Yes,NotPlaced,ME
7547,68.3,50.5,60.8,5.33,61,37,2.9,82.9,3,0,0,0,0,Male,Yes,No,NotPlaced,EE
7548,70.6,75.7,91.4,8.03,83,85,3.0,88.0,0,0,2,2,6,Male,Yes,Yes,Placed,ECE
7549,94.2,87.9,86.5,8.88,83,69,4.2,84.0,0,2,1,4,11,Female,Yes,No,Placed,ECE
7550,66.1,45.0,50.4,5.32,50,67,4.1,61.9,1,1,3,1,11,Female,No,Yes,NotPlaced,CS
7551,56.1,45.0,56.9,5.53,43,40,3.4,72.8,3,0,1,0,0,Male,Yes,No,NotPlaced,CS
7552,58.3,59.8,75.4,7.67,74,69,3.2,84.2,1,2,1,3,12,Female,Yes,Yes,Placed,ECE
7553,75.8,72.6,71.2,7.57,78,71,3.1,85.7,0,0,2,2,1,Male,No,No,Placed,CE
7554,61.1,50.9,70.1,7.34,56,49,4.6,80.9,1,1,3,2,7,Female,Yes,No,Placed,EE
7555,70.6,78.0,76.5,8.57,88,60,4.9,92.4,1,1,1,3,8,Male,Yes,No,Placed,CS
7556,71.1,45.0,64.0,6.99,72,56,3.1,76.0,0,0,0,0,2,Male,Yes,Yes,NotPlaced,CE
7557,83.5,75.4,72.5,7.82,74,71,3.3,100.0,0,2,3,3,10,Male,Yes,Yes,Placed,CS
7558,67.9,71.3,68.3,7.52,71,74,4.0,83.3,0,0,2,1,0,Male,No,Yes,NotPlaced,CE
7559,91.4,79.9,76.9,8.54,85,90,4.1,80.9,0,3,1,1,15,Male,Yes,Yes,Placed,CE
7560,60.5,61.6,48.0,5.9,35,27,2.8,61.4,0,0,0,0,6,Male,Yes,No,NotPlaced,ME
7561,48.1,61.3,48.0,5.0,49,54,3.5,77.7,1,0,0,2,5,Female,Yes,No,NotPlaced,CS
7562,74.4,70.7,75.5,7.88,88,80,4.3,97.2,0,0,3,5,5,Male,Yes,Yes,Placed,ECE
7563,99.0,85.2,91.4,10.0,100,92,4.3,85.6,0,0,0,5,4,Male,Yes,Yes,Placed,CS
7564,79.9,90.1,80.4,8.41,69,63,5.0,85.6,0,0,1,1,5,Male,No,No,Placed,EE
7565,79.0,76.5,70.1,7.71,57,51,2.2,80.7,0,0,1,1,1,Male,Yes,No,NotPlaced,EE
7566,78.8,78.5,87.5,8.52,70,68,5.0,80.5,1,0,3,0,0,Male,Yes,No,Placed,ChemE
7567,67.7,45.5,56.2,6.13,43,63,4.4,81.1,1,0,0,6,6,Male,Yes,Yes,Placed,CS
7568,75.5,77.8,71.2,7.63,71,86,3.9,81.8,0,0,4,2,1,Male,No,Yes,Placed,CS
7569,60.1,59.5,66.9,6.14,67,69,2.9,75.9,0,1,0,2,6,Male,Yes,No,NotPlaced,ECE
7570,84.8,77.9,71.7,7.99,62,100,4.0,82.1,0,3,3,0,14,Male,Yes,No,Placed,ME
7571,55.2,46.3,77.1,7.09,65,62,3.9,72.4,0,2,2,0,13,Female,No,No,NotPlaced,ChemE
7572,70.6,81.4,80.8,7.71,87,69,4.1,91.0,0,0,0,2,3,Male,Yes,No,Placed,ECE
7573,64.7,65.3,63.2,6.56,77,85,3.4,83.1,2,0,2,2,0,Male,Yes,No,Placed,ChemE
7574,80.1,65.0,55.2,7.13,78,80,3.9,91.9,0,1,4,2,9,Male,No,Yes,Placed,ME
7575,58.6,60.3,73.1,7.13,71,83,3.5,88.3,0,2,2,5,10,Male,Yes,No,Placed,CS
7576,78.8,78.5,85.4,7.97,82,57,3.0,93.5,0,0,1,2,3,Male,Yes,Yes,Placed,CE
7577,82.6,82.7,74.0,8.07,87,78,3.4,93.3,0,2,3,2,8,Female,Yes,Yes,Placed,CS
7578,67.6,60.2,71.8,7.84,53,46,2.6,88.6,0,0,2,0,9,Female,No,Yes,NotPlaced,CE
7579,61.6,63.9,49.9,6.69,60,30,2.0,76.3,1,0,1,0,2,Female,No,No,NotPlaced,ME
7580,54.8,47.0,57.0,5.37,46,66,3.8,69.4,1,0,2,0,3,Female,No,No,NotPlaced,EE
7581,61.2,55.0,58.5,6.56,66,70,3.4,83.9,1,1,1,2,7,Male,No,No,NotPlaced,ME
7582,81.6,78.1,64.5,7.77,79,91,4.2,88.4,0,0,1,1,0,Female,No,Yes,Placed,ECE
7583,57.5,56.5,57.6,7.91,62,72,4.0,73.5,1,0,2,2,5,Female,Yes,Yes,Placed,CS
7584,52.9,80.2,65.3,7.21,76,100,2.9,85.9,2,1,1,2,6,Female,No,No,NotPlaced,IT
7585,83.1,80.5,70.8,9.1,90,70,3.5,80.6,1,2,3,3,10,Female,Yes,Yes,Placed,EE
7586,82.2,59.7,71.5,7.14,81,85,3.5,100.0,0,4,3,2,27,Female,Yes,No,Placed,CS
7587,59.7,52.5,60.6,6.59,81,80,3.7,83.0,1,1,3,3,5,Female,No,Yes,Placed,IT
7588,93.2,88.4,78.8,8.07,79,66,3.4,73.7,0,1,2,1,9,Male,Yes,No,Placed,EE
7589,71.4,60.3,71.7,7.31,71,44,2.8,65.5,1,0,0,0,2,Male,No,No,NotPlaced,EE
7590,65.8,79.8,67.9,7.25,75,60,3.1,85.1,2,3,2,6,13,Male,No,No,Placed,CS
7591,69.7,68.7,60.2,7.42,70,63,5.0,93.1,0,2,2,2,10,Male,Yes,Yes,Placed,CS
7592,85.6,92.7,87.7,9.61,95,81,4.2,76.7,0,2,1,1,13,Female,No,Yes,Placed,ECE
7593,69.7,63.4,65.7,6.89,60,63,4.7,70.9,0,1,1,2,11,Female,No,Yes,Placed,ME
7594,67.9,69.0,64.7,7.17,69,42,3.3,74.7,0,0,1,0,6,Female,Yes,No,NotPlaced,ME
7595,86.8,83.0,80.3,7.55,59,42,3.5,77.6,1,0,0,1,4,Male,Yes,No,Placed,ME
7596,73.4,64.8,65.8,5.87,60,59,2.6,76.4,0,0,3,1,3,Male,Yes,Yes,Placed,CS
7597,67.7,82.9,73.2,8.68,80,92,3.8,94.4,0,1,4,2,9,Female,Yes,Yes,Placed,CS
7598,61.2,56.0,72.1,7.86,86,60,4.4,82.9,0,2,1,2,14,Male,Yes,Yes,Placed,IT
7599,62.8,58.4,56.8,5.86,53,67,3.8,85.2,1,3,4,4,22,Male,Yes,Yes,Placed,CE
7600,63.1,64.6,65.8,6.91,64,65,2.4,73.8,0,0,2,5,0,Male,No,Yes,NotPlaced,EE
7601,73.1,70.5,70.6,7.24,52,68,4.0,90.2,0,0,0,2,5,Male,Yes,No,Placed,ME
7602,71.5,45.9,65.6,6.81,84,85,2.7,77.4,3,1,1,0,11,Male,No,Yes,NotPlaced,IT
7603,65.5,45.0,55.9,7.09,50,61,2.4,81.1,0,0,2,1,3,Male,Yes,No,NotPlaced,EE
7604,51.4,59.2,55.1,6.95,70,61,1.4,65.9,3,2,2,2,24,Male,Yes,No,NotPlaced,CE
7605,53.4,70.3,68.9,7.28,60,75,2.9,80.6,0,2,3,0,13,Male,No,Yes,NotPlaced,IT
7606,66.8,68.5,67.1,6.12,57,67,3.2,85.7,0,1,2,1,11,Female,Yes,Yes,Placed,ME
7607,57.2,60.7,62.8,6.73,74,87,4.4,74.3,1,0,7,1,0,Male,Yes,No,Placed,CS
7608,75.1,63.2,74.8,7.56,60,74,2.5,80.1,0,0,1,2,3,Female,No,Yes,NotPlaced,EE
7609,78.5,69.6,64.8,7.97,88,90,2.7,93.1,0,0,4,6,1,Female,Yes,No,Placed,CS
7610,64.1,52.4,72.8,7.32,63,70,4.2,76.7,2,0,1,0,7,Male,No,Yes,NotPlaced,EE
7611,93.2,77.3,70.0,8.82,98,72,3.3,73.9,1,1,5,2,6,Male,Yes,Yes,Placed,CE
7612,84.7,98.8,87.9,8.77,90,51,3.7,94.6,0,3,0,2,18,Female,Yes,No,Placed,ChemE
7613,70.2,71.8,64.4,8.07,84,84,3.3,79.4,0,1,2,3,10,Male,Yes,Yes,Placed,CS
7614,66.1,56.7,70.0,6.89,78,63,3.0,73.1,2,0,1,0,0,Female,Yes,Yes,NotPlaced,EE
7615,79.8,74.4,61.7,7.97,58,40,4.1,90.3,0,0,0,4,3,Female,No,Yes,Placed,CE
7616,60.0,60.9,62.8,6.91,62,41,2.5,75.9,0,2,0,2,11,Male,Yes,No,NotPlaced,ME
7617,91.0,58.2,69.1,7.43,59,60,3.5,81.6,1,2,1,1,13,Male,No,No,Placed,EE
7618,61.8,73.0,72.3,6.92,73,43,4.5,93.1,0,0,1,3,7,Male,Yes,Yes,Placed,EE
7619,64.9,72.9,81.5,8.45,77,77,4.9,87.6,0,3,2,2,13,Male,Yes,Yes,Placed,ECE
7620,52.5,60.2,62.0,5.94,47,52,2.9,61.2,2,0,0,0,6,Female,No,Yes,NotPlaced,CS
7621,68.6,82.2,70.2,7.17,67,67,4.7,77.5,0,2,1,1,14,Male,No,Yes,Placed,ME
7622,75.4,69.1,76.8,8.17,69,73,3.7,80.4,1,2,2,3,13,Female,Yes,Yes,Placed,ChemE
7623,68.5,83.3,64.5,7.43,74,87,4.2,91.2,0,3,4,4,20,Female,No,No,Placed,CS
7624,74.5,62.3,69.8,7.56,81,67,3.2,79.7,1,2,1,0,17,Female,No,No,Placed,ECE
7625,80.3,63.3,81.2,8.17,69,90,4.6,92.6,1,3,2,4,16,Male,Yes,Yes,Placed,CS
7626,63.1,56.7,64.1,7.24,65,80,2.7,88.1,0,0,4,1,0,Female,No,No,Placed,ECE
7627,77.6,82.0,68.4,8.23,44,57,2.6,75.6,1,1,0,2,12,Male,No,No,NotPlaced,CE
7628,73.1,66.7,74.2,7.05,73,59,4.3,74.6,1,1,0,1,4,Female,No,Yes,Placed,ChemE
7629,73.9,63.9,74.6,8.47,84,89,4.9,77.2,0,1,5,4,8,Male,Yes,Yes,Placed,CS
7630,68.4,72.7,71.5,7.37,70,40,3.8,77.0,0,1,0,3,11,Male,Yes,Yes,NotPlaced,ME
7631,74.7,67.9,67.1,7.17,79,89,4.3,76.9,2,2,4,3,10,Male,Yes,No,Placed,EE
7632,83.8,77.7,73.1,7.24,60,48,2.6,69.5,1,0,1,0,0,Female,No,Yes,Placed,EE
7633,62.4,63.8,67.4,7.43,58,69,5.0,77.7,0,1,2,1,9,Female,No,No,Placed,ECE
7634,59.4,52.8,56.8,6.21,70,70,1.3,73.7,2,2,2,0,17,Female,No,Yes,NotPlaced,ME
7635,74.1,84.2,76.6,7.53,63,67,4.0,82.8,0,3,2,1,16,Female,Yes,Yes,Placed,CS
7636,88.2,66.8,69.6,7.73,56,74,2.6,75.2,0,1,2,2,6,Female,No,Yes,Placed,EE
7637,65.9,53.2,55.2,6.56,64,44,3.6,86.3,3,1,1,2,8,Male,Yes,Yes,Placed,CE
7638,74.5,82.9,71.7,8.62,79,77,3.9,95.7,0,2,2,2,9,Male,Yes,No,Placed,ECE
7639,67.3,49.9,70.7,8.11,81,90,3.1,92.0,0,4,4,2,23,Male,Yes,No,Placed,ECE
7640,68.1,63.7,56.3,6.72,35,73,2.5,69.2,0,1,6,0,9,Female,No,Yes,NotPlaced,ChemE
7641,58.4,71.9,60.7,6.86,57,63,3.5,97.8,0,2,0,1,11,Male,No,No,NotPlaced,CE
7642,61.4,75.1,60.8,7.12,68,80,3.7,78.4,0,0,1,1,2,Female,No,Yes,Placed,ECE
7643,79.8,62.0,60.5,7.12,89,85,3.6,52.0,0,0,3,0,1,Male,No,Yes,Placed,ME
7644,76.8,67.0,62.0,7.63,62,41,4.2,81.9,0,1,0,1,9,Female,Yes,No,Placed,CE
7645,53.9,60.3,61.4,6.21,45,89,2.9,85.3,2,1,2,0,4,Male,No,No,NotPlaced,ChemE
7646,67.4,78.6,79.8,7.39,76,65,4.7,70.7,2,1,1,5,9,Female,No,Yes,Placed,ME
7647,59.6,86.7,77.5,7.65,72,69,3.3,80.9,0,1,3,2,6,Male,Yes,No,Placed,EE
7648,51.8,65.5,49.8,6.06,66,80,2.5,68.9,2,0,2,0,0,Male,Yes,No,NotPlaced,CE
7649,72.3,66.1,67.5,7.71,66,59,3.7,83.2,0,0,0,0,7,Female,No,Yes,NotPlaced,ECE
7650,75.1,61.4,53.1,6.94,60,59,2.6,81.4,0,0,1,1,5,Male,No,No,NotPlaced,EE
7651,68.4,56.4,70.1,7.15,54,42,3.3,85.9,0,0,0,2,6,Male,No,Yes,NotPlaced,ME
7652,62.0,74.6,74.4,7.35,92,75,3.3,83.2,0,2,2,2,14,Male,Yes,No,Placed,IT
7653,78.6,88.1,82.7,7.29,83,78,2.2,91.4,0,2,1,7,7,Female,No,No,Placed,CS
7654,89.5,78.1,71.5,7.54,77,76,2.0,78.3,0,0,1,0,2,Male,No,No,NotPlaced,ChemE
7655,74.7,77.0,73.8,8.24,86,66,4.3,96.1,0,0,0,5,5,Male,Yes,Yes,Placed,CS
7656,77.9,87.2,68.2,6.65,64,78,4.5,75.8,0,1,1,1,6,Female,No,Yes,Placed,ME
7657,83.2,82.4,84.4,7.5,68,59,2.5,81.7,0,1,2,0,7,Male,Yes,Yes,Placed,CS
7658,81.6,57.9,78.2,7.16,72,79,4.3,83.2,2,1,4,3,9,Male,No,Yes,Placed,ME
7659,72.9,67.2,65.5,7.07,49,59,4.0,81.9,1,1,0,2,14,Female,Yes,No,NotPlaced,ECE
7660,76.9,70.9,71.2,7.43,89,91,3.2,74.9,2,0,8,3,3,Female,Yes,Yes,Placed,IT
7661,63.3,70.2,66.5,6.9,67,71,2.4,79.8,0,0,2,3,0,Female,No,Yes,Placed,ME
7662,77.9,74.4,56.2,7.17,58,54,3.9,86.8,0,0,3,2,0,Female,No,No,Placed,CE
7663,50.0,57.8,59.3,6.49,52,50,3.3,62.0,0,0,1,1,6,Male,No,No,NotPlaced,ME
7664,79.7,67.9,68.7,7.39,81,90,3.1,85.8,0,2,1,1,10,Male,No,No,Placed,CS
7665,71.7,64.4,60.2,7.42,87,73,2.5,81.6,0,1,3,0,4,Female,No,No,Placed,ECE
7666,57.0,64.0,58.0,5.98,57,69,3.1,64.0,1,0,2,0,3,Female,No,No,NotPlaced,ChemE
7667,63.8,58.0,66.4,6.95,63,68,3.4,76.1,1,0,2,0,1,Female,No,Yes,NotPlaced,CE
7668,76.9,66.9,64.5,6.94,60,55,4.5,87.4,0,1,1,3,9,Male,Yes,Yes,Placed,CE
7669,72.1,70.5,60.7,6.79,54,54,3.0,73.2,0,0,1,1,2,Female,No,No,Placed,ECE
7670,76.9,65.2,76.8,7.88,55,68,3.8,76.8,0,0,1,0,8,Male,No,Yes,NotPlaced,CS
7671,74.9,67.1,73.0,7.81,91,83,2.1,86.8,0,0,4,5,1,Female,Yes,No,NotPlaced,IT
7672,82.6,57.7,70.9,7.47,62,52,3.5,78.3,0,2,2,0,17,Female,Yes,No,Placed,CS
7673,63.9,57.4,62.8,6.98,51,56,3.1,73.7,2,0,0,1,2,Female,No,No,NotPlaced,CE
7674,81.8,76.8,88.5,8.37,79,67,4.9,92.0,0,1,1,2,5,Female,Yes,Yes,Placed,ECE
7675,74.5,72.4,79.9,6.96,74,62,3.4,84.4,0,1,0,0,6,Male,No,No,NotPlaced,ME
7676,84.1,56.1,63.1,6.74,58,61,3.9,80.9,1,1,0,4,4,Male,No,No,NotPlaced,ME
7677,54.1,54.1,52.2,5.75,67,59,3.8,69.9,1,1,4,0,9,Male,No,Yes,Placed,ChemE
7678,71.6,70.7,59.1,7.19,59,69,1.5,82.7,0,0,0,0,0,Male,No,No,NotPlaced,CE
7679,72.0,86.2,75.4,8.88,65,49,4.4,91.0,0,0,0,2,7,Male,Yes,No,Placed,ChemE
7680,52.4,73.3,51.5,6.5,56,72,3.8,61.7,1,2,1,1,17,Female,No,Yes,NotPlaced,EE
7681,63.1,57.4,65.3,6.47,60,66,3.9,78.0,2,0,2,0,2,Male,No,Yes,NotPlaced,CS
7682,69.8,65.1,64.5,7.65,73,52,2.8,79.8,0,1,0,2,8,Female,No,No,Placed,CS
7683,70.0,71.2,68.0,6.92,74,51,4.0,78.1,0,2,1,1,11,Male,No,Yes,NotPlaced,CS
7684,62.3,56.1,65.5,6.45,60,83,4.6,75.4,2,1,2,1,9,Male,No,Yes,Placed,ECE
7685,70.8,74.0,75.8,7.41,63,70,2.8,80.6,1,2,1,1,15,Male,No,No,NotPlaced,EE
7686,75.9,48.6,63.4,7.07,76,76,4.8,87.0,1,0,2,1,7,Male,No,No,Placed,EE
7687,51.9,53.1,54.8,6.8,47,63,4.1,77.1,3,0,4,4,0,Male,Yes,Yes,NotPlaced,EE
7688,68.0,66.7,57.8,6.55,60,65,3.3,84.3,0,0,2,1,6,Male,No,No,NotPlaced,ME
7689,75.8,83.9,72.5,6.64,80,76,3.8,79.6,0,2,5,2,16,Male,Yes,No,Placed,ME
7690,65.3,81.8,70.7,7.14,85,66,2.4,86.5,0,3,1,1,11,Female,Yes,No,NotPlaced,IT
7691,81.5,84.2,80.4,9.97,100,64,4.0,100.0,0,0,1,2,0,Male,Yes,Yes,Placed,IT
7692,81.2,83.9,72.0,8.71,82,72,3.8,74.2,1,0,2,1,5,Male,Yes,No,Placed,CE
7693,89.8,78.6,77.1,7.64,63,87,4.0,91.0,0,2,3,2,10,Male,Yes,Yes,Placed,EE
7694,71.3,67.7,72.8,8.0,57,64,4.4,77.9,1,0,2,2,2,Male,No,Yes,Placed,ECE
7695,99.0,66.0,64.3,7.81,68,64,4.0,100.0,0,0,0,4,7,Female,Yes,Yes,Placed,CE
7696,79.9,74.4,70.4,8.75,70,76,4.6,98.0,0,3,2,2,18,Male,No,Yes,Placed,ME
7697,72.8,67.2,68.8,7.25,70,61,4.1,92.5,0,2,0,2,15,Female,Yes,No,NotPlaced,CE
7698,61.3,58.0,49.4,5.49,48,41,3.7,66.5,1,0,1,1,0,Male,No,Yes,NotPlaced,EE
7699,70.3,62.8,89.7,8.5,78,93,3.3,77.0,0,1,1,1,11,Female,No,Yes,Placed,ME
7700,76.8,64.4,72.8,6.83,68,65,3.7,71.2,2,0,0,1,6,Male,No,Yes,NotPlaced,CE
7701,67.5,85.3,67.8,7.63,72,85,4.5,86.8,0,0,7,2,1,Male,No,Yes,Placed,CS
7702,76.2,72.2,65.3,6.69,76,83,3.9,82.3,0,2,3,2,9,Male,Yes,Yes,Placed,CS
7703,65.5,59.8,71.6,6.97,75,49,4.1,76.0,0,1,1,0,7,Female,No,Yes,Placed,ECE
7704,64.1,57.3,66.3,7.51,55,45,3.9,91.2,1,2,1,0,13,Male,No,No,Placed,ECE
7705,81.7,66.0,69.1,6.94,65,54,2.6,80.1,1,2,0,2,16,Male,Yes,No,NotPlaced,EE
7706,81.7,87.6,76.5,8.24,83,90,3.8,89.7,0,0,4,4,0,Male,Yes,Yes,Placed,IT
7707,56.9,70.0,56.8,6.43,52,53,2.3,77.5,1,1,1,0,8,Male,No,No,NotPlaced,EE
7708,81.0,72.9,74.4,7.89,71,68,2.9,68.5,1,0,0,1,5,Male,No,Yes,NotPlaced,CE
7709,53.3,64.5,56.9,7.07,48,52,3.9,93.7,0,0,0,0,5,Male,Yes,Yes,NotPlaced,EE
7710,96.4,87.7,96.0,8.54,95,86,3.2,84.1,0,0,1,2,6,Male,No,No,Placed,IT
7711,77.2,80.5,79.3,7.68,79,63,3.5,100.0,0,3,0,4,17,Female,Yes,Yes,Placed,EE
7712,63.6,78.5,64.4,7.1,94,100,3.6,93.4,0,0,4,3,1,Female,Yes,No,Placed,ECE
7713,79.8,68.3,74.2,7.92,73,50,3.7,94.8,0,1,1,0,10,Male,Yes,Yes,Placed,ME
7714,93.0,81.5,86.6,9.63,95,81,2.9,90.8,0,2,3,2,14,Female,No,No,Placed,CS
7715,61.6,81.5,77.1,8.01,57,68,3.4,88.3,0,1,1,5,9,Male,No,Yes,NotPlaced,ECE
7716,69.6,63.8,63.1,6.69,79,81,4.3,75.9,3,0,0,2,2,Female,Yes,Yes,NotPlaced,ChemE
7717,69.2,48.9,65.2,7.04,63,39,4.6,87.7,0,1,1,2,4,Male,Yes,Yes,NotPlaced,CE
7718,56.6,62.7,56.2,5.7,43,54,3.0,68.7,0,0,2,0,1,Female,Yes,Yes,NotPlaced,CS
7719,78.3,80.3,81.1,8.33,97,90,3.6,79.2,0,2,2,2,11,Female,No,Yes,Placed,CS
7720,71.5,65.1,68.2,6.32,70,63,3.5,79.5,2,1,2,1,7,Female,No,Yes,NotPlaced,CS
7721,79.9,72.5,88.9,7.31,68,53,3.1,77.0,2,0,0,0,4,Female,Yes,Yes,NotPlaced,IT
7722,84.2,89.6,79.0,7.95,92,81,3.1,94.2,0,0,2,1,4,Male,Yes,No,NotPlaced,ME
7723,68.6,57.9,76.4,7.71,76,77,4.2,89.7,0,3,3,2,15,Female,Yes,No,Placed,IT
7724,61.2,57.0,57.8,6.66,54,49,3.4,75.4,1,0,0,1,7,Male,Yes,No,NotPlaced,EE
7725,86.3,92.6,86.6,8.66,81,62,3.7,85.5,0,0,1,3,4,Female,No,Yes,Placed,IT
7726,65.6,75.6,70.0,7.17,88,78,4.3,83.1,0,1,5,2,11,Male,Yes,Yes,Placed,CS
7727,75.4,69.0,85.8,8.28,76,90,3.4,73.8,0,1,4,3,10,Male,No,No,Placed,IT
7728,69.2,72.4,64.8,7.57,70,71,3.8,72.7,2,1,3,1,7,Male,No,Yes,Placed,ECE
7729,58.6,58.9,51.2,6.69,78,79,4.4,77.4,1,1,1,3,4,Female,No,Yes,NotPlaced,CS
7730,79.4,74.0,82.2,8.94,81,82,3.9,90.2,0,1,4,4,6,Male,Yes,Yes,Placed,IT
7731,84.9,60.8,73.3,7.59,74,65,4.2,73.5,1,4,2,1,24,Female,Yes,Yes,Placed,CE
7732,75.5,93.3,71.5,7.35,73,65,3.3,78.6,0,1,3,1,4,Male,No,No,Placed,IT
7733,68.1,63.5,57.1,6.56,56,58,3.9,84.7,1,1,1,0,8,Male,Yes,Yes,NotPlaced,ME
7734,60.1,60.8,60.2,5.94,59,43,3.1,57.3,3,0,1,0,4,Female,No,No,NotPlaced,ME
7735,93.6,74.5,88.1,9.09,100,78,2.9,99.4,0,2,4,1,15,Female,No,No,Placed,EE
7736,93.8,68.2,74.4,9.22,68,44,3.0,74.9,1,1,1,0,9,Female,Yes,No,NotPlaced,CE
7737,67.0,74.8,68.7,7.44,72,61,3.1,63.2,1,0,3,0,4,Male,Yes,Yes,NotPlaced,CS
7738,64.8,45.6,67.1,5.79,58,62,3.1,64.1,2,0,0,0,2,Male,No,No,NotPlaced,IT
7739,76.1,68.1,61.8,6.32,57,63,2.8,76.5,1,0,4,2,1,Male,No,No,NotPlaced,ME
7740,51.8,71.7,56.6,5.49,69,77,2.1,73.9,2,2,0,1,14,Male,Yes,No,NotPlaced,ECE
7741,86.0,71.2,75.6,8.02,77,79,3.4,80.9,0,3,0,0,18,Male,No,Yes,Placed,IT
7742,56.5,63.3,63.6,6.39,52,59,3.4,74.9,1,1,0,1,13,Male,Yes,Yes,NotPlaced,CE
7743,68.0,45.0,64.8,7.16,65,86,2.5,72.4,3,0,1,1,3,Female,No,No,NotPlaced,CE
7744,65.8,50.4,61.4,6.79,62,71,2.9,79.5,0,0,1,3,0,Male,Yes,No,NotPlaced,CS
7745,49.4,64.1,57.0,6.7,48,46,3.0,62.1,3,0,0,0,0,Male,No,Yes,NotPlaced,CE
7746,88.1,88.8,76.9,8.56,74,68,3.9,89.5,0,0,2,2,6,Male,Yes,No,NotPlaced,IT
7747,75.9,66.8,63.6,7.45,57,47,1.6,73.0,1,0,0,1,0,Male,No,No,NotPlaced,EE
7748,69.2,69.3,72.4,8.25,74,80,2.1,94.5,0,1,3,3,9,Male,No,No,NotPlaced,CE
7749,78.6,61.9,87.4,7.33,81,82,5.0,95.0,0,2,3,1,13,Female,Yes,Yes,Placed,CS
7750,81.8,64.3,65.2,8.85,67,67,2.9,81.7,0,1,3,3,8,Male,No,Yes,Placed,CE
7751,47.3,67.8,64.6,5.6,46,61,2.9,76.4,2,1,1,0,10,Female,Yes,No,Placed,ME
7752,45.0,67.3,69.5,7.22,59,77,4.0,86.0,0,0,0,0,2,Male,Yes,Yes,Placed,ChemE
7753,64.3,47.6,64.7,7.15,62,63,3.0,70.2,1,1,4,0,10,Female,No,Yes,Placed,CE
7754,64.3,72.2,64.2,7.25,68,76,2.7,73.1,0,0,3,3,2,Female,No,No,NotPlaced,ECE
7755,84.3,91.5,76.5,7.21,51,40,4.9,86.9,0,3,0,0,20,Female,Yes,Yes,Placed,IT
7756,76.9,75.1,86.8,7.86,67,72,5.0,96.4,0,0,4,3,4,Female,No,Yes,Placed,ME
7757,69.1,59.0,69.4,6.42,68,76,2.9,77.3,1,2,2,1,13,Female,No,No,Placed,ME
7758,55.1,57.8,54.3,5.77,49,64,3.3,66.1,1,0,1,0,6,Male,Yes,No,NotPlaced,IT
7759,58.4,75.6,67.1,7.5,63,59,4.2,95.3,0,0,0,1,0,Male,Yes,Yes,Placed,EE
7760,62.7,66.2,56.0,6.61,74,64,3.1,84.0,2,0,2,0,0,Female,Yes,No,Placed,ME
7761,61.2,66.2,68.7,7.3,67,58,3.8,83.3,0,1,2,0,12,Female,Yes,Yes,Placed,ChemE
7762,54.5,58.6,64.4,6.03,40,45,3.2,74.7,0,2,0,0,9,Female,Yes,Yes,NotPlaced,CE
7763,71.3,64.2,77.4,8.89,77,79,3.5,87.3,0,1,3,2,11,Female,Yes,No,Placed,CS
7764,62.4,59.2,68.1,7.23,65,51,3.4,75.5,1,1,0,1,5,Male,No,Yes,NotPlaced,CE
7765,67.4,69.6,65.9,6.92,60,56,3.1,74.6,2,0,0,1,5,Male,No,Yes,NotPlaced,ME
7766,74.6,71.7,84.6,8.07,63,62,3.4,85.2,0,0,1,3,3,Female,No,Yes,Placed,EE
7767,65.6,62.7,61.4,5.81,71,74,2.9,71.7,0,1,2,1,6,Female,Yes,No,Placed,CS
7768,53.5,60.5,63.2,6.64,58,71,3.0,77.2,0,0,0,1,0,Female,No,Yes,NotPlaced,ChemE
7769,79.3,80.4,66.6,8.26,69,66,3.3,87.4,0,0,3,0,3,Male,No,No,Placed,ME
7770,79.7,82.3,86.2,8.49,74,66,4.7,79.7,0,1,1,0,11,Male,Yes,Yes,Placed,ME
7771,82.4,85.6,81.8,8.84,94,56,5.0,79.8,0,1,2,2,10,Male,Yes,Yes,Placed,IT
7772,60.0,61.8,57.7,5.42,48,61,3.3,99.4,0,3,2,6,10,Male,Yes,Yes,Placed,ME
7773,60.2,55.7,58.9,6.02,54,65,2.4,64.3,1,0,0,1,5,Male,No,Yes,NotPlaced,ME
7774,59.8,62.9,59.3,6.62,63,75,3.0,70.2,0,0,1,3,2,Female,Yes,No,NotPlaced,IT
7775,78.1,76.1,74.2,7.92,86,83,4.3,100.0,0,2,2,3,20,Female,Yes,No,Placed,EE
7776,66.2,61.5,76.4,7.54,57,53,4.4,62.9,0,2,1,0,14,Male,Yes,Yes,Placed,ECE
7777,81.8,78.8,62.3,7.35,57,56,3.8,73.7,3,0,1,3,3,Male,No,Yes,NotPlaced,CS
7778,68.7,61.0,58.1,6.85,68,40,2.8,83.1,0,4,1,2,27,Female,Yes,Yes,Placed,CE
7779,51.9,46.2,48.0,5.0,58,33,3.7,77.8,1,0,0,0,4,Male,Yes,No,NotPlaced,ChemE
7780,55.8,64.0,61.3,7.02,60,77,3.0,76.0,0,1,1,2,4,Male,No,No,Placed,CE
7781,60.4,64.6,70.0,5.95,63,77,3.7,88.1,1,2,4,1,17,Male,No,Yes,NotPlaced,IT
7782,76.9,75.3,74.0,7.5,84,55,3.5,82.2,1,0,1,2,3,Female,Yes,Yes,Placed,IT
7783,70.5,67.9,74.1,6.94,74,100,2.3,85.6,0,2,1,2,7,Female,No,No,Placed,CS
7784,77.1,89.3,65.1,7.02,73,76,3.7,83.7,1,0,4,1,1,Male,No,No,NotPlaced,ECE
7785,45.0,52.1,48.0,5.68,53,61,3.1,79.2,0,0,0,0,2,Male,No,Yes,NotPlaced,EE
7786,65.7,67.6,65.5,7.18,76,53,2.7,92.1,0,1,1,3,11,Female,Yes,Yes,Placed,ME
7787,61.1,74.6,68.3,6.68,60,61,3.5,69.9,0,0,1,0,3,Male,No,Yes,Placed,IT
7788,86.1,69.5,75.7,8.18,81,73,3.0,83.2,1,0,3,3,5,Female,No,Yes,Placed,ECE
7789,52.5,78.3,63.3,7.08,61,87,3.5,60.6,0,1,1,1,7,Female,Yes,No,NotPlaced,ME
7790,56.9,46.0,62.6,6.84,59,68,4.1,82.7,0,1,3,1,10,Male,Yes,No,Placed,CE
7791,65.2,74.6,75.7,8.35,84,69,2.7,77.9,0,0,2,0,7,Male,No,Yes,NotPlaced,ECE
7792,73.3,55.4,78.5,7.69,42,49,3.8,90.3,0,0,2,3,5,Male,Yes,No,NotPlaced,ME
7793,82.7,61.2,81.5,7.75,60,72,2.7,91.8,0,1,1,0,7,Male,No,Yes,NotPlaced,EE
7794,71.7,70.4,72.1,7.18,72,66,4.4,83.9,0,0,1,4,0,Female,Yes,Yes,Placed,IT
7795,76.5,72.5,74.8,7.35,72,67,3.1,93.3,0,2,3,1,9,Female,Yes,Yes,Placed,CS
7796,56.3,56.3,58.2,6.66,54,57,3.9,85.5,3,1,2,2,4,Male,No,Yes,NotPlaced,ME
7797,62.9,70.2,59.4,6.38,57,52,4.2,74.2,0,0,3,0,4,Male,Yes,Yes,NotPlaced,ME
7798,66.3,79.0,59.0,7.6,70,62,4.1,83.6,1,0,1,2,0,Male,Yes,No,NotPlaced,EE
7799,79.4,77.2,74.6,8.05,70,66,4.7,87.2,0,4,4,7,27,Female,Yes,Yes,Placed,EE
7800,75.1,54.9,60.7,8.24,66,70,4.3,79.9,1,1,2,3,9,Female,No,Yes,NotPlaced,IT
7801,59.6,66.5,61.2,6.98,49,64,2.6,69.4,0,0,2,1,0,Male,No,Yes,NotPlaced,ChemE
7802,71.5,59.0,62.0,6.37,68,63,3.7,77.5,0,0,1,0,0,Female,No,Yes,Placed,CE
7803,79.3,81.5,82.3,8.28,66,72,2.8,94.9,0,1,2,1,8,Female,No,Yes,Placed,CS
7804,63.5,64.9,61.7,6.98,59,57,3.8,80.9,0,1,0,2,7,Male,No,Yes,NotPlaced,CE
7805,96.8,78.6,86.7,8.15,80,47,3.6,73.8,2,0,1,0,3,Female,No,Yes,Placed,ME
7806,92.4,98.4,83.1,8.62,100,69,2.3,100.0,0,4,3,5,28,Male,Yes,Yes,Placed,ECE
7807,59.7,59.6,53.0,7.83,53,37,2.5,73.8,2,0,0,0,1,Male,No,No,NotPlaced,EE
7808,68.0,73.8,78.9,7.14,87,46,2.9,85.1,0,1,0,3,9,Female,No,Yes,NotPlaced,EE
7809,88.4,86.8,77.1,7.57,72,78,3.3,82.9,0,0,1,1,3,Male,Yes,No,NotPlaced,ME
7810,85.1,83.2,74.9,7.61,87,91,3.9,95.5,0,1,0,0,10,Female,Yes,No,Placed,ECE
7811,68.3,80.2,71.4,6.86,53,45,2.1,85.6,0,0,0,0,0,Male,Yes,No,NotPlaced,CE
7812,71.8,75.4,79.5,8.89,92,77,3.4,74.0,1,1,1,0,6,Male,Yes,Yes,Placed,ME
7813,70.4,66.8,69.2,7.97,74,70,2.2,76.6,0,1,4,2,7,Male,No,No,NotPlaced,ECE
7814,61.1,54.1,67.5,5.52,49,62,3.0,76.8,0,0,0,3,2,Male,Yes,No,NotPlaced,CE
7815,70.1,87.6,60.1,5.5,62,34,3.8,77.6,1,0,0,1,0,Female,Yes,Yes,NotPlaced,IT
7816,74.3,75.2,73.6,7.07,61,71,3.4,84.2,1,2,3,1,11,Male,Yes,No,Placed,EE
7817,70.3,80.0,85.3,8.8,75,71,3.8,95.1,0,0,3,2,1,Male,Yes,No,Placed,EE
7818,74.0,62.4,70.0,7.45,57,39,4.0,85.7,1,1,1,1,10,Male,No,No,Placed,CS
7819,66.4,52.4,57.6,5.45,56,50,3.6,64.0,2,1,0,0,9,Female,Yes,Yes,NotPlaced,IT
7820,47.4,64.5,59.9,6.55,71,92,3.0,86.1,0,1,3,2,7,Female,No,No,NotPlaced,CE
7821,83.4,87.5,84.6,8.35,75,68,3.1,100.0,0,1,1,4,10,Male,Yes,Yes,Placed,ECE
7822,80.5,78.6,82.7,7.44,82,94,3.6,92.1,0,0,4,2,2,Male,No,No,Placed,CS
7823,60.9,78.8,75.5,7.48,47,74,4.0,81.8,0,0,3,1,1,Male,Yes,No,Placed,ChemE
7824,66.8,84.3,73.8,7.04,93,76,2.5,67.4,1,0,2,0,1,Female,No,No,NotPlaced,CE
7825,81.2,74.4,78.3,7.2,78,65,3.8,83.3,0,2,5,1,11,Male,No,No,NotPlaced,CS
7826,70.6,70.9,71.5,8.21,83,69,2.5,79.9,0,1,0,1,7,Male,Yes,No,Placed,CS
7827,67.9,65.5,63.5,7.33,80,55,2.2,64.3,1,0,1,1,0,Male,No,Yes,NotPlaced,ECE
7828,72.6,66.7,76.7,7.57,63,77,3.6,78.2,0,1,1,5,5,Male,Yes,No,Placed,IT
7829,66.9,76.7,70.2,8.31,61,67,4.3,85.7,0,2,1,0,11,Male,Yes,Yes,NotPlaced,ChemE
7830,54.2,64.2,56.5,6.26,77,87,3.9,69.9,0,0,3,2,0,Female,No,No,NotPlaced,ECE
7831,77.8,86.4,72.1,7.56,63,60,4.3,79.4,0,1,2,2,12,Male,Yes,Yes,NotPlaced,IT
7832,85.3,71.1,68.5,7.59,78,78,3.2,78.3,1,1,4,3,15,Female,No,Yes,Placed,CS
7833,84.0,82.7,77.1,8.71,69,63,3.2,90.5,0,1,0,0,5,Male,Yes,Yes,Placed,CE
7834,79.9,60.9,63.3,6.5,35,41,3.0,86.9,0,0,0,2,7,Female,Yes,No,NotPlaced,CS
7835,91.1,90.6,78.9,9.15,82,69,3.1,80.4,0,0,2,1,3,Female,No,Yes,Placed,CS
7836,99.0,99.0,77.6,9.06,87,91,4.8,95.1,0,1,1,5,8,Female,Yes,No,Placed,ECE
7837,60.9,56.2,57.0,5.62,61,53,2.3,65.0,2,1,0,0,4,Male,No,No,NotPlaced,CE
7838,67.5,82.6,68.0,7.25,56,63,3.6,83.0,0,0,3,0,0,Male,Yes,Yes,Placed,CE
7839,84.1,73.2,78.6,7.5,75,67,3.1,87.2,0,1,4,2,4,Female,No,No,NotPlaced,ME
7840,54.2,51.9,49.9,5.45,49,36,3.4,84.7,1,0,0,0,0,Male,Yes,Yes,NotPlaced,EE
7841,66.0,66.9,65.8,7.35,74,62,2.8,77.7,0,0,0,1,1,Female,Yes,No,NotPlaced,CS
7842,68.6,74.8,74.5,8.03,64,88,3.1,84.7,0,1,2,2,11,Male,Yes,Yes,NotPlaced,CE
7843,58.0,57.9,64.9,5.77,43,67,3.7,65.5,3,0,1,2,0,Male,Yes,Yes,NotPlaced,CE
7844,99.0,90.4,88.3,9.08,100,75,2.2,81.6,0,1,1,6,11,Female,No,No,Placed,CS
7845,76.4,45.0,61.2,6.8,71,66,2.7,89.3,0,1,0,2,5,Male,No,Yes,Placed,ChemE
7846,66.3,58.6,73.8,6.89,58,63,3.9,71.3,0,0,2,2,6,Male,No,Yes,NotPlaced,CE
7847,67.0,83.0,64.6,7.25,63,68,4.2,82.3,1,1,1,2,3,Male,Yes,No,NotPlaced,IT
7848,57.1,59.7,64.3,7.99,74,83,3.3,78.5,0,0,2,1,7,Male,No,No,NotPlaced,EE
7849,83.8,87.9,88.1,10.0,83,76,3.5,80.5,0,2,2,3,13,Female,No,No,Placed,ECE
7850,59.4,67.6,68.9,6.48,56,58,3.2,77.7,0,1,3,1,6,Female,No,No,NotPlaced,ME
7851,70.6,71.6,75.0,7.23,73,81,3.2,71.9,0,1,0,2,6,Female,Yes,Yes,NotPlaced,CS
7852,67.1,62.4,74.3,7.25,57,63,3.2,77.4,2,0,2,1,4,Female,No,Yes,NotPlaced,CS
7853,62.8,61.8,57.6,5.81,77,64,4.3,76.1,0,0,2,1,0,Male,Yes,Yes,NotPlaced,EE
7854,76.7,75.6,69.2,7.83,51,61,3.5,76.7,1,0,0,1,1,Female,Yes,Yes,NotPlaced,CS
7855,62.8,61.0,64.3,7.2,51,70,3.5,77.7,2,2,4,1,15,Female,Yes,Yes,Placed,ME
7856,82.1,72.7,64.5,7.35,72,59,3.1,64.0,1,0,1,0,2,Male,No,No,NotPlaced,ChemE
7857,75.3,77.7,70.5,7.95,69,75,4.4,75.2,1,1,0,1,4,Female,No,Yes,Placed,CE
7858,93.7,95.1,84.3,9.31,94,87,4.2,90.4,0,1,7,1,5,Female,No,No,Placed,ME
7859,51.7,54.4,49.0,6.03,52,65,2.0,78.3,1,0,0,0,1,Male,No,Yes,NotPlaced,CE
7860,83.6,91.8,80.5,8.42,74,62,2.9,91.2,0,1,2,2,4,Male,Yes,No,Placed,ME
7861,74.5,69.4,69.3,7.91,67,58,2.8,83.3,0,2,1,0,8,Male,No,Yes,Placed,CS
7862,80.3,59.4,73.8,6.55,64,51,3.5,92.4,0,2,0,4,21,Female,No,No,Placed,CS
7863,84.3,76.3,72.9,8.4,90,74,4.8,79.8,0,1,5,2,8,Male,No,Yes,Placed,CS
7864,68.8,69.3,57.4,7.07,50,64,3.8,71.4,0,0,3,2,4,Female,No,Yes,NotPlaced,CE
7865,58.9,52.8,50.7,6.3,62,58,3.3,78.4,0,0,4,0,3,Female,No,Yes,NotPlaced,ECE
7866,80.3,51.5,63.9,7.1,56,36,3.5,85.1,0,2,0,1,20,Female,No,No,Placed,CE
7867,62.0,73.0,72.1,7.17,69,76,3.1,84.0,0,2,2,0,13,Female,Yes,Yes,NotPlaced,EE
7868,60.9,58.9,66.4,6.67,53,71,3.1,82.8,0,0,1,0,5,Female,No,No,NotPlaced,EE
7869,66.5,79.7,65.1,7.06,52,39,3.6,83.9,0,1,0,1,6,Female,No,Yes,Placed,CE
7870,63.6,72.2,76.3,7.41,63,73,4.0,84.7,0,3,3,1,25,Male,No,No,Placed,ECE
7871,61.5,75.8,68.4,7.49,54,65,3.5,98.8,0,1,3,3,6,Female,Yes,Yes,Placed,EE
7872,70.4,71.7,75.3,8.15,69,86,3.8,65.6,1,0,2,3,3,Male,Yes,Yes,Placed,EE
7873,76.5,76.6,74.8,7.98,56,71,3.3,88.0,0,1,4,2,15,Male,No,No,Placed,ME
7874,62.3,63.7,56.6,6.53,50,51,3.5,86.6,1,1,2,1,4,Female,No,No,NotPlaced,CS
7875,90.5,93.4,73.1,8.48,85,85,4.1,76.9,0,1,2,0,9,Female,Yes,No,Placed,CS
7876,78.9,63.9,60.1,6.1,60,51,2.7,67.0,2,1,0,2,4,Male,No,Yes,NotPlaced,CE
7877,80.3,72.6,74.7,7.02,61,65,4.3,90.2,0,1,2,1,10,Female,No,No,NotPlaced,EE
7878,69.7,79.9,71.7,7.38,75,87,2.7,80.5,1,0,7,3,3,Female,No,No,Placed,EE
7879,75.4,65.0,66.1,6.39,73,72,4.0,66.5,1,0,1,3,3,Female,Yes,No,Placed,IT
7880,60.2,57.7,60.9,6.81,60,63,3.1,73.0,2,1,1,1,8,Male,Yes,No,NotPlaced,CS
7881,66.8,64.5,68.6,7.18,64,62,3.7,77.0,1,0,2,1,7,Male,No,No,NotPlaced,EE
7882,95.9,73.7,69.4,8.01,82,88,3.1,95.3,0,4,3,5,20,Male,Yes,Yes,Placed,CS
7883,74.4,74.3,73.1,6.59,72,66,3.5,86.8,1,2,0,1,8,Male,No,Yes,NotPlaced,ECE
7884,78.8,69.6,71.2,7.69,67,67,4.0,82.4,0,1,1,0,7,Female,No,Yes,Placed,ME
7885,77.0,85.6,67.3,8.26,85,81,3.3,82.6,0,2,2,1,10,Female,No,Yes,Placed,IT
7886,56.0,64.7,53.8,6.57,51,82,3.0,79.9,1,0,4,1,3,Female,No,Yes,NotPlaced,CS
7887,75.1,76.1,64.5,7.57,50,80,3.5,93.7,0,0,1,1,1,Female,Yes,Yes,Placed,CE
7888,67.1,80.6,72.1,7.85,71,74,3.2,81.6,1,1,1,3,10,Female,No,Yes,Placed,EE
7889,69.0,53.3,68.1,7.4,65,76,3.5,71.1,0,0,3,0,2,Female,No,No,NotPlaced,ME
7890,66.6,75.9,63.2,8.65,71,64,3.4,82.9,0,0,0,0,1,Male,No,Yes,NotPlaced,ChemE
7891,72.9,65.5,63.9,6.31,54,59,4.3,82.7,1,1,1,3,7,Female,Yes,No,NotPlaced,CE
7892,97.1,99.0,96.0,8.62,85,83,3.4,84.6,0,2,0,2,12,Female,Yes,Yes,Placed,IT
7893,62.6,64.3,60.8,6.8,69,69,4.4,88.0,1,0,0,2,0,Female,No,Yes,Placed,EE
7894,50.6,72.0,58.4,6.26,69,69,2.7,70.6,0,0,3,0,6,Male,No,No,NotPlaced,EE
7895,88.1,86.0,78.5,8.2,76,71,4.7,100.0,0,3,1,6,21,Male,No,Yes,Placed,ChemE
7896,67.0,45.0,59.1,6.6,56,65,2.9,69.9,2,0,1,1,3,Male,No,No,NotPlaced,EE
7897,88.3,68.9,79.6,8.54,63,72,2.2,67.0,0,0,2,0,5,Male,No,Yes,NotPlaced,CE
7898,70.7,50.7,55.8,5.74,56,52,2.3,84.0,0,0,0,1,1,Female,No,Yes,NotPlaced,ECE
7899,79.1,67.8,75.8,7.43,62,80,3.7,93.6,0,2,0,2,15,Male,No,Yes,Placed,CE
7900,76.9,87.9,84.9,9.49,85,77,4.4,88.6,0,2,3,1,9,Male,Yes,Yes,Placed,CS
7901,74.1,76.7,79.2,8.05,71,75,3.0,80.6,0,0,1,1,3,Female,Yes,Yes,NotPlaced,ECE
7902,58.3,48.5,58.6,5.87,59,66,3.0,65.7,0,1,4,0,4,Male,No,No,NotPlaced,EE
7903,70.4,60.0,58.4,7.17,68,63,3.1,83.0,0,1,3,2,5,Male,No,No,Placed,CS
7904,70.6,77.6,78.3,7.86,74,64,4.2,86.5,0,0,0,4,2,Male,Yes,No,Placed,ME
7905,64.1,70.8,69.9,7.41,74,60,4.6,83.1,1,1,3,2,10,Female,No,Yes,Placed,CS
7906,75.1,63.5,66.4,6.36,66,64,3.1,76.7,3,1,2,1,7,Female,No,No,NotPlaced,CS
7907,61.7,51.8,53.8,6.51,64,53,2.2,72.3,1,0,1,1,3,Female,No,No,NotPlaced,CE
7908,77.4,69.4,65.8,6.9,61,63,3.1,87.1,0,1,0,0,5,Male,Yes,Yes,NotPlaced,ME
7909,57.6,52.2,60.7,6.34,63,50,3.1,66.0,1,1,1,1,4,Male,Yes,Yes,Placed,ChemE
7910,82.3,65.8,72.8,6.68,60,80,2.7,83.9,0,1,2,1,5,Male,Yes,No,Placed,CS
7911,79.7,87.4,60.0,7.0,53,53,4.0,92.3,1,2,0,0,11,Female,Yes,Yes,Placed,CE
7912,56.1,46.4,50.0,5.9,58,87,2.5,55.5,2,1,2,1,8,Female,No,No,NotPlaced,ME
7913,73.8,66.5,63.9,7.22,82,86,3.7,79.7,1,1,1,3,5,Female,No,Yes,Placed,IT
7914,90.6,81.3,91.4,9.0,87,77,5.0,99.5,0,1,2,0,7,Male,Yes,Yes,Placed,ECE
7915,72.3,68.0,65.9,6.17,63,79,4.0,80.4,0,0,1,1,4,Male,Yes,Yes,NotPlaced,CS
7916,79.8,73.5,79.0,7.19,76,60,1.8,96.6,1,1,1,3,6,Female,No,No,NotPlaced,ECE
7917,81.9,87.4,73.0,7.62,67,65,3.4,82.2,0,1,2,1,5,Male,No,No,Placed,IT
7918,77.4,74.0,77.9,7.35,77,56,4.9,71.2,0,3,3,1,15,Female,Yes,Yes,Placed,ME
7919,65.7,73.4,64.6,7.7,68,68,1.0,77.7,1,0,1,2,0,Female,No,Yes,Placed,ECE
7920,75.4,58.8,72.4,7.78,64,62,4.2,83.3,0,4,2,1,19,Male,Yes,Yes,Placed,CE
7921,74.0,59.2,59.9,7.37,72,57,1.7,63.4,0,0,1,1,7,Female,No,No,NotPlaced,ChemE
7922,65.1,65.8,64.7,6.71,44,63,2.7,73.8,0,0,2,1,0,Female,No,No,NotPlaced,EE
7923,75.5,56.4,68.3,7.34,51,50,4.4,85.4,2,0,2,1,1,Male,Yes,No,NotPlaced,ME
7924,89.7,84.0,78.0,8.3,73,57,3.8,77.4,0,1,0,1,9,Male,No,Yes,Placed,CE
7925,74.0,59.1,71.2,7.15,94,68,4.6,80.4,0,2,5,0,14,Male,No,Yes,Placed,ECE
7926,64.2,58.6,57.0,6.56,44,64,2.4,68.6,0,0,0,1,2,Male,No,No,NotPlaced,ME
7927,76.8,86.2,74.8,7.2,75,84,3.4,79.5,0,2,4,1,11,Male,Yes,No,Placed,CE
7928,61.7,69.3,62.4,6.87,41,53,3.2,71.2,4,1,1,0,5,Female,No,No,NotPlaced,EE
7929,68.5,45.0,62.0,6.2,57,57,3.4,76.7,1,1,3,2,4,Female,Yes,No,NotPlaced,EE
7930,87.8,99.0,76.2,7.5,68,59,2.9,80.2,0,0,0,1,2,Female,No,Yes,Placed,EE
7931,78.7,60.7,68.0,6.53,67,61,4.8,84.2,0,1,0,2,5,Male,Yes,No,Placed,ChemE
7932,76.2,85.1,60.1,6.38,81,75,4.0,81.1,1,0,2,1,0,Male,No,Yes,NotPlaced,IT
7933,62.2,57.7,57.5,6.45,66,56,2.4,79.5,1,1,2,0,5,Male,No,No,NotPlaced,CS
7934,69.3,60.1,78.6,7.1,65,68,3.7,90.0,0,1,3,3,5,Female,No,No,Placed,CE
7935,77.7,73.8,75.9,7.79,81,69,4.3,100.0,0,2,0,2,10,Female,Yes,Yes,Placed,IT
7936,61.0,58.6,59.6,6.31,59,66,3.2,83.5,2,0,0,2,1,Male,Yes,No,NotPlaced,CS
7937,77.2,69.0,72.8,7.48,67,79,3.8,74.3,0,2,1,1,8,Male,Yes,Yes,Placed,ECE
7938,45.8,64.3,55.5,6.34,64,63,2.4,66.1,1,0,2,1,0,Male,Yes,No,NotPlaced,ChemE
7939,68.4,74.1,67.2,7.47,70,62,2.4,69.3,1,1,0,0,6,Female,No,Yes,Placed,CS
7940,68.5,77.0,66.0,7.29,100,87,3.0,81.5,0,1,2,1,8,Female,Yes,Yes,Placed,CS
7941,89.4,70.6,70.8,7.08,76,56,2.4,81.3,0,1,1,1,3,Female,Yes,No,NotPlaced,ME
7942,77.3,76.3,76.6,8.41,74,62,2.7,72.8,1,1,1,1,5,Male,Yes,Yes,Placed,IT
7943,80.1,72.7,85.3,7.88,55,42,4.2,82.9,0,2,1,2,10,Female,Yes,Yes,NotPlaced,ECE
7944,66.2,68.1,66.2,6.61,69,59,4.2,76.3,0,1,1,1,12,Male,No,Yes,NotPlaced,EE
7945,72.0,52.2,48.2,6.66,61,45,2.9,83.5,0,0,1,0,0,Female,No,No,NotPlaced,ChemE
7946,76.8,70.7,78.8,7.65,90,92,3.2,70.6,0,0,3,0,0,Female,Yes,No,Placed,ECE
7947,77.5,80.1,56.4,6.17,63,59,3.2,95.8,0,1,1,2,7,Male,Yes,Yes,Placed,ME
7948,77.0,83.3,81.2,8.82,83,78,2.0,71.2,0,1,1,1,9,Female,No,No,Placed,IT
7949,87.8,81.6,77.1,8.85,88,76,3.3,82.6,0,1,4,3,7,Male,Yes,Yes,Placed,ME
7950,64.6,72.1,62.7,6.6,42,56,4.3,82.8,0,0,1,4,4,Female,No,Yes,NotPlaced,CS
7951,60.3,45.0,61.8,6.36,67,47,3.2,70.6,0,0,0,0,4,Male,Yes,Yes,NotPlaced,ECE
7952,83.7,92.5,78.4,8.74,84,80,2.9,94.5,0,3,3,1,15,Female,No,No,Placed,CS
7953,78.0,59.0,65.3,7.4,77,67,2.8,81.7,0,1,0,0,5,Male,Yes,No,Placed,IT
7954,50.5,45.0,49.1,5.75,51,63,3.1,68.1,1,2,1,0,16,Female,No,Yes,NotPlaced,IT
7955,81.1,75.8,88.3,8.57,80,73,3.5,86.7,0,1,2,1,9,Male,Yes,No,Placed,CS
7956,64.6,73.0,56.2,7.19,66,53,3.5,88.6,1,1,1,2,7,Male,No,Yes,NotPlaced,CE
7957,76.6,90.3,73.3,7.81,67,57,2.9,78.3,0,1,2,3,6,Male,No,No,NotPlaced,CS
7958,61.1,80.0,65.7,7.04,58,70,2.9,71.6,0,0,1,0,7,Male,Yes,No,NotPlaced,EE
7959,45.0,56.8,60.5,5.71,50,56,3.5,74.7,0,0,1,1,2,Male,No,No,NotPlaced,ME
7960,67.1,65.2,81.6,7.75,72,62,1.7,77.0,2,0,0,1,0,Male,No,No,NotPlaced,CE
7961,60.1,55.5,54.1,6.61,38,29,4.4,78.9,1,0,0,0,3,Male,Yes,Yes,NotPlaced,ChemE
7962,68.7,69.9,71.2,8.39,67,73,3.7,84.4,1,0,1,3,0,Female,Yes,Yes,Placed,ECE
7963,76.9,63.1,79.2,8.08,88,78,3.4,88.6,0,2,0,2,15,Male,Yes,Yes,Placed,CE
7964,79.4,86.7,80.2,8.09,95,80,3.1,84.0,0,4,2,3,20,Female,Yes,Yes,Placed,ME
7965,70.0,73.4,67.6,7.81,69,65,3.6,76.8,0,0,1,1,0,Female,No,Yes,NotPlaced,EE
7966,67.2,73.9,73.3,7.55,74,50,2.7,76.7,1,0,0,1,1,Male,Yes,No,Placed,ECE
7967,86.3,83.6,80.1,7.33,82,91,2.7,93.5,0,0,1,1,0,Male,No,No,Placed,CS
7968,70.3,71.8,66.5,7.68,64,71,3.3,82.2,1,1,2,2,5,Female,Yes,No,NotPlaced,CS
7969,83.4,69.4,71.3,7.75,71,81,4.6,75.1,0,0,1,0,1,Female,No,Yes,NotPlaced,ECE
7970,74.0,84.4,73.5,7.07,66,75,3.1,75.1,1,0,4,1,0,Male,Yes,No,NotPlaced,CE
7971,68.3,77.3,79.6,8.44,69,51,3.3,85.2,0,0,1,3,3,Female,Yes,No,Placed,ECE
7972,56.3,56.1,62.3,6.41,67,47,3.6,71.5,3,0,0,2,1,Female,No,Yes,NotPlaced,IT
7973,77.2,72.8,67.7,8.4,80,72,3.4,89.5,0,0,0,2,1,Female,Yes,Yes,Placed,ECE
7974,61.6,61.0,55.3,5.88,59,49,4.1,78.4,1,4,0,1,26,Female,Yes,No,Placed,ME
7975,78.6,87.3,85.7,8.02,77,60,4.6,80.6,0,0,0,4,4,Male,No,Yes,Placed,ME
7976,70.2,71.6,84.8,7.76,76,82,3.2,76.8,1,1,4,1,4,Female,Yes,No,Placed,CS
7977,81.8,82.9,84.9,8.44,88,88,3.6,78.7,0,1,2,3,5,Male,Yes,Yes,Placed,CS
7978,53.0,60.9,48.0,5.93,56,59,3.2,78.2,2,0,0,0,6,Female,No,No,NotPlaced,CE
7979,71.0,58.9,66.7,7.29,57,25,4.1,80.1,0,1,0,2,6,Female,No,No,NotPlaced,ME
7980,65.7,93.9,63.6,7.07,75,62,3.4,79.2,0,4,3,1,17,Female,No,No,Placed,CS
7981,75.2,69.1,74.1,7.23,58,72,3.5,94.2,0,3,3,1,28,Female,Yes,No,Placed,CE
7982,67.0,61.0,62.3,6.49,52,56,4.6,83.3,1,0,0,1,0,Male,Yes,Yes,NotPlaced,ECE
7983,78.0,80.3,71.4,7.96,72,67,3.3,91.9,0,3,1,1,16,Female,No,Yes,Placed,ECE
7984,70.3,77.9,71.8,7.04,70,35,3.2,73.1,1,0,1,1,2,Male,Yes,Yes,NotPlaced,ME
7985,86.5,75.1,82.9,7.89,90,85,4.7,89.8,0,2,0,2,8,Female,Yes,Yes,Placed,EE
7986,77.1,67.6,64.6,7.02,70,60,2.5,91.3,0,1,1,3,6,Female,Yes,No,Placed,CS
7987,77.6,72.2,75.0,8.86,77,84,3.8,86.5,0,2,6,4,12,Male,Yes,Yes,Placed,IT
7988,57.5,54.4,64.1,6.13,49,45,3.9,65.6,2,0,0,0,2,Female,No,Yes,NotPlaced,CE
7989,78.8,60.8,74.6,7.78,87,56,3.4,86.0,0,2,1,2,15,Male,Yes,No,Placed,ME
7990,50.6,57.2,51.8,7.05,59,72,3.1,78.0,0,0,1,2,4,Female,No,No,NotPlaced,IT
7991,70.1,76.7,77.2,8.27,66,91,3.1,87.1,0,2,3,2,7,Female,Yes,Yes,Placed,CE
7992,73.7,60.9,65.1,7.23,74,49,3.6,78.6,0,2,1,1,15,Male,No,No,NotPlaced,ME
7993,62.5,51.8,58.2,6.4,64,45,3.1,75.9,0,2,1,1,12,Male,No,No,NotPlaced,EE
7994,64.2,68.3,82.3,7.34,81,88,4.5,72.1,1,0,2,1,1,Female,No,No,NotPlaced,ECE
7995,68.3,73.0,71.1,6.83,62,62,3.1,86.1,0,3,2,3,16,Female,No,No,Placed,ECE
7996,45.0,45.9,54.9,5.57,49,56,3.5,81.5,1,0,1,0,0,Female,No,Yes,NotPlaced,EE
7997,77.6,68.7,71.6,7.84,74,61,3.6,84.5,0,1,3,1,10,Female,No,Yes,NotPlaced,ME
7998,89.4,68.6,79.2,6.94,83,94,2.6,86.6,0,1,1,0,9,Female,Yes,No,Placed,CS
7999,53.9,63.4,60.3,6.02,62,65,2.3,67.0,1,0,0,2,0,Female,Yes,Yes,NotPlaced,CE
8000,64.6,53.0,57.3,6.12,57,68,2.4,69.8,1,0,3,0,2,Male,Yes,Yes,NotPlaced,ChemE
8001,57.9,60.5,48.0,5.78,58,55,4.4,93.3,0,1,0,1,5,Female,No,Yes,NotPlaced,CS
8002,58.7,51.8,52.6,5.87,46,45,2.9,93.0,0,0,1,3,5,Female,Yes,Yes,NotPlaced,CS
8003,68.8,54.8,64.6,6.71,70,76,3.6,70.1,0,0,0,2,3,Female,No,Yes,Placed,CS
8004,53.7,52.0,51.8,5.95,40,48,4.8,78.4,2,0,0,1,0,Female,No,Yes,NotPlaced,CS
8005,73.6,68.9,73.5,9.44,65,59,3.2,93.7,0,1,2,1,11,Male,No,Yes,Placed,EE
8006,54.2,68.3,62.0,5.98,46,57,3.3,78.8,3,1,0,2,7,Male,No,No,NotPlaced,EE
8007,82.5,87.1,82.2,7.82,62,87,4.3,88.8,1,1,2,3,5,Female,No,Yes,Placed,ChemE
8008,67.0,83.0,82.0,8.22,67,76,3.5,71.6,0,1,3,3,11,Female,No,No,Placed,ECE
8009,64.9,57.3,61.5,6.75,74,89,4.1,85.5,0,1,3,2,6,Male,Yes,Yes,NotPlaced,CE
8010,64.0,61.9,69.0,6.4,58,62,3.1,84.4,0,0,0,1,2,Male,No,Yes,NotPlaced,ChemE
8011,86.4,88.4,89.6,8.94,96,98,3.0,93.7,0,1,3,6,6,Male,Yes,Yes,Placed,ECE
8012,82.2,84.4,78.6,8.04,66,54,2.9,84.5,0,0,0,1,0,Female,No,No,NotPlaced,EE
8013,69.0,68.2,65.9,7.71,51,55,1.7,80.0,0,0,1,1,0,Male,Yes,No,NotPlaced,ME
8014,71.7,67.7,63.0,7.17,68,67,3.3,83.9,1,0,1,0,0,Female,Yes,Yes,Placed,CE
8015,80.9,50.4,66.2,7.35,62,72,3.9,80.3,1,0,5,4,1,Female,No,Yes,Placed,CE
8016,67.3,68.0,76.5,6.71,66,65,3.9,77.3,0,1,2,0,7,Male,Yes,Yes,Placed,IT
8017,56.0,61.9,75.4,7.36,57,51,3.8,89.8,0,1,2,2,4,Female,Yes,Yes,Placed,EE
8018,73.0,72.6,74.4,7.55,77,92,4.2,87.6,0,0,5,1,2,Female,Yes,No,Placed,IT
8019,69.2,60.6,68.9,7.65,74,62,3.8,70.9,0,0,2,1,4,Male,Yes,Yes,Placed,CE
8020,72.2,70.3,70.2,6.44,53,51,3.7,65.4,0,0,0,0,0,Male,No,Yes,Placed,EE
8021,57.8,75.5,72.4,7.91,48,49,3.7,74.0,0,0,0,0,1,Male,Yes,Yes,NotPlaced,ChemE
8022,58.7,51.0,60.5,5.89,56,63,2.2,74.1,2,0,1,0,0,Female,No,No,NotPlaced,CE
8023,73.7,68.3,68.6,8.41,73,83,2.7,76.7,0,1,3,3,4,Female,No,No,NotPlaced,ME
8024,85.9,83.3,77.8,8.25,89,83,4.0,99.6,0,1,3,2,8,Female,Yes,No,Placed,CS
8025,63.2,77.0,67.8,6.8,62,69,3.7,67.5,2,1,5,1,13,Male,Yes,No,NotPlaced,CE
8026,76.8,83.6,74.9,6.95,50,39,2.9,64.5,0,0,0,0,7,Male,No,Yes,NotPlaced,ME
8027,63.6,76.1,82.1,7.51,70,56,2.8,87.6,1,0,1,2,2,Female,No,No,NotPlaced,CE
8028,66.4,65.9,55.6,5.93,60,64,2.6,81.2,0,1,2,2,4,Female,No,No,NotPlaced,CE
8029,66.2,60.9,66.9,7.47,68,69,2.5,100.0,0,1,1,2,6,Female,Yes,Yes,NotPlaced,ChemE
8030,83.7,97.1,85.0,8.77,83,100,3.4,93.0,0,1,7,2,7,Male,Yes,Yes,Placed,CS
8031,94.4,54.0,65.3,7.69,78,59,2.7,97.6,0,1,1,3,7,Female,No,Yes,NotPlaced,CS
8032,63.7,78.1,76.4,6.96,58,61,4.2,72.0,4,1,2,1,9,Female,No,No,NotPlaced,EE
8033,52.2,51.7,51.9,5.77,57,41,2.5,71.3,0,1,0,0,10,Female,No,No,NotPlaced,CE
8034,64.1,51.1,75.8,7.39,61,84,2.8,84.7,1,2,4,1,12,Female,Yes,No,Placed,CS
8035,79.1,82.8,78.1,7.59,90,84,3.9,96.7,0,1,2,3,8,Female,No,Yes,Placed,CS
8036,66.2,63.6,66.3,6.92,63,62,4.5,69.8,1,1,1,0,5,Male,Yes,Yes,NotPlaced,ME
8037,68.2,68.1,63.8,7.91,62,47,4.0,77.7,1,0,0,0,3,Female,No,Yes,Placed,CE
8038,96.5,81.8,77.3,9.12,77,89,4.3,91.7,0,2,1,4,9,Male,Yes,Yes,Placed,CS
8039,78.1,67.2,61.3,6.77,66,65,4.0,82.7,2,2,0,1,10,Male,Yes,No,Placed,CS
8040,72.2,77.6,67.9,7.5,58,48,4.9,78.4,1,1,2,1,6,Female,No,Yes,NotPlaced,CS
8041,71.1,50.6,67.2,7.13,59,66,3.9,66.2,0,0,0,3,1,Male,Yes,No,NotPlaced,ECE
8042,63.7,68.0,64.1,7.07,61,25,3.1,77.3,0,1,0,0,9,Male,No,No,NotPlaced,ChemE
8043,64.5,68.6,76.3,7.15,66,53,3.5,93.4,0,1,0,3,5,Female,Yes,Yes,Placed,CE
8044,82.7,99.0,85.5,8.71,81,67,4.2,93.4,0,0,1,1,6,Female,No,No,Placed,CE
8045,47.7,60.5,59.1,5.83,60,37,1.1,77.7,1,0,0,2,0,Male,Yes,Yes,NotPlaced,ChemE
8046,69.3,67.3,63.9,6.75,60,63,5.0,93.8,0,2,2,0,15,Male,Yes,Yes,Placed,ME
8047,58.4,77.1,61.1,6.51,71,36,3.5,80.3,1,0,1,1,0,Male,No,Yes,NotPlaced,EE
8048,88.7,83.7,77.8,7.51,86,100,3.8,98.3,0,0,3,2,3,Male,Yes,Yes,Placed,ChemE
8049,80.9,77.4,79.3,7.4,84,71,3.2,93.3,0,0,0,1,6,Male,No,Yes,NotPlaced,EE
8050,78.7,60.0,85.2,8.06,74,69,4.5,91.6,0,1,0,2,10,Male,Yes,Yes,Placed,CE
8051,63.4,66.6,63.9,6.53,63,66,3.7,82.7,0,0,4,0,0,Male,Yes,No,NotPlaced,CS
8052,85.3,84.3,71.5,6.96,59,51,3.3,78.4,2,0,2,6,2,Male,No,No,NotPlaced,CS
8053,76.3,81.7,66.0,8.43,74,63,2.6,88.0,0,1,3,0,7,Male,Yes,Yes,Placed,ECE
8054,63.8,61.0,59.9,6.25,75,81,3.3,85.1,0,1,3,3,3,Female,No,No,Placed,ME
8055,73.9,65.7,60.8,6.62,66,72,5.0,68.5,2,2,4,0,9,Male,No,Yes,NotPlaced,IT
8056,85.9,75.9,81.9,9.31,66,75,4.6,73.3,0,0,1,1,5,Male,Yes,Yes,Placed,CS
8057,79.8,88.8,81.4,8.62,95,80,3.9,100.0,0,4,5,2,18,Male,Yes,Yes,Placed,ChemE
8058,72.4,66.2,70.1,7.42,67,54,1.5,96.1,0,3,1,3,12,Female,No,No,NotPlaced,ChemE
8059,56.0,78.6,65.5,7.72,67,62,3.4,80.6,0,1,0,2,6,Male,Yes,No,Placed,ECE
8060,66.9,65.7,64.1,6.84,78,65,3.7,63.8,0,1,1,3,6,Female,No,Yes,NotPlaced,IT
8061,80.8,79.1,80.5,8.24,80,88,3.6,77.3,0,2,4,1,16,Male,No,No,Placed,EE
8062,75.2,63.3,70.0,7.1,76,74,4.2,78.0,1,2,1,2,12,Male,No,Yes,Placed,IT
8063,61.1,62.8,64.2,6.65,70,69,3.1,67.9,1,0,3,0,1,Female,No,No,NotPlaced,ME
8064,66.8,61.0,71.5,6.73,69,70,3.5,85.8,0,1,1,2,6,Male,No,Yes,NotPlaced,EE
8065,65.6,72.4,68.9,6.45,61,64,4.1,85.8,2,0,1,3,5,Female,No,No,NotPlaced,EE
8066,83.0,67.8,71.3,7.74,66,79,4.3,96.6,0,2,3,1,9,Male,No,Yes,Placed,CE
8067,75.8,74.6,65.8,8.54,45,42,4.5,87.6,1,0,1,1,2,Female,No,No,NotPlaced,CS
8068,67.7,57.4,61.9,7.14,57,61,5.0,56.4,2,1,0,0,15,Male,No,No,NotPlaced,ME
8069,90.4,72.4,79.3,9.09,72,77,2.9,95.3,0,3,2,1,17,Male,Yes,No,Placed,EE
8070,76.3,71.6,66.5,8.14,50,48,3.0,77.1,0,0,2,1,0,Female,Yes,Yes,NotPlaced,IT
8071,86.5,81.8,70.4,8.45,76,76,2.3,100.0,0,3,1,2,20,Male,No,Yes,Placed,CS
8072,81.1,75.4,70.8,7.74,82,43,3.3,82.5,0,1,0,2,4,Male,Yes,Yes,Placed,ChemE
8073,67.8,82.2,67.1,7.05,52,55,2.8,72.7,0,2,2,0,15,Male,No,Yes,NotPlaced,IT
8074,67.2,56.1,78.2,7.02,79,67,2.7,86.0,0,1,4,0,4,Male,Yes,No,Placed,EE
8075,74.0,81.2,72.1,7.62,58,58,3.4,90.1,0,1,3,2,11,Female,Yes,No,Placed,CE
8076,90.3,85.0,81.1,8.09,81,70,3.6,96.2,0,0,0,3,0,Male,Yes,No,Placed,ECE
8077,95.5,75.5,81.7,8.3,82,72,3.6,83.1,0,1,2,3,7,Male,No,Yes,Placed,IT
8078,53.0,55.6,58.7,6.28,40,37,3.2,81.0,0,0,0,1,5,Male,Yes,Yes,NotPlaced,EE
8079,95.9,91.8,77.9,8.61,74,53,3.2,75.4,0,2,2,4,10,Male,Yes,Yes,Placed,CS
8080,63.2,62.8,73.6,6.5,51,51,3.6,83.3,1,0,0,1,1,Male,No,No,NotPlaced,ECE
8081,65.0,59.7,56.3,6.2,64,56,3.4,72.6,1,0,0,0,3,Female,No,No,NotPlaced,ME
8082,82.6,59.5,69.0,6.44,64,49,2.9,85.1,0,0,0,2,1,Female,Yes,Yes,NotPlaced,EE
8083,67.5,61.7,63.3,7.64,81,77,4.0,85.6,0,1,2,4,7,Female,No,Yes,Placed,ME
8084,75.6,66.4,75.4,7.99,74,65,3.1,82.0,0,1,2,1,5,Male,Yes,Yes,NotPlaced,ChemE
8085,62.1,71.4,65.5,7.29,48,47,2.9,69.5,1,0,0,0,4,Female,Yes,Yes,NotPlaced,ME
8086,64.3,55.0,59.4,6.49,47,64,3.6,70.7,2,0,0,0,8,Female,No,No,NotPlaced,ME
8087,67.7,53.3,55.7,6.7,51,75,2.9,79.2,1,2,2,1,11,Male,Yes,Yes,NotPlaced,ChemE
8088,57.0,60.5,56.6,6.24,47,44,4.7,73.3,2,0,1,0,2,Male,No,Yes,NotPlaced,EE
8089,64.6,45.0,55.7,5.35,45,58,3.0,73.1,2,0,0,1,4,Male,Yes,Yes,NotPlaced,EE
8090,64.9,80.6,59.4,7.33,65,67,3.8,77.7,1,2,4,2,12,Male,Yes,Yes,Placed,CS
8091,84.2,79.6,86.3,8.15,68,47,2.5,76.6,2,2,0,0,12,Female,Yes,No,NotPlaced,ChemE
8092,57.5,55.6,53.9,6.27,35,54,3.0,80.1,2,0,1,3,3,Female,No,Yes,NotPlaced,EE
8093,79.6,69.9,70.9,7.82,73,64,3.6,74.4,0,0,1,2,0,Female,Yes,Yes,Placed,EE
8094,72.5,81.5,70.2,8.62,83,91,2.9,93.7,0,2,0,2,13,Female,No,No,Placed,CE
8095,69.9,68.8,61.4,7.39,55,51,3.5,80.3,2,1,0,1,6,Male,No,Yes,NotPlaced,ME
8096,88.4,68.6,63.9,6.76,61,62,3.8,80.8,0,1,1,1,8,Female,No,No,Placed,CS
8097,60.0,60.3,68.9,7.76,70,67,3.5,74.8,0,0,4,2,0,Female,No,No,Placed,EE
8098,72.9,76.9,71.2,8.22,76,78,3.8,70.3,0,1,2,1,5,Male,Yes,No,Placed,ECE
8099,89.1,72.4,67.5,7.62,73,50,4.6,89.2,0,1,1,1,6,Male,Yes,Yes,Placed,CS
8100,70.0,55.8,78.5,6.98,68,60,3.6,89.9,0,1,1,7,9,Female,No,Yes,NotPlaced,CE
8101,65.0,45.0,63.9,6.42,68,85,2.3,80.8,1,0,1,3,2,Male,No,No,Placed,ME
8102,62.0,52.0,62.8,5.66,61,70,4.7,72.4,0,2,0,0,14,Male,No,Yes,Placed,ChemE
8103,81.9,51.9,68.4,7.4,55,42,2.7,68.1,2,0,0,0,3,Male,Yes,No,NotPlaced,CS
8104,60.6,66.6,76.9,7.36,54,74,4.0,91.8,0,0,1,1,0,Female,Yes,Yes,NotPlaced,EE
8105,80.3,63.0,67.4,7.09,83,81,4.8,87.9,0,1,3,7,7,Male,Yes,No,Placed,CS
8106,72.0,82.5,85.2,9.1,86,77,2.7,81.8,0,1,1,3,7,Female,Yes,Yes,Placed,CS
8107,59.0,74.1,55.2,7.25,72,42,2.4,90.5,0,0,2,1,2,Male,No,Yes,NotPlaced,EE
8108,65.4,73.8,69.8,7.15,72,96,3.4,76.3,0,2,0,1,18,Male,Yes,No,Placed,EE
8109,56.5,57.6,51.9,5.86,59,72,3.3,79.3,1,0,3,3,2,Male,Yes,Yes,NotPlaced,ME
8110,59.4,69.6,58.4,7.36,60,69,3.5,77.5,2,2,3,0,15,Male,Yes,No,Placed,CE
8111,60.6,61.1,66.6,6.74,66,42,3.6,68.9,2,0,1,1,1,Male,Yes,Yes,NotPlaced,EE
8112,65.0,48.9,68.0,7.72,85,69,3.6,81.7,0,1,2,6,6,Male,Yes,Yes,Placed,IT
8113,75.4,67.0,78.7,8.14,96,84,3.7,81.9,0,1,2,4,6,Female,No,Yes,Placed,CE
8114,67.1,76.1,66.9,7.81,69,61,2.9,76.3,4,0,3,0,3,Female,No,Yes,NotPlaced,ChemE
8115,93.7,93.2,87.8,9.56,96,87,4.6,91.7,0,0,3,3,2,Male,No,Yes,Placed,EE
8116,80.4,89.7,72.3,8.76,86,64,3.7,84.1,0,1,0,3,6,Male,No,Yes,Placed,CS
8117,60.7,99.0,76.0,8.05,85,89,2.7,91.8,0,0,3,4,3,Male,Yes,Yes,Placed,CS
8118,60.0,58.9,49.2,6.05,62,73,3.5,82.2,0,0,1,0,0,Male,No,Yes,NotPlaced,ME
8119,78.7,70.5,78.1,6.72,68,69,3.7,84.3,0,1,1,1,11,Male,Yes,Yes,Placed,ChemE
8120,68.9,71.6,71.5,6.59,50,58,2.7,92.3,0,0,2,0,0,Male,No,No,NotPlaced,CE
8121,68.1,66.2,79.2,7.29,74,59,4.8,86.7,0,2,0,3,18,Male,Yes,Yes,Placed,ME
8122,83.4,82.5,68.3,7.36,69,72,3.4,73.1,2,3,3,1,17,Female,No,No,Placed,CS
8123,70.1,77.5,81.8,8.13,62,33,4.8,86.8,0,0,0,2,0,Female,Yes,Yes,NotPlaced,EE
8124,75.6,89.9,71.7,7.8,73,75,3.7,91.6,0,2,2,2,15,Male,No,Yes,Placed,EE
8125,73.3,58.7,71.8,7.1,84,67,5.0,84.9,0,1,0,1,6,Female,No,Yes,NotPlaced,CS
8126,68.3,57.4,55.7,6.69,53,50,4.0,77.2,0,0,0,1,6,Male,Yes,Yes,NotPlaced,EE
8127,69.5,57.6,54.6,6.57,63,96,3.0,83.6,0,1,2,3,4,Female,No,Yes,Placed,CS
8128,62.7,49.4,51.8,6.62,51,71,3.1,67.4,2,1,0,0,12,Female,No,Yes,NotPlaced,ChemE
8129,75.4,71.2,68.7,6.41,69,81,3.3,82.9,3,1,3,1,5,Male,No,Yes,NotPlaced,CS
8130,58.3,61.8,66.7,7.03,67,92,3.0,84.9,0,2,8,2,6,Female,No,No,Placed,ECE
8131,89.3,86.8,67.8,8.41,51,34,4.0,77.1,2,0,0,3,6,Female,No,No,Placed,CE
8132,45.7,61.6,70.7,7.17,72,75,3.6,85.3,0,1,2,0,5,Male,Yes,Yes,Placed,ME
8133,87.6,72.4,72.3,7.74,65,89,4.3,97.9,0,1,2,8,5,Female,Yes,No,Placed,EE
8134,65.8,86.1,62.3,7.28,57,59,3.2,84.3,1,0,1,1,0,Male,Yes,No,NotPlaced,ME
8135,73.5,57.8,64.7,7.4,74,51,3.6,83.0,1,0,1,0,2,Male,No,Yes,NotPlaced,EE
8136,82.5,63.5,61.7,7.4,60,62,3.1,81.7,0,1,1,1,10,Male,Yes,No,NotPlaced,CE
8137,81.1,50.7,70.4,8.38,83,92,3.2,91.7,0,4,6,5,27,Male,Yes,No,Placed,ECE
8138,75.7,67.4,67.4,7.09,74,75,2.8,84.3,1,1,2,1,9,Female,No,Yes,Placed,CS
8139,77.6,74.6,70.7,7.72,76,45,3.5,77.3,0,0,1,3,0,Female,No,No,Placed,ME
8140,57.8,69.7,69.6,7.18,82,78,3.8,85.1,0,2,2,3,13,Male,Yes,Yes,Placed,EE
8141,56.7,65.1,68.5,6.9,66,52,4.1,75.4,1,2,4,0,13,Male,Yes,No,NotPlaced,CE
8142,65.9,54.1,64.4,6.47,49,67,1.9,76.9,0,0,1,1,1,Female,No,No,NotPlaced,ME
8143,45.0,45.0,48.0,5.11,36,49,3.2,79.3,3,0,0,1,4,Male,No,Yes,NotPlaced,ME
8144,86.7,85.2,79.3,8.79,88,82,3.7,100.0,0,0,8,2,0,Female,No,No,Placed,ECE
8145,70.5,58.4,63.4,5.8,69,34,4.8,86.5,2,0,0,2,0,Male,Yes,Yes,NotPlaced,CS
8146,64.3,53.8,49.4,5.72,49,32,4.1,65.1,3,0,0,0,1,Male,No,Yes,NotPlaced,ECE
8147,58.5,59.8,61.0,6.39,69,87,4.2,89.5,1,2,0,1,9,Male,Yes,Yes,Placed,CE
8148,73.2,67.9,69.9,7.3,72,80,3.6,67.9,1,0,3,0,1,Male,No,Yes,Placed,IT
8149,45.0,45.0,50.9,5.76,54,54,3.1,71.9,1,0,0,0,2,Male,No,Yes,NotPlaced,ChemE
8150,66.1,70.8,77.4,8.03,74,85,4.4,92.5,0,3,1,3,13,Female,Yes,Yes,Placed,EE
8151,66.8,72.1,65.9,7.62,71,57,3.8,71.3,0,1,1,0,6,Female,Yes,No,Placed,ME
8152,80.3,69.2,71.8,8.98,75,70,3.1,82.4,1,1,1,3,4,Male,No,No,Placed,IT
8153,55.4,58.6,50.9,6.32,49,67,3.4,73.5,2,0,1,0,3,Male,No,Yes,NotPlaced,ME
8154,82.9,69.4,83.2,8.64,74,65,3.4,98.7,0,0,2,3,0,Male,No,No,Placed,CS
8155,72.7,70.6,74.1,7.36,76,84,4.8,68.8,1,1,3,0,9,Male,Yes,No,Placed,ECE
8156,75.1,68.1,63.7,6.83,70,73,4.8,83.3,1,0,3,1,0,Female,Yes,No,Placed,CE
8157,70.0,56.1,55.2,6.48,81,80,2.4,76.4,0,0,3,3,0,Female,No,No,Placed,CS
8158,60.0,73.5,68.9,7.13,60,58,2.2,82.2,0,1,2,1,5,Female,No,No,NotPlaced,ME
8159,72.7,77.8,63.6,6.97,67,66,3.6,79.1,0,0,2,3,7,Male,No,Yes,Placed,ME
8160,58.1,56.5,56.9,6.9,50,68,3.9,88.9,1,1,1,0,10,Male,Yes,No,NotPlaced,ME
8161,62.4,55.0,55.3,6.25,55,57,2.9,77.3,1,0,2,2,0,Female,Yes,No,NotPlaced,ChemE
8162,82.7,95.3,86.6,8.83,61,60,2.8,97.1,0,1,0,1,9,Female,Yes,No,Placed,CE
8163,80.9,54.6,65.6,7.54,76,75,3.6,74.1,2,1,5,1,11,Female,No,No,Placed,CS
8164,68.2,60.2,53.8,7.06,68,56,3.2,72.5,1,0,0,0,0,Male,No,No,NotPlaced,CS
8165,69.2,70.0,72.3,7.69,79,66,3.1,77.9,0,0,1,1,2,Male,No,No,Placed,ChemE
8166,62.6,70.0,63.2,6.14,56,40,2.5,80.0,2,0,1,2,4,Male,No,Yes,NotPlaced,ME
8167,99.0,79.2,70.0,8.05,83,56,4.4,84.6,0,0,0,1,3,Female,Yes,Yes,Placed,ChemE
8168,63.4,74.3,69.2,7.56,64,79,3.7,87.1,0,2,2,1,9,Male,No,Yes,Placed,ChemE
8169,66.9,63.6,64.7,7.04,73,62,3.7,73.8,0,1,1,1,6,Male,No,No,NotPlaced,EE
8170,70.0,80.8,74.4,7.49,90,53,3.3,79.1,0,1,0,4,8,Male,No,Yes,Placed,IT
8171,59.7,56.8,56.0,6.77,72,68,3.2,84.7,1,0,2,0,0,Male,Yes,Yes,Placed,CE
8172,65.6,78.4,63.7,7.7,66,67,3.8,85.1,0,1,1,1,6,Male,No,Yes,Placed,CE
8173,70.4,69.7,55.9,7.98,65,83,3.4,59.8,0,0,0,1,0,Male,No,Yes,NotPlaced,EE
8174,67.9,45.0,63.0,5.97,65,68,2.8,61.3,3,0,3,0,7,Female,No,No,NotPlaced,CS
8175,56.2,66.1,56.9,7.41,76,93,3.9,84.9,0,4,3,2,18,Male,Yes,No,Placed,CS
8176,60.9,66.7,54.2,7.04,58,49,3.1,72.7,0,0,1,1,3,Female,No,No,NotPlaced,CE
8177,69.4,63.7,71.9,7.85,65,67,3.0,87.4,0,1,2,1,11,Male,Yes,No,Placed,ChemE
8178,57.6,56.9,62.0,6.7,45,61,3.1,75.6,2,0,1,1,2,Female,No,No,NotPlaced,ChemE
8179,75.9,66.9,68.5,7.36,73,67,3.4,82.6,0,1,3,1,7,Female,Yes,Yes,NotPlaced,ME
8180,78.6,79.1,85.5,8.69,92,79,3.1,91.3,0,2,0,2,10,Female,Yes,Yes,Placed,CE
8181,63.7,74.5,76.5,7.51,78,70,3.4,85.8,3,1,1,1,8,Male,Yes,No,NotPlaced,IT
8182,80.5,70.5,79.3,6.84,68,61,2.4,81.8,0,1,1,3,8,Male,No,Yes,NotPlaced,EE
8183,75.4,53.1,68.2,6.99,62,52,3.4,78.7,0,1,1,0,9,Female,Yes,No,Placed,EE
8184,66.9,81.1,63.4,7.28,69,79,3.0,85.5,0,2,2,2,12,Male,No,No,NotPlaced,IT
8185,69.4,71.9,74.5,7.25,68,63,4.4,78.3,1,1,3,1,13,Male,Yes,No,Placed,CS
8186,85.2,87.6,88.1,8.61,96,78,4.4,80.3,0,1,3,1,7,Male,Yes,No,Placed,ME
8187,68.5,85.6,59.8,7.33,76,69,2.9,79.2,2,1,3,2,10,Male,No,Yes,NotPlaced,EE
8188,79.2,85.0,76.0,8.06,80,56,4.1,87.9,0,1,1,1,7,Female,Yes,Yes,Placed,IT
8189,72.8,69.5,54.8,6.63,65,67,4.0,90.4,0,1,3,2,6,Male,Yes,Yes,Placed,ECE
8190,80.3,87.6,74.0,8.82,65,62,3.6,92.2,0,0,2,3,1,Male,Yes,Yes,Placed,ChemE
8191,69.7,71.9,58.9,8.01,48,64,4.3,85.7,0,1,3,0,5,Male,Yes,Yes,Placed,ME
8192,65.3,71.2,67.8,7.19,56,56,4.5,86.3,0,2,0,4,8,Male,No,Yes,Placed,EE
8193,79.3,77.1,74.5,7.36,72,93,3.0,77.3,2,1,2,2,6,Female,Yes,No,Placed,CS
8194,63.1,56.0,63.0,6.26,50,40,3.9,78.1,0,0,0,0,2,Female,Yes,Yes,NotPlaced,ME
8195,52.9,72.5,58.0,6.33,53,56,4.0,80.7,1,0,0,2,0,Male,No,Yes,NotPlaced,CS
8196,52.2,68.1,58.4,6.61,50,60,3.7,79.9,1,0,0,3,6,Male,No,No,NotPlaced,EE
8197,71.0,53.1,76.0,7.78,60,94,5.0,92.8,0,0,2,1,5,Male,No,Yes,Placed,CS
8198,82.7,80.7,70.0,8.05,56,62,3.6,83.5,0,1,3,3,4,Female,Yes,Yes,Placed,ECE
8199,87.0,70.6,71.9,8.3,71,59,4.2,90.1,0,0,1,2,0,Male,Yes,No,NotPlaced,ChemE
8200,92.3,87.8,88.0,8.72,87,89,5.0,91.8,0,2,2,3,11,Male,Yes,Yes,Placed,CE
8201,66.5,51.8,66.9,6.99,75,64,3.0,74.8,1,0,2,6,0,Male,Yes,Yes,Placed,ME
8202,96.5,80.2,88.2,8.67,84,91,4.4,87.0,0,2,2,3,17,Female,Yes,Yes,Placed,IT
8203,65.1,65.3,69.7,7.6,45,41,2.9,86.6,0,1,0,0,5,Female,No,No,Placed,CE
8204,61.1,65.2,58.0,6.7,57,58,2.5,79.7,2,1,0,3,7,Male,No,No,NotPlaced,ECE
8205,60.7,64.3,75.0,8.01,75,78,4.7,78.6,1,0,0,2,6,Male,No,Yes,Placed,CE
8206,71.1,54.5,75.2,7.71,45,55,4.0,94.6,0,0,1,0,3,Female,No,No,Placed,ME
8207,64.3,64.5,67.3,6.88,83,77,4.5,87.9,0,1,4,2,4,Male,Yes,No,Placed,ME
8208,80.4,63.8,70.4,6.58,67,61,2.7,69.4,1,0,0,2,9,Female,No,No,NotPlaced,EE
8209,89.1,82.9,76.5,8.22,95,89,3.3,76.0,0,1,4,1,5,Female,Yes,Yes,Placed,ECE
8210,58.8,56.2,49.6,5.0,53,58,3.0,81.8,1,0,2,0,0,Female,No,No,NotPlaced,EE
8211,58.9,45.9,52.1,5.5,54,74,2.5,72.5,0,1,1,0,8,Male,Yes,No,Placed,ECE
8212,67.8,72.4,79.0,7.17,68,68,3.9,79.5,0,1,2,0,7,Female,Yes,Yes,NotPlaced,CE
8213,55.1,86.5,76.1,7.23,71,74,2.7,77.7,0,0,0,0,5,Male,No,Yes,Placed,ME
8214,72.4,85.8,77.3,8.08,80,60,3.4,88.2,0,0,1,2,3,Female,No,No,NotPlaced,ME
8215,73.3,50.2,59.8,6.52,56,61,2.1,78.6,0,1,1,1,11,Male,Yes,No,NotPlaced,ME
8216,83.1,98.3,71.0,7.54,79,64,4.5,76.4,0,3,2,2,14,Female,No,No,Placed,EE
8217,63.8,73.6,62.0,7.04,74,70,3.6,85.7,2,0,1,2,1,Female,No,No,NotPlaced,IT
8218,82.1,87.7,70.7,7.73,70,54,2.9,85.3,0,2,1,0,11,Male,Yes,No,Placed,ME
8219,75.6,65.4,76.3,8.27,81,85,4.1,82.4,0,1,2,4,7,Female,No,No,Placed,ECE
8220,48.8,50.6,54.1,5.92,55,40,3.2,71.1,0,0,1,1,2,Male,No,Yes,NotPlaced,EE
8221,72.3,69.1,56.1,7.08,53,62,2.7,80.6,1,0,4,1,5,Male,Yes,Yes,NotPlaced,ECE
8222,51.2,45.0,48.0,5.78,35,39,3.2,76.6,2,0,1,1,7,Male,No,No,NotPlaced,CE
8223,76.0,70.3,63.3,7.27,54,69,3.2,66.3,1,0,2,1,3,Female,No,No,NotPlaced,ChemE
8224,62.2,88.4,76.3,8.63,68,70,4.9,90.2,0,0,0,3,3,Male,No,Yes,Placed,CE
8225,70.5,70.3,74.2,7.82,73,68,3.4,95.1,0,1,3,0,7,Female,Yes,Yes,Placed,EE
8226,83.7,91.5,71.2,8.39,62,52,2.3,87.7,0,0,0,0,3,Male,No,No,NotPlaced,IT
8227,70.6,70.1,57.2,6.91,51,47,3.2,63.5,0,0,1,0,1,Male,No,Yes,NotPlaced,CE
8228,70.6,55.3,64.2,6.61,78,68,4.3,73.6,0,0,5,3,0,Male,No,Yes,Placed,ChemE
8229,85.6,75.5,85.1,8.54,86,82,4.2,81.4,0,0,1,2,0,Female,No,Yes,NotPlaced,CE
8230,84.6,91.4,78.6,9.18,92,77,3.9,90.0,0,0,3,5,4,Male,Yes,Yes,Placed,ECE
8231,62.3,63.1,70.7,7.73,71,75,3.3,82.6,0,2,1,1,16,Male,Yes,No,Placed,ME
8232,73.3,83.0,75.3,7.61,63,85,3.2,69.5,0,2,4,2,13,Female,No,No,Placed,EE
8233,79.9,81.6,81.8,8.2,99,77,4.6,76.1,2,0,0,3,3,Male,Yes,Yes,Placed,CS
8234,66.3,62.2,52.6,5.93,62,57,5.0,69.5,1,0,0,0,8,Male,No,Yes,NotPlaced,ECE
8235,79.3,73.8,83.3,8.5,70,55,4.0,76.7,0,2,2,2,10,Male,Yes,Yes,Placed,ECE
8236,65.5,69.7,69.3,6.93,68,60,4.0,75.2,1,0,0,2,5,Female,No,Yes,Placed,ME
8237,48.7,68.7,63.3,6.06,49,44,2.9,72.4,0,0,0,0,3,Female,No,No,NotPlaced,EE
8238,82.0,71.7,80.8,7.43,83,65,4.4,82.6,0,3,3,2,22,Male,No,Yes,Placed,CS
8239,84.3,83.0,77.4,8.27,75,67,2.6,77.4,0,1,0,2,11,Female,No,Yes,NotPlaced,ECE
8240,69.2,75.1,54.4,5.32,49,49,3.8,72.8,0,0,1,1,0,Male,Yes,No,NotPlaced,ME
8241,64.4,72.4,72.6,7.24,74,62,2.7,89.7,0,3,1,2,24,Male,No,No,NotPlaced,CE
8242,62.2,54.4,51.8,5.95,62,57,1.5,80.8,0,0,1,3,2,Female,Yes,No,NotPlaced,EE
8243,52.3,50.0,54.6,5.55,41,38,2.8,67.6,1,0,0,0,0,Female,No,No,NotPlaced,ME
8244,70.2,51.0,62.8,5.7,70,75,3.5,80.0,0,1,1,1,4,Female,No,Yes,NotPlaced,ME
8245,95.6,62.7,70.0,7.34,58,64,3.7,90.9,0,2,0,2,15,Female,Yes,Yes,Placed,ECE
8246,87.8,82.6,67.3,8.46,86,82,4.7,91.2,0,0,3,2,2,Female,Yes,Yes,Placed,CS
8247,68.3,79.8,70.4,7.21,72,68,5.0,77.7,0,2,2,1,8,Female,No,Yes,Placed,ECE
8248,71.3,67.8,70.7,7.71,68,58,2.5,86.3,1,0,1,2,0,Male,No,No,Placed,EE
8249,73.5,82.2,70.5,8.21,81,68,3.1,77.2,0,0,1,3,0,Female,No,Yes,NotPlaced,CS
8250,68.6,72.4,63.9,7.06,52,46,3.7,92.4,0,1,1,4,5,Male,Yes,Yes,NotPlaced,ChemE
8251,63.7,66.9,66.3,7.85,80,75,4.1,76.1,0,1,3,2,10,Female,No,Yes,Placed,EE
8252,89.5,81.6,88.8,9.08,84,68,4.5,85.2,0,0,1,3,5,Female,Yes,No,Placed,ECE
8253,57.6,60.4,70.2,7.74,65,72,3.4,74.4,1,0,3,2,10,Female,Yes,No,Placed,IT
8254,80.0,98.0,96.0,9.22,86,97,4.1,100.0,0,0,3,1,5,Female,Yes,Yes,Placed,CS
8255,77.1,59.6,60.3,6.02,74,59,3.1,81.9,1,2,1,2,11,Male,No,Yes,NotPlaced,IT
8256,72.0,79.9,73.6,7.31,59,46,2.3,96.9,0,1,0,2,10,Male,Yes,No,NotPlaced,EE
8257,79.6,66.3,63.4,7.37,71,91,3.8,80.6,1,2,3,1,8,Female,No,Yes,Placed,ECE
8258,62.7,58.8,71.5,6.68,70,79,4.7,77.5,1,1,2,1,8,Female,No,Yes,Placed,ECE
8259,68.3,88.9,79.0,8.49,90,97,4.3,91.0,0,1,5,3,13,Male,Yes,Yes,Placed,CE
8260,57.9,47.2,71.1,6.55,54,45,3.0,83.1,0,1,0,2,11,Male,No,No,NotPlaced,IT
8261,91.0,66.4,76.8,7.39,57,66,4.2,78.6,2,1,1,1,10,Female,Yes,Yes,NotPlaced,CE
8262,55.5,57.1,59.7,7.01,72,86,2.5,76.8,0,1,3,3,8,Female,No,No,NotPlaced,EE
8263,79.4,76.0,61.5,7.06,65,60,2.9,80.0,0,0,1,1,5,Male,No,No,NotPlaced,ME
8264,66.6,75.3,56.7,5.79,66,65,3.7,82.4,0,1,2,1,7,Male,No,Yes,Placed,ME
8265,64.9,64.7,53.6,6.71,61,66,4.0,70.0,0,1,1,1,10,Female,No,Yes,Placed,ChemE
8266,54.5,52.3,57.8,6.12,39,37,3.9,75.7,3,0,0,0,0,Male,Yes,No,NotPlaced,ME
8267,73.1,92.1,77.0,8.27,69,75,3.8,87.4,1,1,2,3,10,Male,Yes,Yes,Placed,CS
8268,74.7,62.8,70.8,7.1,68,58,3.0,80.3,0,0,1,3,5,Female,No,No,Placed,ME
8269,85.4,62.9,72.5,7.44,76,63,3.3,85.7,0,0,1,1,1,Female,No,No,Placed,EE
8270,79.1,60.2,79.3,8.39,65,56,3.3,68.0,1,1,0,3,6,Female,No,Yes,Placed,CE
8271,75.4,68.5,66.4,7.09,63,58,3.0,86.3,0,1,1,2,4,Male,No,No,NotPlaced,EE
8272,80.0,68.3,79.6,9.07,73,77,4.3,91.2,0,0,4,2,2,Male,Yes,Yes,Placed,ECE
8273,79.9,72.5,60.8,6.53,61,68,3.9,68.0,1,0,2,1,2,Female,Yes,Yes,NotPlaced,ME
8274,84.6,77.1,84.2,8.51,88,73,4.0,80.7,0,1,2,5,5,Male,No,Yes,Placed,CS
8275,99.0,73.7,80.5,8.44,77,82,4.2,82.4,0,2,1,6,18,Male,No,Yes,Placed,CS
8276,65.4,79.5,74.1,7.44,80,74,4.9,88.9,0,1,2,2,10,Male,No,Yes,Placed,IT
8277,72.5,77.8,65.9,7.87,64,59,3.0,68.1,4,2,2,1,14,Male,Yes,Yes,Placed,ChemE
8278,70.9,73.5,57.8,6.4,56,68,4.6,78.4,3,0,2,0,4,Female,No,Yes,NotPlaced,EE
8279,62.3,45.0,48.0,6.35,62,71,3.8,71.5,0,3,4,1,12,Male,Yes,No,Placed,ECE
8280,86.9,66.7,78.8,9.24,88,82,4.6,83.1,1,1,2,0,6,Male,No,Yes,Placed,EE
8281,53.7,70.3,51.4,5.72,59,82,2.9,71.8,4,0,0,1,6,Female,No,Yes,NotPlaced,CE
8282,65.4,45.0,67.9,6.61,72,80,4.6,90.5,2,3,3,2,25,Male,Yes,No,Placed,ECE
8283,59.1,53.2,64.7,6.85,62,57,4.3,91.7,1,0,1,1,4,Male,Yes,Yes,NotPlaced,ChemE
8284,72.1,71.2,75.9,6.74,77,58,3.9,100.0,0,2,1,2,12,Male,Yes,No,Placed,ME
8285,57.9,45.5,64.0,6.28,54,53,3.9,81.9,1,0,2,1,0,Male,No,Yes,NotPlaced,EE
8286,63.3,66.4,62.9,6.55,62,61,3.2,68.5,3,0,3,0,1,Female,No,No,Placed,IT
8287,76.5,60.7,64.9,7.19,74,66,3.4,84.4,1,0,1,1,0,Male,Yes,Yes,Placed,CE
8288,58.9,74.6,65.8,7.21,44,56,3.9,81.0,0,0,0,1,1,Female,No,No,NotPlaced,ChemE
8289,56.9,76.5,67.6,6.93,57,49,2.7,82.4,0,2,0,3,7,Female,Yes,No,Placed,CE
8290,65.9,70.1,63.7,6.34,71,61,2.8,80.7,0,0,1,2,2,Male,Yes,No,NotPlaced,ME
8291,93.7,73.5,75.0,7.11,76,74,4.1,80.1,0,1,0,2,5,Male,Yes,Yes,Placed,ECE
8292,76.0,61.9,66.1,7.54,63,72,3.1,91.4,0,0,1,6,2,Male,Yes,Yes,Placed,ME
8293,65.1,68.2,78.8,7.68,74,79,3.7,85.4,1,1,1,2,8,Male,Yes,No,Placed,CE
8294,66.2,50.3,58.0,5.99,58,53,4.5,91.6,0,1,1,2,9,Male,Yes,No,NotPlaced,ECE
8295,71.5,85.8,69.2,7.89,76,58,2.4,72.7,2,1,2,1,3,Female,No,No,Placed,ECE
8296,73.4,70.9,71.5,7.21,62,69,3.6,76.7,1,0,2,1,0,Male,No,Yes,NotPlaced,CE
8297,69.5,53.2,70.7,6.47,70,61,3.6,66.0,1,0,1,0,1,Female,No,No,NotPlaced,EE
8298,86.3,96.4,81.2,9.13,83,78,3.6,94.2,0,2,1,5,15,Male,Yes,No,Placed,CS
8299,60.7,56.3,48.0,5.36,60,46,4.5,74.3,2,0,1,1,1,Male,Yes,No,NotPlaced,ME
8300,84.3,82.6,69.9,7.81,75,95,3.9,74.7,2,0,2,0,0,Male,Yes,Yes,NotPlaced,CE
8301,82.8,88.3,67.2,7.31,63,49,2.9,77.8,0,0,2,4,2,Male,Yes,No,Placed,CE
8302,77.1,77.4,70.0,7.07,71,69,2.6,73.4,0,0,6,1,2,Female,No,Yes,NotPlaced,ChemE
8303,70.9,58.3,75.1,6.62,66,65,3.0,68.3,0,1,1,2,12,Male,No,No,NotPlaced,ME
8304,68.1,65.6,65.0,7.66,74,91,3.6,93.0,0,2,2,4,12,Male,No,Yes,NotPlaced,ChemE
8305,58.9,94.4,59.4,7.25,60,82,4.3,80.5,2,0,2,2,0,Male,No,Yes,Placed,ECE
8306,76.3,64.9,72.6,7.68,78,49,4.6,87.5,2,2,0,3,14,Male,Yes,Yes,Placed,ME
8307,83.4,70.1,69.9,7.57,72,75,2.8,82.0,0,0,0,3,4,Female,Yes,Yes,Placed,CS
8308,72.7,63.6,72.6,6.96,49,68,3.9,82.9,0,0,3,1,3,Male,Yes,No,NotPlaced,EE
8309,69.6,55.3,60.5,6.9,57,38,2.0,72.9,2,0,0,1,5,Male,Yes,No,NotPlaced,EE
8310,73.5,84.3,80.6,8.14,77,64,3.3,83.5,0,1,1,0,7,Female,No,Yes,NotPlaced,ChemE
8311,73.7,65.9,67.3,8.09,53,48,2.5,74.5,0,0,3,0,4,Male,Yes,Yes,Placed,CE
8312,67.1,68.2,68.8,7.81,69,80,3.2,85.0,0,1,3,4,12,Female,No,No,Placed,CE
8313,70.3,72.6,68.1,7.36,76,63,2.4,73.4,1,0,1,2,2,Female,No,Yes,NotPlaced,ME
8314,94.4,84.4,82.7,9.81,86,80,2.8,86.9,0,2,1,1,13,Female,No,No,Placed,ME
8315,67.0,71.4,81.9,7.76,74,81,3.4,82.5,0,4,1,3,15,Male,Yes,Yes,Placed,IT
8316,81.0,80.1,84.2,8.57,73,74,3.2,89.8,0,0,1,1,0,Male,Yes,Yes,Placed,EE
8317,81.2,65.0,78.3,7.63,71,71,4.1,99.5,0,2,1,1,11,Male,Yes,No,Placed,CS
8318,79.8,80.5,66.8,7.28,54,61,3.7,86.4,0,4,0,1,30,Male,Yes,Yes,Placed,EE
8319,63.4,82.9,65.4,8.15,66,89,3.4,91.0,0,3,4,2,12,Male,No,Yes,Placed,CS
8320,70.2,64.2,79.3,7.62,54,82,4.6,82.3,0,2,2,2,17,Female,Yes,No,Placed,ME
8321,56.8,63.1,50.2,6.17,72,51,4.0,78.4,0,0,0,2,0,Male,Yes,Yes,NotPlaced,EE
8322,52.9,52.3,52.7,5.33,44,39,3.8,64.7,3,0,1,0,5,Male,Yes,No,NotPlaced,ME
8323,59.1,67.7,61.3,6.16,65,74,2.5,71.1,1,1,0,0,10,Male,Yes,No,NotPlaced,ChemE
8324,68.0,88.1,93.2,8.74,85,48,3.4,99.5,0,3,0,4,13,Female,Yes,Yes,Placed,IT
8325,70.4,81.2,79.0,6.94,74,66,3.4,90.1,1,1,5,1,3,Male,Yes,No,Placed,IT
8326,65.7,55.2,65.1,7.3,62,59,4.0,83.6,1,0,1,1,0,Male,Yes,Yes,Placed,CS
8327,72.2,67.6,88.2,8.29,83,63,3.1,83.7,0,2,1,2,10,Male,No,No,Placed,ChemE
8328,63.9,50.2,61.6,7.49,84,74,3.7,81.4,0,0,3,2,8,Male,Yes,Yes,Placed,ECE
8329,79.6,99.0,79.0,8.11,70,45,3.5,81.4,0,1,1,1,5,Male,Yes,No,Placed,CS
8330,74.1,78.5,77.7,6.55,61,75,3.6,83.1,1,0,0,1,0,Female,No,Yes,NotPlaced,CS
8331,62.5,82.6,64.2,7.45,63,75,2.8,84.0,0,2,1,2,14,Male,Yes,Yes,NotPlaced,CS
8332,79.4,60.9,73.1,7.31,70,95,2.7,96.5,0,0,5,5,9,Female,Yes,No,Placed,ECE
8333,67.7,64.6,61.0,5.99,51,51,3.4,76.5,2,1,1,0,7,Female,Yes,No,NotPlaced,IT
8334,66.8,56.4,71.2,7.59,58,52,4.3,81.4,0,2,0,4,8,Female,Yes,Yes,Placed,ChemE
8335,84.4,73.7,63.5,6.98,63,57,3.3,91.8,0,0,0,5,0,Male,Yes,No,Placed,IT
8336,85.9,81.6,82.3,7.85,86,79,4.1,79.3,0,0,6,3,7,Male,Yes,No,Placed,CS
8337,70.1,63.0,65.9,6.65,77,69,3.6,81.3,1,1,5,2,8,Male,No,No,Placed,ME
8338,79.1,67.9,68.3,7.93,61,70,3.1,78.2,0,1,2,0,4,Male,Yes,No,Placed,EE
8339,59.3,73.9,67.6,6.72,68,65,2.1,64.1,3,0,1,0,2,Male,Yes,No,NotPlaced,EE
8340,68.2,64.5,74.6,6.84,63,56,2.5,88.9,0,1,2,2,12,Female,Yes,No,Placed,EE
8341,81.4,86.1,70.4,7.69,76,51,3.4,87.8,0,0,0,0,1,Male,No,Yes,Placed,ME
8342,52.5,54.8,57.1,6.4,39,69,3.2,77.0,3,1,3,1,8,Male,No,No,NotPlaced,ChemE
8343,71.6,75.3,78.3,7.79,50,55,4.1,93.0,0,0,0,1,0,Female,Yes,Yes,NotPlaced,ECE
8344,76.7,74.7,76.4,7.61,59,65,2.9,90.7,0,1,2,2,6,Male,Yes,No,Placed,ME
8345,66.7,65.4,60.1,6.76,71,60,3.6,76.8,2,0,1,0,7,Male,Yes,Yes,NotPlaced,ME
8346,80.0,80.4,82.7,7.47,80,100,4.2,98.3,1,1,0,8,12,Male,Yes,No,Placed,CS
8347,65.1,79.1,59.8,6.53,55,80,2.9,100.0,0,0,1,1,2,Female,No,Yes,Placed,IT
8348,56.2,63.2,57.8,6.27,61,84,3.8,74.3,3,0,2,2,4,Male,No,Yes,Placed,EE
8349,96.4,69.2,84.1,8.31,100,68,3.4,74.6,0,4,0,5,22,Female,No,Yes,Placed,IT
8350,85.3,66.1,58.9,6.31,61,65,3.9,89.4,0,0,0,1,6,Female,No,No,NotPlaced,CS
8351,69.1,76.4,66.3,6.36,46,25,3.2,76.6,1,0,0,0,2,Male,Yes,Yes,NotPlaced,CS
8352,95.4,78.7,88.2,8.49,92,88,3.2,87.8,0,3,0,2,27,Female,No,No,Placed,ECE
8353,73.0,74.6,77.0,7.81,74,58,4.9,78.5,0,0,0,0,8,Female,Yes,Yes,Placed,CS
8354,77.7,82.2,75.9,7.91,75,67,2.2,94.0,0,2,0,1,14,Male,Yes,Yes,Placed,ChemE
8355,61.6,77.6,51.2,7.08,59,47,2.7,68.4,1,0,0,0,0,Female,No,No,NotPlaced,ME
8356,69.6,66.3,78.0,8.75,76,67,3.2,89.3,0,4,2,0,28,Female,Yes,No,Placed,ECE
8357,78.6,72.3,85.6,8.02,56,74,4.5,80.1,0,0,6,4,0,Male,No,No,Placed,CE
8358,82.4,78.2,63.2,7.15,76,66,3.4,93.1,0,0,0,3,0,Male,Yes,No,NotPlaced,ChemE
8359,80.4,73.9,68.4,7.28,57,51,3.7,75.4,0,0,0,0,4,Male,No,Yes,Placed,ECE
8360,58.0,62.9,53.2,6.5,67,49,3.1,73.3,2,0,1,0,0,Male,Yes,No,NotPlaced,EE
8361,79.0,82.7,80.0,8.39,85,63,2.6,84.2,0,0,2,1,1,Female,Yes,No,Placed,IT
8362,60.7,56.7,63.8,6.48,67,71,3.6,78.4,1,1,3,4,11,Male,Yes,Yes,Placed,ME
8363,81.2,82.6,75.5,8.01,92,67,4.3,81.2,0,1,4,2,8,Male,Yes,No,Placed,ME
8364,66.5,61.0,55.9,6.47,81,65,3.8,80.6,4,0,4,0,3,Male,No,Yes,NotPlaced,CS
8365,76.5,76.1,78.7,9.22,77,75,3.6,96.5,0,1,1,1,5,Female,Yes,No,Placed,ECE
8366,71.9,70.9,59.3,7.32,73,77,3.1,98.8,1,0,2,5,1,Female,Yes,No,NotPlaced,CS
8367,68.1,50.6,58.6,5.9,57,48,2.9,74.6,1,0,1,1,3,Male,Yes,No,NotPlaced,ME
8368,64.2,58.1,68.3,6.94,69,70,3.3,66.0,2,1,3,0,6,Male,Yes,Yes,Placed,ChemE
8369,71.6,78.6,72.9,8.81,51,53,3.9,84.1,1,2,2,4,11,Female,No,Yes,Placed,ECE
8370,86.1,75.5,82.1,9.25,78,52,4.2,86.6,0,4,0,1,30,Male,Yes,Yes,Placed,ME
8371,71.7,74.6,66.5,7.31,71,91,3.9,72.0,1,0,1,1,0,Male,Yes,No,Placed,CE
8372,58.2,65.2,64.8,6.89,69,84,3.2,68.7,0,0,1,1,1,Male,No,No,NotPlaced,ChemE
8373,57.1,56.5,56.3,6.71,68,82,3.9,75.6,2,2,4,3,12,Female,No,Yes,NotPlaced,EE
8374,91.6,86.5,78.2,9.04,84,74,4.4,89.5,0,2,1,2,11,Female,No,Yes,Placed,CS
8375,92.0,79.7,76.6,8.55,64,66,4.2,92.7,0,0,2,6,0,Female,No,Yes,Placed,CS
8376,68.0,81.7,66.9,7.23,55,40,3.5,88.1,0,1,0,0,8,Female,No,Yes,NotPlaced,ME
8377,84.1,91.5,75.8,7.77,97,97,5.0,91.2,0,0,3,2,0,Female,Yes,Yes,Placed,IT
8378,67.1,71.6,59.3,6.08,37,53,3.1,86.0,2,0,0,1,9,Female,Yes,No,NotPlaced,ME
8379,68.7,57.7,58.3,6.33,76,56,3.0,68.3,5,0,1,0,6,Female,No,Yes,NotPlaced,ChemE
8380,69.6,78.7,78.0,6.8,83,60,3.8,77.5,1,0,4,1,8,Female,No,No,Placed,ECE
8381,63.7,45.0,52.7,6.17,53,68,2.5,69.5,0,1,0,2,8,Male,No,No,NotPlaced,ChemE
8382,75.8,67.8,53.6,6.06,69,78,3.5,88.4,1,1,2,1,7,Male,No,Yes,NotPlaced,EE
8383,77.3,67.3,63.3,6.01,62,59,3.7,88.5,0,2,2,1,10,Male,Yes,Yes,Placed,IT
8384,84.2,59.4,71.7,7.5,65,59,3.9,80.7,0,1,0,1,7,Female,No,Yes,Placed,ECE
8385,56.2,46.6,50.5,5.96,38,35,2.9,59.4,3,0,0,0,0,Male,Yes,Yes,NotPlaced,ME
8386,73.0,68.6,61.5,6.96,63,75,3.6,63.3,2,0,6,0,0,Male,No,No,NotPlaced,CE
8387,61.3,64.8,60.6,6.88,64,59,3.4,77.2,0,0,1,1,1,Male,No,No,NotPlaced,CE
8388,45.0,57.7,53.9,5.57,35,28,3.0,67.8,1,1,0,0,6,Male,No,Yes,NotPlaced,EE
8389,56.7,64.6,49.2,5.84,53,61,4.6,75.5,1,0,1,1,5,Male,Yes,No,NotPlaced,ChemE
8390,72.2,70.2,77.4,8.16,68,82,2.3,98.5,0,1,0,1,4,Female,Yes,No,Placed,IT
8391,88.4,71.0,75.3,8.02,100,96,3.0,79.0,0,2,4,3,11,Female,Yes,Yes,Placed,IT
8392,88.6,87.7,74.3,8.49,91,75,3.9,87.7,0,2,4,2,12,Female,Yes,Yes,Placed,IT
8393,65.6,81.7,69.1,6.66,60,56,4.2,82.0,0,0,0,1,3,Male,Yes,Yes,Placed,ME
8394,99.0,99.0,77.6,9.84,100,85,2.6,93.6,0,0,2,2,5,Male,Yes,No,Placed,ECE
8395,77.0,76.1,71.1,7.43,72,59,2.9,88.8,0,0,0,2,0,Male,No,Yes,Placed,ChemE
8396,53.9,76.5,58.0,6.46,71,64,3.3,67.6,0,0,4,0,2,Male,Yes,No,NotPlaced,CS
8397,70.6,75.3,79.8,7.94,86,76,3.7,80.1,0,1,1,0,10,Female,Yes,Yes,Placed,EE
8398,55.9,82.6,59.9,7.05,54,61,2.4,82.0,0,2,1,1,8,Female,No,No,NotPlaced,IT
8399,89.3,73.4,85.1,8.89,89,73,4.0,84.2,1,1,3,4,8,Male,Yes,No,Placed,CS
8400,74.4,58.7,76.3,8.25,77,80,4.1,100.0,0,2,0,9,8,Female,Yes,Yes,Placed,CE
8401,77.9,73.7,89.8,8.38,94,61,2.9,89.5,0,0,0,1,1,Female,Yes,Yes,Placed,EE
8402,58.9,56.3,59.2,7.21,47,42,4.1,69.8,2,2,0,1,15,Male,No,Yes,NotPlaced,CE
8403,68.9,68.9,69.6,7.62,67,52,3.6,86.0,0,1,1,1,5,Female,No,Yes,NotPlaced,ChemE
8404,85.3,72.4,81.7,8.98,73,86,3.7,97.8,0,3,1,4,20,Female,Yes,Yes,Placed,CE
8405,62.6,73.9,61.2,6.83,88,67,3.8,86.8,0,0,1,2,4,Female,Yes,Yes,Placed,CS
8406,52.4,62.4,62.3,5.86,56,55,3.2,70.6,1,1,0,0,9,Male,Yes,Yes,NotPlaced,CE
8407,64.5,60.9,56.7,6.62,51,67,4.8,73.1,0,1,1,1,7,Female,Yes,Yes,NotPlaced,EE
8408,69.4,70.8,64.2,7.01,83,70,5.0,76.1,0,2,0,2,9,Male,No,Yes,Placed,CS
8409,77.4,80.8,69.7,7.29,82,59,1.7,89.7,0,0,2,1,1,Male,Yes,No,NotPlaced,CS
8410,65.0,59.9,71.4,6.56,71,71,3.3,98.1,0,1,2,4,7,Female,Yes,Yes,Placed,ME
8411,74.6,58.3,57.6,6.58,62,71,3.5,65.2,1,2,3,0,14,Male,No,Yes,NotPlaced,ME
8412,68.5,60.1,64.1,6.68,58,71,4.4,88.9,0,1,2,3,11,Female,No,Yes,NotPlaced,CS
8413,76.9,70.7,54.2,6.49,52,53,3.6,83.5,2,1,4,1,4,Female,No,No,NotPlaced,CS
8414,71.8,62.2,60.3,7.68,53,51,3.4,93.5,1,0,1,1,2,Male,Yes,No,NotPlaced,CS
8415,83.8,81.4,80.5,8.42,87,77,3.8,88.2,0,1,2,2,12,Male,No,No,Placed,ECE
8416,79.2,90.4,87.8,8.96,97,89,4.0,92.8,0,1,1,1,9,Male,No,Yes,Placed,CS
8417,82.6,68.1,72.0,7.65,67,91,4.2,77.2,0,4,2,6,31,Male,Yes,No,Placed,EE
8418,67.1,50.2,65.1,7.05,82,85,2.8,63.3,4,1,4,1,6,Female,No,Yes,Placed,CS
8419,65.5,68.7,67.3,7.64,66,74,4.2,82.4,0,2,0,1,13,Male,No,Yes,Placed,ME
8420,45.7,51.9,57.6,5.46,49,57,3.0,70.7,0,0,2,0,2,Female,No,No,NotPlaced,CE
8421,75.7,67.7,66.2,8.47,74,58,3.2,71.6,2,0,1,1,0,Male,Yes,Yes,Placed,CE
8422,76.2,45.0,59.1,7.4,55,40,4.4,77.2,1,0,0,0,3,Male,Yes,No,NotPlaced,CE
8423,56.4,47.3,59.4,6.25,46,67,4.5,69.6,0,2,1,1,14,Female,Yes,No,NotPlaced,ME
8424,61.6,72.5,57.1,6.3,64,74,3.6,60.0,0,0,2,1,2,Male,No,Yes,NotPlaced,ME
8425,65.2,57.6,76.5,6.45,50,64,3.1,76.5,0,0,0,4,0,Male,Yes,No,Placed,EE
8426,92.0,92.2,77.8,8.17,67,68,2.8,85.4,0,1,1,2,8,Male,Yes,No,Placed,CS
8427,71.9,78.8,84.1,8.91,78,90,2.7,89.0,0,1,1,1,11,Male,No,No,Placed,ChemE
8428,71.1,78.1,66.5,7.61,71,58,2.8,82.7,0,1,0,1,4,Female,No,Yes,NotPlaced,ChemE
8429,63.2,66.4,51.8,6.97,58,79,3.8,81.9,0,1,4,0,6,Female,Yes,No,Placed,CS
8430,75.7,74.6,77.2,7.6,65,46,2.9,70.2,2,1,0,3,9,Female,Yes,Yes,NotPlaced,EE
8431,60.4,56.5,58.1,6.23,59,58,2.4,65.1,1,0,1,0,0,Male,Yes,Yes,NotPlaced,EE
8432,63.2,64.9,51.0,7.14,73,83,2.1,72.1,1,0,3,0,3,Female,No,Yes,NotPlaced,EE
8433,69.6,78.6,62.4,7.25,71,90,5.0,76.1,1,1,4,1,14,Female,Yes,Yes,Placed,EE
8434,81.3,77.6,83.3,8.48,78,76,3.7,92.3,0,0,1,3,2,Male,No,No,Placed,IT
8435,66.4,49.5,56.8,6.9,60,56,3.3,67.6,1,1,3,1,7,Female,No,Yes,NotPlaced,ME
8436,82.4,58.1,58.6,7.79,52,42,3.5,84.7,0,0,1,2,2,Female,No,Yes,NotPlaced,ChemE
8437,73.6,66.2,63.4,6.98,76,63,2.6,82.4,1,0,1,0,3,Male,Yes,No,Placed,CE
8438,88.9,80.7,75.0,8.06,86,69,2.9,64.9,0,2,3,1,16,Female,No,No,NotPlaced,ME
8439,65.3,71.4,71.8,7.86,64,69,2.7,85.2,0,0,1,0,2,Female,Yes,No,Placed,EE
8440,59.3,46.0,52.4,6.13,36,46,3.1,72.0,4,0,0,0,6,Female,No,Yes,NotPlaced,ECE
8441,84.2,65.6,54.6,6.04,71,70,3.3,68.8,0,0,3,2,2,Male,Yes,Yes,NotPlaced,CE
8442,52.8,69.1,59.6,7.03,57,58,3.5,89.9,0,0,1,2,7,Female,No,Yes,NotPlaced,ME
8443,62.5,75.0,58.3,6.63,55,62,3.7,83.2,1,2,3,1,9,Female,No,Yes,NotPlaced,EE
8444,62.7,66.3,71.0,7.33,63,67,3.2,74.4,1,1,0,3,9,Male,Yes,No,NotPlaced,ME
8445,70.8,86.0,62.6,7.04,77,70,2.9,80.0,0,0,0,1,1,Male,Yes,Yes,NotPlaced,ECE
8446,80.2,79.0,63.5,6.96,86,97,4.3,80.0,0,1,3,1,5,Male,Yes,Yes,Placed,ECE
8447,82.6,78.6,74.5,7.37,89,69,4.6,86.6,0,1,3,0,6,Male,No,Yes,NotPlaced,CE
8448,69.2,70.7,63.1,6.58,60,56,2.4,62.6,2,0,1,1,3,Male,No,No,NotPlaced,ME
8449,73.1,77.9,73.6,6.97,62,69,3.0,76.5,2,1,0,1,9,Female,No,No,NotPlaced,EE
8450,74.8,67.6,79.8,7.84,75,72,4.9,100.0,0,3,2,7,19,Male,No,No,Placed,CE
8451,73.9,64.0,75.4,7.4,68,82,4.2,74.1,1,0,1,3,5,Female,Yes,Yes,Placed,CS
8452,73.4,56.3,59.2,7.17,63,66,5.0,89.8,0,2,2,4,9,Female,Yes,Yes,Placed,IT
8453,86.1,69.2,71.9,7.16,69,79,4.4,83.3,3,1,2,5,7,Female,No,No,NotPlaced,ChemE
8454,80.6,68.9,78.6,7.35,90,79,3.0,91.5,0,2,0,3,17,Female,Yes,Yes,Placed,CS
8455,77.8,71.7,68.0,8.24,66,69,4.2,99.4,0,0,3,4,7,Male,No,Yes,Placed,CS
8456,85.7,68.3,61.5,7.49,67,50,3.8,77.9,1,1,1,0,9,Male,No,No,NotPlaced,ME
8457,69.3,71.7,76.1,8.31,86,79,4.3,92.7,0,0,1,3,0,Female,Yes,No,Placed,CS
8458,67.1,76.3,56.9,7.32,78,65,3.6,76.1,1,0,2,3,0,Female,No,No,Placed,ECE
8459,76.1,89.9,84.3,7.96,82,67,3.9,83.1,0,1,0,3,8,Male,Yes,Yes,Placed,IT
8460,72.4,68.7,76.1,7.71,75,80,2.3,76.8,0,0,1,3,0,Male,Yes,No,Placed,ME
8461,62.8,67.0,52.8,6.06,51,78,3.1,63.1,0,0,0,0,0,Female,No,Yes,NotPlaced,ECE
8462,67.9,60.8,56.7,5.94,52,62,1.3,76.1,1,1,3,3,7,Female,Yes,No,NotPlaced,CE
8463,63.8,74.0,60.8,7.15,63,54,3.0,70.4,1,0,0,1,2,Male,No,No,NotPlaced,ChemE
8464,72.1,53.9,75.7,6.33,63,64,3.0,94.9,0,1,0,1,3,Female,No,Yes,NotPlaced,ECE
8465,62.6,64.2,63.6,7.08,68,69,3.1,79.1,0,2,2,0,12,Male,Yes,Yes,Placed,CE
8466,53.9,65.6,57.0,6.48,68,77,3.1,78.8,1,1,0,3,6,Female,No,Yes,Placed,IT
8467,71.9,68.0,67.6,6.86,61,62,3.5,82.1,0,3,2,2,16,Male,Yes,Yes,Placed,CS
8468,74.7,73.2,66.6,8.11,77,78,4.6,73.5,1,1,0,1,7,Female,No,Yes,Placed,ECE
8469,73.0,58.3,59.8,6.83,64,59,4.3,80.6,0,1,0,2,10,Male,Yes,Yes,NotPlaced,ECE
8470,72.8,56.8,60.6,5.81,36,61,1.8,71.3,3,0,0,2,5,Female,No,Yes,NotPlaced,ME
8471,74.0,77.9,74.8,8.11,82,89,4.2,92.5,0,2,0,3,13,Male,Yes,No,Placed,CS
8472,57.1,80.6,71.3,7.1,82,66,5.0,80.0,0,0,1,1,2,Female,Yes,Yes,Placed,EE
8473,74.1,75.2,71.5,8.62,87,75,4.5,91.4,0,1,4,3,10,Male,Yes,Yes,Placed,CS
8474,76.5,82.3,75.1,8.28,77,86,3.1,87.7,0,2,0,0,14,Female,Yes,Yes,Placed,CE
8475,81.9,84.7,78.2,8.27,83,75,2.8,80.7,0,0,0,1,0,Female,Yes,No,Placed,IT
8476,70.0,60.0,59.3,7.27,64,63,3.2,90.3,0,0,0,0,1,Male,Yes,Yes,NotPlaced,IT
8477,45.0,45.2,49.2,5.97,54,52,3.3,87.0,0,0,0,1,3,Female,No,Yes,NotPlaced,ChemE
8478,84.2,70.3,66.3,7.19,74,77,3.5,85.1,0,0,3,3,0,Male,No,No,Placed,ECE
8479,90.4,96.7,84.7,8.39,95,61,2.7,95.3,0,1,1,1,6,Male,Yes,Yes,Placed,CS
8480,86.2,72.4,69.0,6.78,68,72,3.5,91.6,0,1,1,1,11,Female,Yes,No,Placed,ChemE
8481,61.9,79.4,71.3,8.14,73,60,3.9,75.8,1,1,2,1,5,Male,No,No,NotPlaced,CE
8482,84.4,79.8,58.6,8.31,68,75,2.7,86.6,0,0,1,2,1,Male,Yes,No,NotPlaced,ME
8483,74.5,51.9,67.1,7.26,80,93,2.5,88.2,1,2,2,2,21,Female,No,No,Placed,EE
8484,66.4,67.6,68.6,7.36,57,57,2.3,68.9,1,0,1,1,4,Female,No,No,NotPlaced,ECE
8485,73.5,68.0,63.0,7.75,79,67,3.2,85.4,0,1,1,2,6,Female,Yes,No,Placed,ECE
8486,85.4,99.0,83.3,9.32,91,69,3.3,82.7,0,0,2,1,1,Male,No,No,Placed,ME
8487,53.1,56.1,48.0,5.04,44,40,3.7,58.9,3,0,0,0,5,Male,No,Yes,NotPlaced,ChemE
8488,75.7,73.4,63.6,7.26,66,48,3.8,84.3,0,0,1,0,3,Male,Yes,No,NotPlaced,ME
8489,51.7,67.8,66.4,7.33,75,51,2.5,78.4,1,0,3,1,7,Male,Yes,Yes,NotPlaced,ChemE
8490,75.4,62.5,62.0,7.18,82,58,2.7,67.5,1,0,3,1,7,Male,No,Yes,NotPlaced,ME
8491,77.4,79.4,68.1,7.86,69,86,4.0,89.1,1,1,2,3,6,Male,No,No,Placed,IT
8492,65.7,63.8,54.2,7.18,72,73,2.8,73.7,3,0,3,0,0,Female,No,No,NotPlaced,CE
8493,89.1,91.3,95.4,7.67,90,78,3.3,83.7,0,1,1,3,12,Male,Yes,Yes,Placed,CS
8494,73.1,59.7,67.4,7.47,60,48,3.4,82.7,1,2,1,0,13,Female,No,No,Placed,ECE
8495,60.6,69.7,65.3,6.83,50,58,3.9,71.4,3,0,1,0,3,Female,No,Yes,NotPlaced,ChemE
8496,64.3,64.9,54.4,7.03,75,52,3.5,83.6,0,0,3,1,0,Female,No,Yes,NotPlaced,ME
8497,87.3,80.0,71.4,7.87,63,67,4.0,84.6,0,0,1,1,0,Female,No,No,Placed,CS
8498,74.6,72.1,81.0,8.57,85,83,2.4,94.4,0,2,1,2,13,Male,No,No,Placed,IT
8499,73.2,75.0,69.2,7.0,71,76,4.1,99.1,0,1,5,1,10,Female,Yes,Yes,Placed,EE
8500,59.2,66.2,70.4,7.4,71,70,3.8,88.0,0,1,2,2,10,Female,No,Yes,Placed,CS
8501,80.3,74.7,72.4,8.68,65,81,4.4,59.8,1,0,1,0,5,Female,No,No,Placed,ME
8502,69.9,54.3,65.2,6.87,56,64,2.8,79.8,0,4,2,3,21,Male,Yes,Yes,Placed,EE
8503,70.0,78.0,76.3,8.16,63,65,3.0,77.5,1,1,2,1,5,Male,No,No,Placed,CE
8504,77.3,83.7,81.3,8.04,100,65,3.2,100.0,0,1,0,2,6,Female,No,No,Placed,IT
8505,66.4,49.3,56.4,6.87,49,70,4.3,72.1,4,1,0,0,4,Female,No,Yes,NotPlaced,CE
8506,59.2,45.0,58.3,5.56,57,64,3.0,71.9,2,0,1,0,1,Female,No,Yes,NotPlaced,CE
8507,48.9,61.6,56.6,6.41,55,64,2.3,77.3,0,0,4,1,2,Male,No,Yes,NotPlaced,IT
8508,68.9,75.5,70.5,8.03,53,72,3.6,74.5,2,0,2,2,2,Female,Yes,No,NotPlaced,ChemE
8509,70.8,66.9,74.1,7.26,73,81,3.3,82.0,0,0,3,2,1,Male,Yes,No,Placed,CS
8510,89.3,79.5,92.8,8.22,92,34,3.2,77.7,0,1,2,1,7,Male,No,No,NotPlaced,CE
8511,65.1,55.9,57.5,5.62,51,61,3.2,72.8,1,1,2,0,10,Female,Yes,Yes,Placed,ECE
8512,58.9,55.0,49.6,6.67,74,62,2.1,74.4,3,0,1,2,6,Female,No,No,NotPlaced,CS
8513,73.1,61.7,60.8,6.26,82,90,3.2,83.3,1,1,3,0,5,Female,Yes,No,NotPlaced,ECE
8514,70.7,59.9,78.8,8.07,61,69,3.4,88.3,1,0,2,5,2,Female,Yes,No,NotPlaced,CE
8515,45.0,56.4,59.1,6.59,47,75,3.7,75.9,0,0,2,2,5,Female,Yes,Yes,NotPlaced,EE
8516,78.9,65.6,69.2,6.56,59,65,3.3,68.5,0,0,1,0,2,Female,No,Yes,Placed,EE
8517,64.8,68.4,62.0,5.65,72,78,4.0,70.6,0,2,3,3,19,Female,Yes,Yes,Placed,CE
8518,79.0,75.1,71.1,7.84,65,80,2.7,69.5,0,0,8,0,4,Female,No,No,Placed,ME
8519,83.6,99.0,90.8,8.45,86,64,3.9,98.0,0,4,1,1,20,Female,Yes,No,Placed,CS
8520,70.4,81.2,67.0,7.19,78,89,3.8,79.9,0,1,3,3,9,Female,No,No,Placed,IT
8521,81.8,81.1,79.0,7.97,80,84,5.0,94.5,0,2,6,2,16,Male,Yes,No,Placed,IT
8522,67.8,64.4,65.8,7.51,53,41,3.2,82.2,0,0,0,1,0,Male,No,No,NotPlaced,CE
8523,72.4,93.7,68.3,6.86,81,85,4.1,92.6,0,1,1,4,6,Male,Yes,No,Placed,ECE
8524,71.6,74.8,63.7,7.33,74,64,4.0,88.2,0,2,0,3,12,Male,Yes,No,Placed,CE
8525,71.2,79.7,69.6,7.68,90,79,2.1,95.2,0,1,2,5,4,Female,No,No,Placed,CS
8526,65.8,66.6,83.0,7.67,71,70,3.7,83.7,0,0,3,3,0,Female,No,Yes,Placed,CS
8527,83.8,77.2,84.5,8.93,77,68,4.1,91.0,0,0,2,4,0,Female,No,No,NotPlaced,CS
8528,83.1,66.2,67.7,8.18,79,66,3.1,86.3,0,0,2,0,0,Female,No,Yes,Placed,CS
8529,60.7,75.9,72.6,6.96,53,65,4.0,78.9,0,0,1,1,1,Male,No,Yes,NotPlaced,ChemE
8530,50.9,56.0,58.5,6.24,65,47,3.1,71.3,3,0,0,0,5,Female,No,Yes,NotPlaced,CS
8531,49.5,56.6,55.0,6.93,51,65,2.5,88.9,2,1,0,1,11,Female,Yes,No,NotPlaced,ME
8532,47.2,49.7,55.7,6.47,52,42,2.4,82.0,2,0,1,2,4,Female,No,Yes,NotPlaced,CS
8533,71.3,71.5,74.6,8.05,79,75,2.7,84.3,0,2,1,2,13,Female,No,Yes,Placed,ECE
8534,71.7,61.3,66.3,6.93,63,66,3.5,66.8,2,0,1,0,3,Male,Yes,No,NotPlaced,ChemE
8535,63.2,75.6,75.5,8.13,95,82,3.9,86.3,0,0,4,2,5,Female,Yes,Yes,Placed,ME
8536,62.2,45.0,52.8,6.03,48,44,2.3,65.2,1,0,0,0,2,Male,No,No,NotPlaced,ME
8537,66.7,58.6,58.9,7.48,62,74,3.7,89.6,1,1,2,2,6,Female,No,No,Placed,IT
8538,82.7,71.4,75.1,8.07,67,75,3.4,68.4,3,2,1,0,10,Female,Yes,No,NotPlaced,ECE
8539,91.4,90.4,82.9,7.89,87,66,3.6,82.9,1,0,0,1,0,Male,No,No,NotPlaced,EE
8540,58.8,51.4,61.9,6.58,59,57,3.0,84.7,2,1,1,1,7,Female,Yes,No,Placed,ChemE
8541,86.3,62.1,78.4,7.76,76,81,3.8,84.7,1,1,2,2,3,Male,Yes,No,Placed,EE
8542,74.1,51.0,63.8,5.67,65,43,4.5,73.0,4,0,1,1,6,Female,No,Yes,NotPlaced,ChemE
8543,82.4,84.3,65.5,8.8,69,95,3.9,80.0,2,1,3,0,7,Male,No,Yes,Placed,ME
8544,72.2,72.5,64.0,7.47,66,63,3.9,87.6,0,2,1,0,10,Female,Yes,No,NotPlaced,ECE
8545,52.6,56.4,55.0,7.16,63,52,5.0,74.2,1,1,3,0,7,Female,Yes,No,NotPlaced,ChemE
8546,81.0,67.4,77.8,7.98,75,59,5.0,84.0,0,0,3,2,9,Male,Yes,Yes,Placed,EE
8547,69.2,65.7,60.6,6.79,56,69,4.6,87.5,0,4,1,2,13,Female,Yes,No,Placed,ECE
8548,48.0,60.5,58.0,6.09,54,55,3.7,70.3,0,0,1,0,0,Female,Yes,Yes,Placed,ChemE
8549,77.3,78.8,77.8,7.48,76,64,2.2,76.3,0,0,0,2,5,Male,Yes,No,NotPlaced,ECE
8550,66.2,99.0,86.0,9.14,78,55,3.7,74.5,0,0,1,4,0,Male,No,No,NotPlaced,CS
8551,93.7,71.3,67.6,9.44,74,66,3.6,80.2,0,0,1,1,4,Female,No,No,Placed,CE
8552,74.5,65.9,81.1,7.29,62,68,1.9,87.2,0,1,1,2,6,Male,No,Yes,NotPlaced,EE
8553,59.7,65.4,64.2,5.98,60,49,3.0,65.1,0,0,0,0,1,Male,Yes,Yes,NotPlaced,CE
8554,62.5,55.2,59.4,5.86,64,66,3.1,75.7,1,0,2,2,6,Female,No,No,NotPlaced,ChemE
8555,64.6,45.0,58.3,6.07,65,39,3.9,82.6,2,1,0,1,3,Male,Yes,Yes,NotPlaced,CE
8556,85.1,84.4,77.5,8.43,71,61,3.1,92.5,0,0,0,1,2,Male,Yes,Yes,Placed,ME
8557,69.6,61.7,71.5,6.91,58,39,3.9,83.7,2,1,0,2,7,Male,No,Yes,NotPlaced,ChemE
8558,82.8,65.6,67.8,8.69,69,54,4.0,79.2,0,1,0,0,6,Female,No,No,NotPlaced,EE
8559,56.6,56.2,64.0,6.72,66,68,3.1,79.9,0,0,1,1,1,Female,No,No,Placed,ECE
8560,83.6,96.0,90.0,9.05,83,61,4.0,97.6,0,1,0,0,6,Female,Yes,Yes,Placed,ECE
8561,85.0,80.2,69.7,7.31,74,58,2.5,82.8,0,0,3,3,0,Male,No,Yes,Placed,ECE
8562,67.7,59.4,69.7,7.2,52,56,3.8,79.0,0,0,0,1,6,Male,No,Yes,NotPlaced,CE
8563,61.4,45.0,48.6,5.95,43,43,1.9,84.9,3,0,0,0,3,Female,Yes,Yes,NotPlaced,ME
8564,53.7,65.2,61.6,6.24,54,72,4.2,79.8,2,0,4,2,5,Female,No,No,NotPlaced,ECE
8565,75.2,72.7,57.5,5.86,37,61,3.5,64.6,2,0,0,0,1,Male,Yes,Yes,NotPlaced,CE
8566,63.2,76.7,56.8,6.27,65,31,3.2,92.9,0,1,1,2,7,Male,Yes,Yes,Placed,ECE
8567,51.6,46.5,60.9,5.99,49,54,2.9,65.5,2,0,2,0,6,Male,No,No,NotPlaced,ECE
8568,92.0,93.8,75.5,9.61,100,95,4.0,88.4,0,4,2,1,28,Female,Yes,No,Placed,CE
8569,63.8,69.6,77.8,7.53,59,65,3.4,85.5,0,1,1,3,9,Female,Yes,Yes,Placed,ME
8570,89.8,68.4,96.0,8.97,90,67,3.7,85.6,1,1,1,1,11,Male,Yes,Yes,Placed,ME
8571,87.1,71.3,73.7,8.11,97,95,4.6,87.5,0,3,2,3,26,Male,Yes,Yes,Placed,CE
8572,93.5,70.8,81.9,7.45,67,89,4.6,72.2,0,2,1,2,12,Male,No,No,Placed,EE
8573,77.7,78.2,72.4,7.24,62,42,4.6,79.0,0,0,0,0,1,Female,No,Yes,NotPlaced,ME
8574,67.0,53.3,56.9,6.77,66,25,3.1,75.3,0,0,0,2,5,Female,No,No,NotPlaced,ECE
8575,55.7,76.0,74.1,7.16,66,53,2.7,73.6,1,0,0,2,0,Female,No,No,NotPlaced,IT
8576,61.2,65.7,59.6,6.79,71,78,3.7,70.6,1,0,1,3,6,Female,No,No,Placed,ECE
8577,67.3,78.8,72.7,7.54,73,72,5.0,96.5,0,0,1,1,0,Male,Yes,No,Placed,ME
8578,62.5,55.8,70.1,6.34,73,75,3.3,79.5,0,1,1,2,5,Female,Yes,No,Placed,IT
8579,73.5,78.9,77.2,9.08,91,77,5.0,91.8,0,1,3,2,9,Male,No,Yes,Placed,ECE
8580,75.8,59.5,67.9,7.34,68,76,3.2,87.3,1,2,1,0,12,Female,No,No,Placed,ECE
8581,66.1,73.4,62.0,7.02,74,84,4.2,92.4,0,3,2,5,17,Female,Yes,Yes,Placed,ECE
8582,65.8,57.5,53.7,6.22,54,55,3.9,79.2,0,4,1,0,21,Male,No,No,Placed,ChemE
8583,69.4,66.9,66.3,7.51,60,80,4.4,72.4,1,0,0,1,0,Female,No,Yes,Placed,ChemE
8584,72.7,75.5,72.5,7.85,85,74,3.3,78.8,1,1,2,3,6,Male,No,No,Placed,ChemE
8585,63.6,52.7,69.1,7.48,68,76,2.7,80.8,0,2,2,0,14,Male,No,No,Placed,ECE
8586,78.8,85.0,68.6,7.89,85,73,3.4,93.5,0,0,4,4,3,Male,No,Yes,Placed,CS
8587,81.2,69.7,63.9,7.14,78,59,3.5,70.6,0,1,0,0,7,Female,No,No,Placed,IT
8588,77.4,91.2,79.4,7.9,79,79,4.5,77.3,0,1,3,1,9,Female,Yes,Yes,Placed,EE
8589,68.6,74.8,65.4,7.45,70,95,3.4,80.2,0,1,3,4,3,Male,Yes,Yes,Placed,CS
8590,72.5,60.1,65.9,6.61,69,67,3.1,96.0,1,2,2,2,14,Male,Yes,Yes,Placed,ME
8591,74.2,70.4,70.3,7.96,75,37,3.8,85.2,0,0,0,1,3,Female,No,No,Placed,ME
8592,63.8,62.7,69.8,7.63,70,82,3.6,85.8,0,0,3,1,3,Male,No,Yes,NotPlaced,ECE
8593,95.2,99.0,92.6,9.82,91,66,3.2,93.6,0,1,1,3,8,Male,Yes,Yes,Placed,CS
8594,59.7,71.2,73.6,7.81,56,75,4.2,72.2,0,0,2,0,3,Female,No,Yes,NotPlaced,ChemE
8595,58.6,68.9,67.9,6.82,73,37,3.3,80.0,0,1,1,1,6,Female,Yes,No,Placed,IT
8596,52.0,56.4,54.9,5.95,66,73,3.7,73.2,1,0,1,0,0,Male,No,No,NotPlaced,CE
8597,60.2,50.7,48.0,7.24,53,61,2.2,73.8,3,0,0,1,2,Female,Yes,Yes,NotPlaced,EE
8598,75.0,91.2,88.1,8.65,98,72,3.0,86.1,0,3,1,4,15,Male,Yes,Yes,Placed,IT
8599,50.4,74.0,56.3,6.55,51,72,2.6,74.7,1,1,4,0,4,Female,No,Yes,NotPlaced,ME
8600,79.0,85.1,80.2,7.26,66,38,2.1,78.0,0,2,0,0,10,Female,No,Yes,Placed,CE
8601,66.8,63.2,72.1,6.44,51,83,4.2,83.5,0,1,2,0,13,Female,No,Yes,NotPlaced,CE
8602,77.2,72.7,72.6,7.45,74,74,5.0,68.5,1,1,2,1,12,Male,No,No,NotPlaced,ECE
8603,72.1,84.4,79.5,7.8,70,51,3.3,89.6,0,2,4,3,12,Female,No,Yes,Placed,ECE
8604,76.7,76.3,78.8,7.5,79,80,3.1,87.8,0,1,2,6,4,Female,No,Yes,Placed,IT
8605,76.5,84.0,66.3,7.37,58,69,4.6,86.9,1,0,7,1,8,Male,Yes,No,NotPlaced,CE
8606,58.1,75.3,58.5,6.22,59,75,3.4,78.5,0,2,1,2,9,Female,No,No,Placed,IT
8607,61.3,85.9,66.9,6.92,59,70,3.2,81.9,0,2,0,3,13,Male,Yes,No,NotPlaced,IT
8608,85.7,78.5,67.7,7.68,87,72,4.3,77.6,0,1,1,0,13,Female,No,Yes,Placed,IT
8609,82.3,61.7,77.6,8.76,88,89,4.8,100.0,0,3,4,1,18,Female,No,No,Placed,ME
8610,55.7,54.0,49.5,5.85,46,50,3.9,79.3,2,0,2,1,1,Male,No,Yes,NotPlaced,EE
8611,67.6,62.5,67.5,7.19,44,62,2.9,81.8,2,2,0,1,10,Male,Yes,Yes,NotPlaced,ME
8612,87.8,78.7,77.2,8.68,90,64,3.5,81.7,1,1,1,2,5,Female,Yes,Yes,Placed,ECE
8613,62.9,74.5,56.1,6.17,38,56,3.6,78.5,1,2,0,2,13,Female,No,Yes,NotPlaced,IT
8614,61.8,54.1,55.5,5.87,66,49,4.0,75.0,1,1,1,0,6,Male,Yes,Yes,Placed,CE
8615,81.4,73.6,89.0,8.9,82,57,4.5,82.7,0,1,0,3,5,Female,No,Yes,Placed,CS
8616,63.0,67.9,67.9,8.42,77,84,4.1,86.9,0,0,2,5,3,Male,Yes,No,Placed,ECE
8617,77.1,88.7,69.4,8.09,62,66,3.3,89.6,0,3,1,1,22,Female,No,Yes,Placed,CE
8618,53.6,52.8,58.8,5.11,63,64,3.2,82.7,0,0,2,0,5,Female,No,Yes,NotPlaced,ME
8619,73.6,83.8,80.6,8.78,94,77,3.8,83.5,0,0,1,5,3,Female,Yes,Yes,Placed,IT
8620,65.2,91.2,78.3,7.62,86,73,3.6,77.2,0,0,3,1,3,Female,No,Yes,NotPlaced,ChemE
8621,55.5,69.6,69.1,7.24,75,67,2.2,63.8,1,0,2,0,9,Male,No,No,Placed,ME
8622,60.1,57.2,81.4,7.79,60,58,4.3,90.0,0,2,4,4,17,Male,Yes,No,Placed,CS
8623,55.3,56.2,59.5,6.3,46,44,3.0,59.1,2,0,0,0,3,Female,No,Yes,NotPlaced,ME
8624,67.8,63.6,69.8,7.12,65,65,4.2,76.5,0,2,2,3,15,Male,Yes,No,Placed,ME
8625,87.6,64.5,78.2,7.95,81,74,4.1,89.5,0,2,2,2,14,Male,Yes,Yes,Placed,ChemE
8626,59.0,51.5,50.0,5.44,61,61,3.8,72.0,2,0,4,2,0,Female,No,No,NotPlaced,ME
8627,69.6,45.0,65.4,6.79,77,69,3.2,84.9,0,0,1,0,8,Female,Yes,No,NotPlaced,EE
8628,87.7,79.4,67.0,8.11,76,81,3.1,86.4,0,1,1,2,10,Female,No,No,Placed,ME
8629,45.0,56.6,57.8,6.74,59,47,2.4,68.9,0,0,0,0,1,Female,No,No,NotPlaced,ChemE
8630,63.7,52.1,48.0,6.44,54,56,3.6,85.5,1,2,0,0,12,Male,No,No,NotPlaced,CE
8631,63.3,45.0,52.1,6.12,71,57,4.3,83.9,1,0,1,0,1,Female,Yes,Yes,NotPlaced,EE
8632,72.2,74.7,67.1,6.63,55,64,3.5,70.5,1,0,2,0,5,Female,No,Yes,NotPlaced,EE
8633,62.2,69.2,74.9,6.48,72,77,3.2,72.4,1,0,4,0,3,Male,No,No,Placed,CS
8634,78.5,90.4,80.0,8.34,84,84,4.4,82.8,0,1,1,2,7,Female,Yes,Yes,Placed,ECE
8635,53.5,56.3,54.3,6.24,67,56,4.5,70.9,1,0,2,0,5,Male,No,Yes,NotPlaced,EE
8636,60.9,79.8,62.6,6.96,54,52,3.0,75.2,0,0,0,1,0,Female,No,No,NotPlaced,CE
8637,92.2,78.1,69.2,7.5,61,44,4.7,76.5,0,0,0,3,2,Female,Yes,No,NotPlaced,EE
8638,77.6,81.4,82.7,7.35,80,83,4.7,99.0,0,4,3,2,18,Female,Yes,Yes,Placed,ECE
8639,71.6,55.4,59.9,6.05,53,67,2.8,73.0,1,1,1,1,10,Male,Yes,Yes,Placed,CE
8640,82.2,85.8,63.4,7.45,75,81,3.4,72.3,0,0,5,2,0,Female,Yes,No,Placed,CS
8641,61.2,68.1,62.2,7.06,59,60,3.5,82.3,0,0,3,3,1,Female,Yes,Yes,Placed,IT
8642,71.3,66.8,68.0,6.42,87,82,3.6,87.3,0,2,6,4,22,Male,Yes,No,Placed,EE
8643,71.7,67.9,66.7,7.24,68,51,2.9,77.7,2,0,1,1,3,Female,Yes,Yes,NotPlaced,ME
8644,61.3,54.8,53.0,5.93,50,53,2.7,68.0,0,1,1,1,8,Female,No,No,NotPlaced,ECE
8645,70.2,72.3,58.9,7.12,81,72,3.8,76.7,1,0,1,2,1,Male,No,No,Placed,ECE
8646,83.5,53.5,70.6,7.07,80,46,3.7,85.3,2,2,1,0,14,Male,Yes,Yes,NotPlaced,CE
8647,77.2,87.4,57.1,7.59,86,69,3.9,83.4,1,1,2,0,3,Female,No,No,NotPlaced,CE
8648,73.3,69.8,61.3,7.79,60,70,3.0,77.1,0,0,2,1,2,Male,No,No,Placed,ME
8649,72.7,62.8,66.1,6.12,74,68,3.5,87.8,0,0,2,3,0,Male,Yes,Yes,Placed,ME
8650,85.4,77.3,75.3,7.23,94,80,3.6,76.6,1,1,3,0,8,Female,No,No,Placed,ME
8651,67.8,58.1,67.9,7.58,58,48,3.0,70.9,0,0,2,1,5,Female,No,No,Placed,ME
8652,52.7,62.6,65.6,6.84,61,70,4.3,68.9,2,3,1,1,25,Male,No,No,NotPlaced,IT
8653,69.3,77.1,72.1,7.06,65,58,5.0,76.2,0,0,2,1,2,Male,Yes,Yes,Placed,CS
8654,56.2,61.4,63.3,7.52,68,69,4.2,79.6,2,0,0,2,2,Male,Yes,Yes,Placed,CE
8655,52.3,60.6,58.9,5.69,65,59,2.1,73.4,1,0,1,1,1,Male,No,Yes,NotPlaced,EE
8656,58.6,60.9,56.1,5.81,52,43,2.9,72.3,1,0,4,1,0,Female,Yes,No,NotPlaced,ME
8657,72.1,68.7,80.1,8.11,71,69,5.0,97.7,0,0,2,0,0,Female,No,Yes,Placed,EE
8658,77.7,81.0,68.5,8.11,65,48,2.2,71.9,0,0,2,1,4,Female,Yes,No,Placed,CE
8659,74.6,69.9,68.0,7.01,80,69,3.8,78.8,0,1,1,2,10,Female,No,Yes,Placed,EE
8660,82.4,93.6,78.1,8.52,59,77,1.9,82.7,0,1,5,1,7,Male,Yes,No,Placed,ECE
8661,61.8,79.4,68.0,7.25,68,66,2.4,86.0,1,0,2,3,1,Male,Yes,Yes,NotPlaced,CS
8662,63.7,71.2,76.5,6.58,65,75,3.0,71.8,0,1,2,0,11,Male,No,Yes,NotPlaced,CS
8663,60.7,66.4,74.4,7.42,63,59,2.2,93.2,0,1,0,0,6,Male,Yes,No,NotPlaced,CE
8664,89.6,83.7,79.3,8.28,70,71,3.7,99.8,0,2,1,2,8,Female,Yes,No,Placed,IT
8665,89.1,81.3,64.3,8.0,76,78,4.6,81.6,1,0,0,2,2,Female,Yes,Yes,Placed,IT
8666,66.8,58.4,70.1,6.11,61,60,3.4,82.1,1,1,2,1,7,Male,No,No,NotPlaced,ME
8667,82.9,83.1,76.3,8.51,76,56,3.6,97.4,0,0,1,6,2,Female,No,No,Placed,CE
8668,62.4,68.1,64.5,6.79,50,57,1.7,71.4,0,0,1,0,0,Female,No,Yes,NotPlaced,ChemE
8669,74.3,73.3,72.9,7.94,60,68,3.1,78.4,0,1,3,0,11,Male,No,Yes,NotPlaced,ECE
8670,82.3,64.4,74.0,7.49,60,64,2.9,88.2,0,2,1,0,9,Female,No,Yes,NotPlaced,CS
8671,65.2,74.6,58.1,6.24,51,53,3.2,75.0,0,0,0,0,0,Female,Yes,No,NotPlaced,CE
8672,80.7,78.1,73.7,7.97,56,65,3.8,87.9,0,0,1,3,3,Male,Yes,No,Placed,ECE
8673,95.0,82.2,80.3,8.86,88,87,4.6,84.5,0,1,2,0,6,Male,No,Yes,Placed,EE
8674,78.4,61.8,81.4,6.99,75,55,3.4,80.7,0,1,5,0,4,Female,No,No,Placed,ME
8675,63.0,67.1,55.3,7.52,35,37,3.7,68.8,2,0,0,0,5,Female,No,Yes,NotPlaced,IT
8676,78.2,75.3,77.5,7.46,64,64,2.2,87.5,0,1,1,1,6,Female,Yes,No,Placed,CE
8677,57.5,65.1,71.3,6.39,54,60,3.8,71.5,0,2,0,0,10,Male,No,No,NotPlaced,IT
8678,76.8,63.8,75.7,7.76,69,66,3.4,96.6,0,2,1,2,10,Female,Yes,Yes,Placed,EE
8679,90.0,95.2,90.9,9.46,100,100,3.7,94.5,0,3,4,4,20,Male,No,No,Placed,CS
8680,71.8,63.1,66.8,7.21,56,43,3.4,85.3,0,3,0,2,15,Female,Yes,Yes,Placed,ME
8681,66.8,70.0,51.2,6.25,48,44,3.4,68.6,0,0,0,2,0,Male,Yes,Yes,NotPlaced,ECE
8682,78.2,93.1,96.0,9.3,83,79,3.8,77.3,0,0,1,3,4,Male,Yes,No,Placed,CS
8683,55.0,58.4,64.2,6.81,69,69,3.4,94.5,0,1,0,4,9,Male,Yes,No,NotPlaced,ChemE
8684,77.0,83.2,74.0,7.91,86,62,3.7,82.3,0,0,2,1,0,Male,Yes,Yes,Placed,ChemE
8685,76.5,79.4,63.9,7.1,68,61,3.4,72.0,1,1,2,2,6,Male,Yes,No,Placed,IT
8686,59.6,51.5,52.0,6.46,67,60,3.5,81.6,2,3,2,3,13,Male,Yes,Yes,Placed,IT
8687,55.0,54.7,60.7,6.92,56,51,3.6,69.1,0,1,0,1,12,Male,No,No,NotPlaced,CE
8688,84.8,59.0,81.0,8.07,66,71,4.8,98.0,0,1,4,3,5,Male,Yes,Yes,Placed,ME
8689,88.5,81.5,72.9,7.34,84,73,4.0,75.8,4,0,3,0,3,Male,Yes,No,Placed,ECE
8690,67.7,58.2,76.7,7.48,79,93,2.1,83.5,0,2,2,3,17,Female,Yes,No,Placed,CS
8691,53.3,55.0,48.0,5.74,66,57,3.5,80.9,1,1,2,1,10,Male,No,No,Placed,CE
8692,73.1,57.1,77.0,7.44,82,88,4.0,80.3,1,0,1,3,0,Female,Yes,Yes,Placed,ECE
8693,79.2,93.2,70.5,7.55,84,69,3.3,74.3,0,2,2,1,14,Male,Yes,Yes,Placed,ME
8694,90.7,91.4,83.2,8.19,72,59,1.8,77.1,0,2,2,2,11,Female,No,No,Placed,ECE
8695,69.7,67.6,48.2,6.47,55,63,2.7,65.0,0,0,3,2,0,Male,Yes,Yes,Placed,ECE
8696,91.3,99.0,91.8,9.33,99,100,4.3,95.4,0,1,3,5,7,Male,Yes,No,Placed,ME
8697,76.0,78.0,82.6,9.05,68,77,4.7,81.9,0,1,2,2,6,Female,No,Yes,Placed,ME
8698,61.0,63.6,64.7,7.28,64,66,3.4,85.5,1,0,5,1,2,Male,No,No,Placed,ChemE
8699,73.2,46.9,59.7,6.55,49,53,2.0,74.8,0,0,1,2,0,Male,No,No,Placed,ME
8700,81.7,81.9,79.1,7.83,69,78,2.6,83.5,0,2,1,3,10,Female,No,No,Placed,ChemE
8701,70.5,61.0,71.8,7.57,70,74,4.0,75.3,1,1,2,2,8,Female,Yes,No,Placed,ME
8702,59.3,75.4,48.0,5.81,51,53,3.6,64.8,2,1,1,1,7,Female,No,Yes,NotPlaced,CE
8703,56.6,45.2,58.6,5.63,46,49,2.9,84.6,2,0,0,0,4,Male,No,No,NotPlaced,ME
8704,51.3,69.6,69.5,6.29,52,71,2.9,77.1,3,2,0,1,16,Female,No,Yes,NotPlaced,ME
8705,53.5,71.4,66.7,6.24,49,53,2.4,76.2,0,2,1,3,13,Male,Yes,Yes,NotPlaced,ME
8706,63.5,51.6,55.1,7.3,59,54,2.8,79.8,0,0,0,2,3,Female,No,No,NotPlaced,EE
8707,69.0,64.8,61.8,7.41,66,66,3.0,67.8,2,0,1,0,4,Female,No,No,NotPlaced,ECE
8708,79.1,76.0,76.9,7.88,77,76,3.2,85.3,0,1,1,3,6,Female,Yes,No,NotPlaced,ChemE
8709,90.5,99.0,78.3,8.39,63,65,3.5,95.7,0,0,1,3,3,Male,Yes,No,Placed,IT
8710,73.3,71.7,77.0,8.24,77,71,2.3,68.9,0,1,1,1,5,Female,Yes,No,Placed,EE
8711,66.1,60.6,64.5,7.06,69,47,4.1,71.3,0,1,1,0,6,Female,No,Yes,NotPlaced,ECE
8712,55.4,55.4,50.6,5.49,37,46,3.0,67.1,2,0,0,0,8,Male,Yes,No,NotPlaced,ChemE
8713,72.5,73.3,76.0,8.52,80,85,2.4,79.1,1,0,3,1,1,Male,Yes,Yes,Placed,CS
8714,70.1,66.2,60.5,6.75,52,66,4.0,89.5,0,4,1,2,12,Male,Yes,Yes,Placed,CS
8715,80.4,81.3,85.4,8.62,89,69,4.4,96.5,0,1,5,2,3,Male,Yes,No,Placed,CS
8716,63.9,63.5,58.2,6.17,68,34,3.3,71.8,1,0,0,0,0,Male,No,No,NotPlaced,ChemE
8717,62.9,57.0,63.0,6.52,65,56,3.4,84.5,1,1,2,2,13,Male,Yes,Yes,Placed,CS
8718,70.2,63.6,65.1,8.62,65,64,2.7,78.4,1,2,0,4,13,Female,No,No,Placed,ECE
8719,76.0,77.9,71.7,6.95,67,60,4.6,79.0,1,1,0,2,6,Female,Yes,No,Placed,ME
8720,71.0,65.3,56.3,6.1,65,61,2.6,85.9,0,0,0,1,5,Female,Yes,Yes,NotPlaced,ChemE
8721,89.9,73.4,69.6,8.12,66,83,3.4,77.6,1,0,2,3,0,Male,Yes,Yes,NotPlaced,ME
8722,73.5,50.6,59.3,7.1,67,75,2.9,84.7,0,1,1,2,11,Male,No,No,NotPlaced,CS
8723,73.5,78.5,73.8,7.61,73,64,3.7,76.3,0,0,2,0,8,Male,No,Yes,NotPlaced,IT
8724,77.5,77.3,89.0,8.83,74,56,4.0,82.6,0,0,0,0,1,Female,No,No,Placed,EE
8725,82.5,80.9,79.2,7.71,78,79,4.4,100.0,0,1,4,5,10,Male,Yes,Yes,Placed,IT
8726,80.4,52.6,65.8,7.28,71,75,2.7,78.6,0,0,3,1,9,Female,No,Yes,NotPlaced,IT
8727,69.8,63.0,58.9,6.43,51,58,3.3,87.7,2,1,2,0,9,Male,No,No,NotPlaced,IT
8728,60.4,64.6,59.2,6.75,68,94,2.6,74.6,0,4,2,4,15,Male,Yes,Yes,Placed,IT
8729,76.8,69.8,76.2,7.57,75,78,3.4,83.6,3,3,0,1,10,Male,Yes,Yes,Placed,IT
8730,68.2,56.9,65.2,7.84,70,74,3.1,71.4,2,3,4,0,12,Male,No,Yes,NotPlaced,ECE
8731,73.4,72.5,53.6,6.53,59,48,2.1,77.9,1,0,0,1,1,Female,No,Yes,NotPlaced,ECE
8732,67.9,57.1,67.8,6.37,66,49,2.8,83.2,1,0,0,0,0,Male,No,Yes,NotPlaced,CS
8733,73.3,76.5,63.7,7.55,67,75,3.7,73.9,1,1,1,1,5,Female,No,No,Placed,ME
8734,57.1,71.5,58.9,7.18,60,64,3.3,60.0,2,2,2,0,11,Male,No,No,NotPlaced,CS
8735,93.6,80.4,87.5,8.46,94,85,4.6,96.8,0,2,3,3,10,Female,No,Yes,Placed,CS
8736,77.7,93.2,82.5,9.22,100,84,4.1,83.9,0,2,2,1,15,Female,No,Yes,Placed,CS
8737,67.3,60.7,74.8,6.34,52,40,3.5,79.4,0,1,0,1,9,Female,No,Yes,NotPlaced,EE
8738,72.3,79.8,72.2,7.27,80,59,3.1,90.4,0,1,3,1,8,Male,Yes,Yes,Placed,CS
8739,73.4,68.9,78.3,7.92,64,46,3.9,98.7,0,1,1,1,6,Male,Yes,Yes,Placed,CE
8740,73.1,65.5,57.5,6.78,47,32,3.2,59.4,3,0,0,0,2,Female,Yes,Yes,NotPlaced,IT
8741,65.9,64.0,59.3,6.22,57,38,4.2,82.7,0,0,0,2,5,Male,Yes,Yes,NotPlaced,ChemE
8742,56.4,71.9,70.3,7.24,81,83,4.0,83.6,0,0,2,4,0,Male,No,No,Placed,CS
8743,87.6,91.6,92.0,8.96,84,78,5.0,85.7,0,1,2,2,4,Female,No,Yes,Placed,IT
8744,64.9,58.9,58.8,7.22,69,53,3.8,67.4,1,1,1,0,11,Male,Yes,Yes,NotPlaced,ME
8745,87.9,72.7,82.0,7.67,75,79,2.2,92.0,0,1,2,1,6,Female,No,No,Placed,CE
8746,59.9,72.5,66.4,7.12,56,69,3.0,71.4,1,1,0,0,8,Male,Yes,Yes,Placed,CS
8747,83.6,63.9,67.9,6.35,70,56,3.6,72.1,3,1,2,0,7,Male,Yes,Yes,NotPlaced,CS
8748,84.0,72.1,71.0,7.89,79,75,3.6,82.4,0,0,2,2,0,Male,No,Yes,NotPlaced,EE
8749,69.5,62.8,63.4,7.66,59,58,2.9,92.0,0,2,1,1,13,Female,Yes,Yes,Placed,ME
8750,75.3,73.2,64.3,7.86,63,59,2.9,63.7,0,1,1,0,3,Male,No,No,NotPlaced,ChemE
8751,61.3,55.2,64.1,6.99,77,65,3.5,80.3,1,0,2,1,1,Male,No,Yes,NotPlaced,ECE
8752,76.2,77.8,74.1,6.77,68,61,4.6,89.2,1,0,1,1,3,Female,No,Yes,NotPlaced,CS
8753,67.8,68.1,68.6,7.08,83,64,3.5,100.0,0,1,0,1,5,Female,Yes,Yes,Placed,ME
8754,62.2,51.6,51.3,6.7,50,53,3.3,69.9,0,0,1,1,1,Female,Yes,No,NotPlaced,CE
8755,58.9,62.8,60.6,7.13,62,46,2.9,89.0,1,4,0,2,23,Male,Yes,No,NotPlaced,CE
8756,75.2,56.5,68.6,7.98,56,64,3.6,82.2,0,3,0,1,20,Male,Yes,No,Placed,EE
8757,83.6,74.4,80.7,8.78,73,65,3.8,77.4,0,0,4,4,0,Male,No,Yes,Placed,ECE
8758,73.8,86.4,77.8,8.43,68,49,3.3,84.3,1,1,0,4,6,Male,No,Yes,Placed,ChemE
8759,82.0,74.0,72.9,8.21,99,94,3.9,80.8,0,1,2,1,8,Male,Yes,Yes,Placed,IT
8760,78.5,81.4,79.0,8.6,83,74,3.4,80.6,0,1,0,1,7,Male,Yes,Yes,Placed,ECE
8761,69.8,82.7,63.6,6.34,70,59,2.7,78.3,1,1,0,0,10,Female,Yes,Yes,NotPlaced,ME
8762,52.7,61.0,61.5,6.81,69,50,4.5,82.5,1,0,0,0,5,Female,Yes,Yes,NotPlaced,CE
8763,71.1,57.7,57.8,6.48,72,71,3.1,80.9,0,3,1,0,19,Female,Yes,No,Placed,ME
8764,62.4,45.0,60.2,6.47,66,72,4.8,81.3,1,3,0,1,18,Female,Yes,No,Placed,ChemE
8765,76.0,79.2,71.7,7.18,77,68,3.7,90.5,0,0,2,5,0,Male,Yes,No,Placed,ECE
8766,55.8,45.0,48.4,5.0,55,30,3.3,79.6,1,1,0,0,8,Male,Yes,No,NotPlaced,EE
8767,72.8,72.1,65.1,7.93,70,66,3.5,83.7,0,3,4,1,20,Male,Yes,No,Placed,CE
8768,75.7,77.0,79.1,10.0,88,73,2.2,68.3,0,1,3,1,5,Female,No,No,Placed,CE
8769,85.7,76.6,85.6,7.97,71,61,3.4,82.1,0,0,3,2,0,Female,Yes,Yes,Placed,CE
8770,45.0,69.7,55.7,6.92,66,66,2.9,65.3,0,0,2,2,0,Male,No,No,NotPlaced,EE
8771,76.2,71.1,62.6,6.68,66,67,2.8,75.4,0,1,2,1,4,Male,Yes,Yes,Placed,CE
8772,79.1,68.4,70.2,7.59,76,80,3.9,77.0,0,1,0,2,4,Male,No,No,NotPlaced,ChemE
8773,64.0,54.1,57.9,6.5,40,55,2.3,85.5,1,0,1,2,9,Male,No,No,NotPlaced,CE
8774,80.1,75.0,63.4,7.08,72,68,3.0,70.9,0,0,1,1,4,Male,Yes,No,Placed,EE
8775,73.0,62.3,73.0,7.73,78,72,3.2,84.6,0,0,0,2,0,Female,No,No,NotPlaced,EE
8776,74.8,89.5,70.4,8.69,70,79,2.0,76.5,1,1,1,1,7,Female,Yes,No,Placed,CS
8777,81.8,79.2,78.9,8.03,74,65,3.1,81.5,0,0,1,5,1,Male,No,No,Placed,ME
8778,67.1,78.3,77.3,7.25,73,63,5.0,93.6,0,0,1,1,6,Male,Yes,No,Placed,ECE
8779,53.0,49.2,58.2,5.07,58,61,1.4,70.3,0,0,1,2,0,Female,No,No,NotPlaced,IT
8780,62.5,63.4,61.5,6.73,62,58,4.0,73.0,0,0,2,3,0,Male,Yes,Yes,NotPlaced,ChemE
8781,49.5,47.9,51.3,6.33,50,30,4.0,77.8,0,0,0,0,0,Male,No,No,NotPlaced,ME
8782,65.3,78.8,62.0,6.93,59,46,3.5,90.6,0,1,1,0,6,Female,No,Yes,NotPlaced,IT
8783,74.8,81.3,66.0,7.06,58,46,4.4,73.0,1,0,1,0,5,Male,No,No,NotPlaced,ME
8784,73.2,82.9,66.1,6.66,52,42,3.6,76.3,3,0,0,0,2,Female,No,Yes,NotPlaced,ChemE
8785,80.1,66.1,81.6,8.16,72,61,3.7,82.0,0,1,0,2,6,Female,Yes,Yes,Placed,CE
8786,72.6,72.8,64.7,8.08,69,53,4.0,77.4,2,1,3,0,5,Male,No,Yes,NotPlaced,ChemE
8787,62.3,65.3,61.7,6.56,67,64,1.8,89.6,0,0,1,2,4,Female,No,No,NotPlaced,IT
8788,59.3,64.6,63.8,7.09,72,71,3.6,78.0,0,0,1,3,3,Female,Yes,Yes,Placed,ME
8789,62.2,70.4,65.8,7.86,65,49,4.6,72.0,0,0,0,0,0,Female,No,Yes,NotPlaced,CS
8790,79.7,59.2,76.8,7.35,78,74,3.8,75.3,1,2,2,2,13,Female,No,No,Placed,ME
8791,66.5,66.1,52.6,5.82,66,59,2.7,65.5,5,0,1,3,6,Female,Yes,Yes,NotPlaced,EE
8792,63.6,55.4,62.1,7.06,75,63,5.0,81.9,0,2,0,0,10,Female,No,Yes,Placed,CE
8793,81.8,73.7,72.3,6.86,67,53,3.5,74.9,1,0,0,2,1,Male,No,No,NotPlaced,ECE
8794,66.0,79.3,76.4,7.5,88,72,3.8,75.6,2,1,2,2,8,Male,No,No,Placed,ECE
8795,48.3,45.0,48.0,5.41,57,53,2.5,64.6,3,0,1,0,4,Male,No,Yes,NotPlaced,ME
8796,82.2,92.9,73.5,8.36,87,92,2.9,85.5,0,1,4,1,12,Male,No,Yes,Placed,EE
8797,62.5,47.2,56.7,7.02,57,75,3.0,65.3,2,0,0,1,7,Female,Yes,No,NotPlaced,IT
8798,73.9,77.3,74.0,7.7,77,81,4.7,85.2,1,0,3,3,1,Female,Yes,Yes,NotPlaced,ME
8799,60.2,45.0,63.3,6.18,59,67,3.8,80.1,1,1,0,2,8,Male,No,Yes,NotPlaced,IT
8800,70.8,56.3,54.3,6.45,54,53,4.5,79.2,0,0,0,0,4,Female,Yes,Yes,NotPlaced,CE
8801,57.9,62.4,56.6,7.44,69,100,4.8,90.0,0,2,4,3,15,Male,No,Yes,Placed,ECE
8802,66.7,58.7,63.7,7.39,50,61,3.5,91.8,0,1,0,1,6,Male,Yes,Yes,Placed,EE
8803,74.1,74.7,59.9,7.39,58,57,4.1,79.2,0,2,1,0,15,Male,No,Yes,NotPlaced,EE
8804,57.0,47.6,51.2,6.17,46,39,3.1,82.5,2,0,0,1,4,Male,Yes,No,NotPlaced,ME
8805,76.4,66.7,81.1,8.26,56,55,3.0,79.7,0,1,1,2,9,Female,Yes,No,Placed,EE
8806,57.8,57.9,60.9,6.51,64,52,3.8,73.4,2,0,0,1,0,Female,No,Yes,NotPlaced,EE
8807,82.3,66.1,69.4,6.47,71,64,3.0,96.7,0,0,2,1,1,Female,No,No,NotPlaced,EE
8808,72.2,62.3,61.4,6.65,61,50,4.5,85.9,2,0,0,2,2,Female,Yes,Yes,Placed,ECE
8809,57.9,66.2,50.1,5.24,40,57,3.3,74.5,1,2,1,0,11,Female,Yes,Yes,NotPlaced,ME
8810,73.4,45.0,52.5,6.46,62,76,3.9,99.0,0,0,4,2,0,Female,Yes,Yes,Placed,CS
8811,56.5,70.8,62.4,6.86,52,41,4.5,78.0,3,0,0,0,0,Male,No,Yes,NotPlaced,ME
8812,66.3,58.4,63.4,6.21,75,57,2.8,77.5,0,1,2,1,4,Female,No,Yes,NotPlaced,ChemE
8813,62.7,66.1,82.9,7.44,89,86,3.5,92.9,0,2,0,2,13,Male,No,No,Placed,ECE
8814,59.2,70.9,74.6,7.79,76,82,4.4,73.8,1,0,3,2,1,Male,Yes,Yes,Placed,ECE
8815,60.3,45.0,68.1,6.37,59,56,3.0,67.7,0,0,2,0,0,Male,No,No,NotPlaced,CE
8816,69.3,67.0,64.4,6.99,70,54,2.3,75.0,0,0,1,2,2,Male,No,No,NotPlaced,ME
8817,74.1,76.8,67.3,6.56,66,76,3.4,63.0,2,0,1,1,0,Male,No,No,NotPlaced,ME
8818,99.0,99.0,96.0,9.79,95,100,5.0,100.0,0,4,5,5,30,Male,Yes,No,Placed,IT
8819,71.0,65.9,68.3,7.04,75,74,4.1,94.2,0,2,1,2,14,Male,No,No,Placed,CS
8820,68.9,76.2,73.6,7.21,83,89,3.2,87.4,0,3,2,3,26,Male,No,No,Placed,EE
8821,80.2,87.9,83.9,9.17,85,81,2.8,93.2,0,1,1,1,11,Male,Yes,Yes,Placed,ECE
8822,95.4,80.7,77.5,8.24,71,84,3.3,90.5,0,2,1,3,20,Male,Yes,No,NotPlaced,CS
8823,75.1,72.2,62.7,7.42,47,48,2.7,78.6,1,0,1,0,3,Female,No,No,NotPlaced,CE
8824,83.6,64.8,69.1,7.13,72,77,3.4,93.5,0,2,3,4,10,Male,Yes,No,Placed,EE
8825,87.9,65.5,69.7,7.91,75,90,3.7,79.5,0,2,4,1,13,Male,No,Yes,NotPlaced,ChemE
8826,64.5,64.7,61.5,7.19,66,63,4.0,95.5,0,1,2,1,8,Female,Yes,No,NotPlaced,ECE
8827,73.4,45.7,63.4,7.35,72,60,3.5,85.2,0,2,0,2,12,Male,No,Yes,Placed,CE
8828,67.6,77.9,64.5,6.94,75,71,3.1,75.2,0,2,2,1,12,Male,No,Yes,NotPlaced,ME
8829,66.9,56.8,59.4,5.74,35,42,3.5,72.9,0,0,0,0,3,Male,Yes,No,Placed,ChemE
8830,78.7,68.9,72.6,7.85,90,83,3.9,87.4,1,2,3,1,10,Male,No,No,Placed,CE
8831,53.9,73.5,69.7,6.84,46,72,3.8,87.6,0,2,0,1,11,Male,Yes,No,Placed,EE
8832,74.0,72.0,63.5,7.12,64,55,2.8,85.6,0,0,2,0,2,Male,Yes,Yes,NotPlaced,ChemE
8833,76.6,90.3,75.4,8.76,67,52,3.5,85.1,0,1,2,0,9,Male,No,Yes,NotPlaced,IT
8834,71.0,84.2,77.2,7.41,76,71,1.9,84.6,0,2,1,1,11,Female,Yes,No,NotPlaced,ME
8835,75.4,81.6,76.5,8.29,73,82,3.2,90.8,0,2,2,0,15,Male,Yes,No,Placed,ECE
8836,73.4,58.5,66.3,6.79,60,44,2.9,70.9,1,0,0,0,0,Male,Yes,No,NotPlaced,CE
8837,68.9,77.8,64.9,7.44,62,53,2.8,85.6,2,0,1,0,6,Male,Yes,No,NotPlaced,IT
8838,68.0,70.2,73.1,7.37,92,85,3.8,80.7,1,3,3,3,16,Male,No,No,Placed,IT
8839,59.7,56.9,68.3,6.52,45,67,2.8,83.6,1,1,2,2,8,Female,No,No,NotPlaced,IT
8840,71.8,69.1,71.0,7.76,68,60,2.7,90.0,0,1,1,1,5,Female,Yes,No,Placed,ECE
8841,67.9,71.5,60.1,6.51,67,64,3.2,68.4,2,0,0,0,4,Female,No,No,NotPlaced,CE
8842,78.1,73.0,68.9,7.31,51,56,3.9,93.2,0,1,0,1,6,Female,No,Yes,NotPlaced,IT
8843,80.7,82.4,75.7,7.76,77,68,2.6,75.9,0,0,3,0,1,Female,Yes,Yes,Placed,ChemE
8844,70.0,64.1,73.0,6.94,55,30,3.1,65.0,2,0,0,0,0,Female,No,No,NotPlaced,CE
8845,77.2,74.3,68.8,7.1,65,59,2.3,74.3,0,0,0,0,6,Female,No,No,Placed,CE
8846,77.4,74.1,71.5,6.82,57,40,2.7,86.7,0,0,0,0,0,Female,No,Yes,NotPlaced,EE
8847,73.7,58.0,61.9,7.14,67,55,3.4,87.8,0,0,3,0,0,Male,Yes,Yes,Placed,ECE
8848,81.5,64.9,54.3,5.98,62,48,3.3,88.8,1,0,2,1,0,Male,Yes,No,Placed,ME
8849,76.2,68.1,69.3,6.91,70,70,3.7,86.2,3,0,2,1,2,Male,No,Yes,NotPlaced,CE
8850,67.4,59.4,54.2,6.69,59,67,4.8,84.6,0,0,2,1,4,Male,Yes,No,Placed,CE
8851,73.8,72.8,79.5,7.16,70,82,3.5,85.3,0,4,2,1,27,Male,No,Yes,Placed,CS
8852,63.2,53.5,50.3,5.98,56,43,3.5,87.3,0,1,0,2,4,Female,Yes,No,NotPlaced,CE
8853,85.6,73.3,69.7,7.64,68,73,4.9,92.9,0,0,0,2,3,Female,Yes,Yes,Placed,ChemE
8854,52.8,58.8,53.1,6.2,70,72,3.1,76.2,1,0,0,0,0,Male,No,Yes,NotPlaced,CS
8855,66.5,59.2,56.5,5.74,69,41,4.0,60.1,0,0,0,0,0,Male,Yes,Yes,Placed,CS
8856,76.0,89.8,70.6,7.93,65,59,4.6,71.2,2,1,1,0,4,Female,No,No,NotPlaced,CE
8857,57.4,60.5,57.9,5.96,50,55,3.9,81.7,0,1,0,2,3,Female,Yes,Yes,Placed,ME
8858,94.6,91.3,85.1,9.96,89,71,2.9,80.6,0,3,1,1,20,Female,Yes,No,Placed,IT
8859,64.4,49.9,64.4,8.0,68,74,2.8,80.6,1,0,3,0,1,Male,Yes,Yes,NotPlaced,ECE
8860,79.0,93.2,69.9,7.98,79,80,3.5,85.0,0,0,3,6,0,Female,Yes,No,Placed,ECE
8861,67.6,68.8,85.2,7.68,78,64,3.5,61.5,0,1,1,1,5,Male,No,Yes,NotPlaced,EE
8862,78.3,64.4,60.1,6.98,77,74,3.7,80.2,1,0,1,2,0,Male,No,Yes,Placed,ME
8863,58.9,64.2,56.1,5.55,48,62,3.0,75.5,2,0,1,2,0,Male,Yes,Yes,NotPlaced,ChemE
8864,59.3,47.4,55.5,5.96,46,44,2.8,84.9,0,0,1,0,0,Female,Yes,No,NotPlaced,IT
8865,83.3,83.0,74.6,8.84,72,90,4.1,88.3,0,0,4,4,2,Male,Yes,No,Placed,ECE
8866,74.6,69.2,73.8,7.23,60,69,4.6,86.8,0,2,1,0,6,Male,Yes,No,Placed,ME
8867,91.9,86.0,81.4,9.27,81,79,3.5,95.2,0,0,2,1,3,Female,Yes,No,Placed,ECE
8868,68.4,68.1,61.1,6.95,65,80,3.9,97.9,0,2,2,1,11,Male,No,No,Placed,ECE
8869,77.5,68.8,71.0,8.6,93,96,3.5,86.4,0,2,1,1,8,Male,Yes,Yes,Placed,ECE
8870,60.2,70.2,70.5,7.35,76,62,3.8,70.5,0,1,0,0,6,Female,No,Yes,NotPlaced,EE
8871,85.0,81.3,68.8,7.36,84,92,4.5,99.1,0,1,2,3,11,Male,Yes,Yes,Placed,CS
8872,69.5,75.9,70.7,7.72,72,62,2.7,79.8,1,0,2,0,1,Male,Yes,Yes,Placed,CE
8873,73.7,86.9,59.9,7.06,80,80,4.4,84.5,2,2,2,2,14,Female,No,Yes,Placed,CS
8874,75.9,76.9,80.5,7.96,67,71,4.4,74.4,1,0,1,0,0,Female,No,Yes,Placed,ECE
8875,82.7,62.3,63.4,8.03,67,61,3.3,83.1,1,1,1,0,4,Male,No,Yes,NotPlaced,EE
8876,73.0,58.5,63.5,6.83,60,58,2.5,66.6,2,1,1,1,9,Female,No,Yes,NotPlaced,EE
8877,68.8,45.0,60.7,6.57,44,43,2.7,85.2,1,0,0,2,5,Female,No,No,NotPlaced,EE
8878,64.1,69.7,66.8,6.37,49,32,2.6,62.2,2,0,0,0,3,Female,Yes,No,NotPlaced,EE
8879,74.3,94.8,79.0,8.49,70,77,2.2,81.9,0,2,5,1,11,Female,Yes,No,Placed,EE
8880,70.5,76.5,76.7,6.91,65,65,4.8,72.7,0,0,0,3,0,Male,Yes,No,Placed,IT
8881,77.3,71.5,79.9,7.75,88,58,3.7,88.8,1,1,4,0,5,Male,Yes,Yes,Placed,ME
8882,64.8,56.0,52.4,6.61,61,44,2.2,87.8,1,0,2,1,2,Male,Yes,No,NotPlaced,ME
8883,63.1,76.0,70.5,7.25,79,52,3.5,94.4,0,1,0,1,7,Male,Yes,Yes,Placed,ECE
8884,63.6,59.0,62.2,6.66,70,56,4.3,72.5,2,0,1,3,0,Female,Yes,Yes,NotPlaced,CE
8885,48.6,61.0,71.9,7.5,58,78,4.0,93.5,0,0,1,1,0,Male,No,No,NotPlaced,CE
8886,68.8,61.1,73.9,8.07,60,77,3.5,67.5,1,1,0,0,5,Female,No,Yes,NotPlaced,CE
8887,81.3,94.1,72.7,7.84,88,67,5.0,91.5,0,1,1,0,7,Male,Yes,No,Placed,IT
8888,62.9,62.6,70.0,7.19,62,58,2.9,77.7,1,0,2,2,2,Female,No,Yes,NotPlaced,CE
8889,87.1,95.2,86.2,8.92,76,82,4.6,96.9,1,2,4,3,11,Male,Yes,Yes,Placed,CS
8890,72.6,73.7,64.6,6.61,80,77,2.7,77.1,0,2,3,5,11,Female,No,Yes,Placed,ECE
8891,86.0,70.3,83.3,9.07,88,58,2.6,95.9,0,2,1,1,13,Female,Yes,Yes,Placed,ECE
8892,90.4,81.8,77.6,8.45,99,92,3.0,81.2,1,0,5,3,3,Female,No,Yes,Placed,CS
8893,69.5,56.9,64.1,6.73,71,76,2.5,72.0,2,1,0,1,4,Male,No,Yes,NotPlaced,EE
8894,65.1,74.3,61.4,7.06,67,46,3.7,76.9,2,0,1,2,0,Female,No,Yes,NotPlaced,ME
8895,69.8,57.5,66.5,7.9,67,73,1.5,69.6,0,0,2,3,1,Female,No,No,Placed,IT
8896,94.6,83.0,85.5,8.48,69,65,3.4,86.0,0,1,0,1,8,Female,No,No,Placed,EE
8897,65.7,55.2,66.7,7.42,73,84,5.0,78.5,3,2,0,1,16,Female,Yes,Yes,NotPlaced,ME
8898,83.2,72.7,83.4,8.35,71,48,2.9,69.6,0,0,1,0,8,Male,No,No,NotPlaced,CS
8899,85.8,85.0,66.3,8.43,91,76,3.4,89.6,1,1,2,1,6,Male,Yes,Yes,Placed,EE
8900,70.5,63.7,74.4,6.84,61,67,3.1,70.1,1,1,2,2,5,Male,Yes,No,Placed,CE
8901,66.4,56.1,72.7,7.12,65,54,3.6,72.3,1,0,2,1,3,Female,No,Yes,Placed,ChemE
8902,78.6,76.9,78.0,7.85,65,73,3.7,86.8,0,2,2,2,8,Female,No,Yes,Placed,CS
8903,80.0,71.7,74.5,8.66,76,54,3.2,68.2,0,3,1,0,22,Male,No,Yes,Placed,EE
8904,70.3,71.1,68.7,7.16,83,57,3.9,88.9,0,0,2,0,1,Female,Yes,Yes,Placed,ME
8905,81.8,83.2,79.9,8.39,86,83,3.5,85.7,0,1,1,2,5,Male,Yes,No,Placed,IT
8906,62.0,76.4,82.7,7.89,72,62,3.6,83.3,1,1,3,1,6,Male,No,Yes,Placed,CS
8907,78.6,88.5,81.0,8.37,80,81,4.1,84.4,0,3,3,4,20,Male,No,No,Placed,CS
8908,72.5,67.2,69.8,8.43,77,78,3.8,89.1,1,2,2,0,11,Female,No,Yes,Placed,CS
8909,76.1,90.2,82.3,8.07,89,77,3.6,85.6,0,1,2,0,10,Male,No,No,Placed,EE
8910,66.5,62.9,63.3,7.37,66,79,3.8,86.9,0,1,0,2,7,Male,Yes,No,NotPlaced,IT
8911,80.1,74.7,79.0,8.84,61,54,3.7,90.7,0,1,0,4,6,Male,No,Yes,Placed,ECE
8912,83.5,49.4,67.3,7.61,87,46,3.1,82.8,1,1,1,0,9,Female,Yes,No,Placed,EE
8913,76.4,68.7,72.5,7.6,76,84,1.6,81.2,0,1,3,0,6,Female,Yes,Yes,Placed,EE
8914,63.9,61.2,71.9,7.2,63,55,3.1,70.9,1,1,1,1,11,Male,No,No,Placed,IT
8915,45.7,49.1,52.2,5.0,49,49,3.0,78.5,0,0,6,1,7,Male,No,Yes,NotPlaced,ME
8916,59.2,63.4,57.6,6.27,67,69,3.5,75.8,1,0,1,1,0,Male,No,Yes,NotPlaced,ECE
8917,66.7,80.6,65.3,6.67,55,57,2.9,77.9,0,0,1,5,3,Female,Yes,No,NotPlaced,EE
8918,54.0,48.2,63.8,6.23,46,55,3.6,77.9,0,2,2,0,14,Male,Yes,Yes,NotPlaced,ECE
8919,99.0,81.7,86.5,8.35,83,83,2.5,77.5,0,0,2,1,7,Female,No,Yes,Placed,ECE
8920,56.6,61.9,68.3,6.34,61,81,3.5,82.8,0,2,6,2,6,Male,Yes,Yes,Placed,EE
8921,74.8,64.7,74.1,7.89,62,75,3.5,77.1,0,1,2,2,8,Male,Yes,No,Placed,CS
8922,77.9,69.3,74.5,8.04,77,76,2.8,81.5,1,2,4,3,8,Male,Yes,No,Placed,IT
8923,74.8,88.1,77.7,7.85,67,64,3.4,80.7,1,1,2,0,6,Male,Yes,No,Placed,ECE
8924,47.0,58.3,52.4,6.47,62,76,2.6,84.9,1,2,1,4,14,Female,No,Yes,NotPlaced,ECE
8925,61.7,57.6,60.8,6.46,62,69,5.0,66.1,1,0,3,0,0,Male,Yes,Yes,NotPlaced,CE
8926,71.1,62.1,56.1,8.03,74,83,3.2,84.1,0,3,2,1,22,Male,Yes,No,Placed,ChemE
8927,62.6,54.7,48.0,6.26,44,45,3.6,75.8,1,0,0,1,6,Male,Yes,No,NotPlaced,ME
8928,71.8,60.7,54.9,7.03,61,46,3.3,71.4,1,1,1,0,4,Female,No,Yes,Placed,ChemE
8929,92.7,98.2,91.0,8.76,74,71,4.1,91.1,0,1,0,3,4,Female,Yes,Yes,Placed,EE
8930,48.1,62.3,58.7,6.37,56,59,2.6,72.7,0,0,1,0,0,Female,No,No,NotPlaced,ME
8931,58.8,58.6,49.8,5.99,53,63,3.1,65.5,2,0,4,3,5,Male,No,No,NotPlaced,IT
8932,97.8,78.9,89.2,8.54,65,79,3.6,92.1,0,4,0,3,21,Male,No,No,Placed,CS
8933,84.4,85.4,69.7,8.56,74,68,3.6,82.6,0,0,0,1,7,Male,Yes,No,NotPlaced,CS
8934,66.8,75.8,77.4,7.9,77,49,2.6,86.4,0,0,0,1,5,Female,No,No,NotPlaced,EE
8935,62.2,54.8,53.8,6.54,63,58,4.6,78.6,1,0,3,0,10,Male,No,No,NotPlaced,EE
8936,55.9,62.1,64.1,6.13,50,59,3.5,88.7,0,3,0,1,19,Female,Yes,Yes,Placed,ChemE
8937,71.9,79.7,72.1,8.0,58,58,3.1,85.4,0,0,1,4,4,Female,Yes,Yes,Placed,IT
8938,80.0,72.2,58.0,6.3,58,33,3.3,66.7,0,0,0,1,0,Male,Yes,No,NotPlaced,ME
8939,86.8,80.2,70.2,8.3,88,100,3.7,90.5,0,3,0,0,14,Male,Yes,Yes,Placed,IT
8940,61.0,71.9,65.4,7.6,72,66,3.4,77.1,0,1,1,0,6,Male,Yes,Yes,Placed,EE
8941,59.6,70.5,56.5,7.25,77,82,1.7,82.4,1,0,3,1,6,Female,No,No,NotPlaced,CE
8942,73.8,50.0,61.6,6.7,78,66,2.5,75.4,0,3,0,0,16,Female,No,No,NotPlaced,ME
8943,74.2,75.1,77.0,8.51,80,86,3.5,85.1,0,1,3,3,5,Male,Yes,No,Placed,IT
8944,69.7,60.3,69.8,7.43,77,71,3.9,80.5,1,3,3,0,14,Male,Yes,Yes,Placed,ECE
8945,75.1,80.0,74.7,8.55,86,60,3.6,88.2,0,0,0,2,0,Male,Yes,Yes,Placed,ME
8946,84.0,88.8,73.6,8.8,96,78,2.9,93.9,0,0,2,4,4,Male,Yes,Yes,Placed,ECE
8947,64.3,77.9,68.8,7.66,76,73,3.3,79.1,0,0,4,0,3,Female,No,Yes,NotPlaced,ME
8948,63.9,53.0,63.9,7.63,73,71,4.6,99.5,0,0,4,2,2,Male,Yes,Yes,Placed,EE
8949,69.9,56.3,56.0,6.52,54,46,3.2,90.3,0,1,0,3,9,Male,Yes,No,NotPlaced,CE
8950,70.7,59.1,64.9,7.65,76,85,3.9,72.7,1,1,1,1,5,Female,No,Yes,Placed,IT
8951,65.3,63.5,53.0,7.66,71,83,4.6,72.1,0,1,1,1,5,Female,No,No,NotPlaced,ECE
8952,84.9,64.0,73.8,8.41,69,51,3.0,83.5,0,1,2,4,8,Male,Yes,Yes,Placed,CS
8953,90.4,98.5,79.2,8.84,81,81,3.5,89.6,0,1,2,1,3,Male,Yes,No,Placed,CE
8954,82.1,88.0,86.4,8.47,73,60,5.0,85.1,0,1,1,1,5,Female,No,No,Placed,EE
8955,71.4,65.2,71.5,7.03,62,54,2.6,83.8,0,4,2,2,23,Female,Yes,No,Placed,EE
8956,86.0,71.3,70.5,7.31,68,65,3.1,100.0,1,2,1,1,13,Female,No,Yes,Placed,CS
8957,99.0,85.0,96.0,9.47,90,82,3.7,89.4,0,0,4,4,0,Female,No,No,Placed,CE
8958,65.1,75.9,69.3,7.76,85,80,3.7,78.4,0,1,1,3,7,Male,No,No,Placed,CS
8959,86.9,70.5,67.6,7.22,92,85,3.0,90.2,0,1,6,3,5,Male,Yes,No,Placed,EE
8960,77.2,49.7,65.7,6.37,65,62,2.6,69.1,0,0,1,1,2,Female,No,No,Placed,CE
8961,73.2,61.4,70.4,6.54,54,63,4.1,85.4,1,2,1,1,13,Female,Yes,Yes,Placed,ChemE
8962,62.4,74.3,67.9,6.86,68,61,3.6,76.6,1,0,1,1,2,Female,No,No,Placed,ME
8963,69.0,57.6,67.1,7.71,72,52,3.8,85.1,0,0,1,1,3,Male,No,No,Placed,CE
8964,85.0,79.2,65.6,7.54,72,74,4.0,89.1,0,1,2,3,5,Male,Yes,No,Placed,CS
8965,89.1,86.3,74.0,7.91,93,83,3.6,83.2,0,3,3,4,19,Female,Yes,No,Placed,ME
8966,69.4,59.5,57.3,6.54,63,36,3.6,80.3,0,0,1,1,0,Male,Yes,Yes,Placed,EE
8967,89.3,76.1,61.2,6.97,50,55,2.3,82.2,1,1,0,3,7,Male,Yes,Yes,Placed,IT
8968,68.7,76.1,71.0,7.77,85,80,5.0,86.7,0,1,2,0,11,Male,No,Yes,Placed,ME
8969,52.9,45.0,58.0,5.8,42,39,2.9,69.0,8,1,0,0,7,Female,No,No,NotPlaced,ME
8970,71.1,64.3,63.7,7.21,55,68,3.3,84.4,1,1,1,0,6,Male,Yes,No,NotPlaced,CE
8971,81.0,78.4,80.6,8.52,89,100,3.9,91.9,0,0,1,0,0,Male,Yes,No,Placed,IT
8972,57.5,80.4,70.6,7.97,63,58,3.6,76.7,0,0,2,3,0,Male,Yes,Yes,Placed,ECE
8973,76.7,63.8,64.2,6.74,79,82,3.7,82.9,1,1,2,2,8,Female,No,No,Placed,IT
8974,69.0,71.0,69.6,8.14,80,77,4.0,100.0,0,2,2,5,14,Male,Yes,Yes,Placed,IT
8975,55.0,48.3,63.6,6.09,62,58,2.9,73.2,0,0,0,0,1,Female,No,Yes,NotPlaced,ECE
8976,74.7,75.3,75.5,9.03,74,76,3.4,98.9,0,2,3,4,8,Female,Yes,No,Placed,IT
8977,57.8,46.8,61.5,6.21,54,81,3.0,64.3,3,0,2,1,0,Male,No,Yes,NotPlaced,EE
8978,70.8,78.3,80.8,6.6,64,64,1.2,91.1,1,1,1,0,12,Male,Yes,No,NotPlaced,CE
8979,84.6,72.6,70.2,7.82,80,69,3.7,78.3,0,0,1,3,0,Female,Yes,Yes,NotPlaced,ChemE
8980,65.8,45.0,52.4,5.31,56,39,4.0,75.9,1,0,0,2,3,Female,Yes,No,NotPlaced,ChemE
8981,74.1,84.1,72.2,8.73,79,90,4.5,97.7,0,0,1,2,0,Female,No,No,Placed,CS
8982,60.3,51.6,58.7,6.34,55,63,3.2,80.5,0,0,1,0,2,Female,Yes,Yes,NotPlaced,EE
8983,79.5,81.2,75.6,8.82,81,90,2.2,78.8,0,1,3,1,8,Male,Yes,Yes,Placed,ME
8984,62.1,54.4,72.6,7.46,73,77,2.9,63.1,3,0,1,1,0,Male,Yes,No,NotPlaced,ECE
8985,77.7,78.7,75.6,7.52,89,88,2.5,85.1,0,2,3,1,8,Male,Yes,No,Placed,CS
8986,76.7,91.2,94.0,7.97,76,64,4.2,83.8,0,1,2,0,8,Male,Yes,Yes,Placed,ME
8987,75.1,51.2,53.6,6.51,58,41,3.1,66.4,2,0,2,0,0,Female,No,No,NotPlaced,CE
8988,65.6,52.6,68.9,6.49,49,52,3.3,91.7,0,1,1,3,5,Male,No,Yes,Placed,IT
8989,86.3,80.6,96.0,9.3,86,88,3.8,91.3,0,1,1,2,7,Female,No,No,NotPlaced,IT
8990,68.5,60.0,59.2,6.56,67,67,3.0,74.5,2,0,0,0,0,Female,Yes,No,NotPlaced,CE
8991,54.5,76.2,62.3,5.27,38,53,2.8,76.0,1,0,1,0,4,Female,No,Yes,NotPlaced,IT
8992,50.2,60.5,56.0,5.64,59,50,2.8,82.9,1,1,0,0,7,Male,No,No,NotPlaced,ECE
8993,82.2,87.0,73.5,8.62,70,58,4.0,87.1,0,0,0,1,0,Male,No,No,Placed,EE
8994,60.0,47.3,63.8,5.29,59,69,2.8,79.6,1,0,3,0,0,Male,Yes,No,NotPlaced,CE
8995,73.6,72.1,58.2,7.1,39,49,5.0,66.5,3,0,0,1,5,Female,No,Yes,NotPlaced,CS
8996,45.0,69.8,58.3,6.53,66,60,3.1,83.3,3,1,1,0,4,Female,No,No,NotPlaced,CE
8997,77.6,72.0,65.8,6.87,89,80,4.2,72.0,0,0,2,0,0,Male,No,Yes,NotPlaced,EE
8998,71.7,68.9,73.9,7.92,72,69,2.7,94.7,0,1,1,2,8,Male,Yes,No,NotPlaced,ME
8999,67.5,82.2,74.9,7.82,73,78,4.2,83.4,0,0,1,1,2,Male,No,Yes,Placed,ME
9000,63.7,69.2,70.1,8.43,73,77,3.7,80.2,0,3,0,2,18,Female,No,Yes,Placed,ME
9001,67.3,74.5,67.6,7.09,77,78,3.9,70.9,2,0,1,0,5,Male,No,No,NotPlaced,EE
9002,83.1,66.2,62.5,7.88,75,70,4.4,81.8,0,1,1,1,7,Female,No,Yes,Placed,EE
9003,74.3,56.8,69.8,6.88,61,38,3.4,75.3,2,0,0,1,4,Female,No,No,NotPlaced,ECE
9004,78.2,60.4,66.3,6.97,64,74,3.2,70.1,1,0,3,0,2,Male,No,No,NotPlaced,ChemE
9005,75.4,90.3,71.5,7.68,76,47,4.5,89.6,0,1,1,1,3,Male,Yes,Yes,Placed,IT
9006,72.6,60.5,67.7,6.97,59,65,3.8,84.0,0,1,3,2,5,Female,Yes,No,Placed,ChemE
9007,60.2,77.7,65.3,7.78,86,85,3.8,90.8,0,2,2,1,10,Female,Yes,No,Placed,ME
9008,53.7,69.5,57.1,6.68,74,66,2.9,88.2,0,2,2,2,13,Female,No,No,NotPlaced,CE
9009,57.9,54.4,49.6,5.9,48,55,2.4,80.3,0,1,0,1,6,Female,Yes,No,NotPlaced,ChemE
9010,57.6,60.9,59.5,7.37,81,65,3.1,81.0,0,1,1,1,7,Male,Yes,Yes,Placed,CS
9011,69.6,64.2,77.9,8.44,82,85,3.5,79.0,0,0,0,1,4,Female,Yes,No,Placed,IT
9012,64.0,71.3,65.5,6.3,55,58,3.9,84.2,2,1,0,2,7,Female,No,Yes,NotPlaced,ChemE
9013,84.2,63.6,64.8,8.39,76,75,4.2,80.4,1,1,2,1,6,Male,Yes,Yes,Placed,CE
9014,68.6,45.0,68.8,6.7,72,67,4.2,79.4,2,0,1,0,3,Male,No,No,NotPlaced,CE
9015,78.1,90.0,79.6,9.17,83,74,4.2,85.5,0,2,3,0,9,Female,No,No,Placed,EE
9016,66.0,67.2,80.6,8.54,88,72,3.1,92.9,0,3,0,2,19,Male,No,No,Placed,EE
9017,71.6,67.7,67.9,5.79,64,59,4.2,69.7,0,1,2,1,4,Female,Yes,No,NotPlaced,ECE
9018,65.3,57.0,64.0,6.76,84,67,4.7,71.4,0,1,0,1,6,Male,Yes,Yes,Placed,ChemE
9019,71.6,63.9,69.8,7.08,71,77,3.9,79.2,0,3,0,3,23,Male,No,Yes,Placed,EE
9020,69.1,69.0,74.3,7.36,62,77,2.7,78.1,0,0,1,1,3,Male,No,Yes,NotPlaced,ME
9021,69.1,69.6,56.7,7.15,86,89,3.0,78.4,0,2,3,1,17,Female,No,No,NotPlaced,CE
9022,80.9,80.8,74.8,6.35,65,55,3.3,92.3,0,1,3,3,7,Female,No,No,NotPlaced,CS
9023,80.1,70.4,65.1,7.26,55,65,3.6,77.2,1,0,1,0,0,Female,No,No,NotPlaced,ME
9024,74.7,70.8,76.2,6.72,84,65,3.8,81.6,0,0,7,3,0,Male,Yes,No,Placed,CS
9025,76.5,80.0,85.0,8.28,100,62,4.2,91.4,1,0,3,0,3,Male,Yes,No,Placed,CE
9026,71.7,81.4,67.0,7.64,73,69,4.4,85.8,0,0,2,1,1,Male,No,Yes,NotPlaced,CE
9027,74.1,57.1,62.2,7.12,62,42,5.0,79.1,2,0,0,0,0,Female,No,Yes,NotPlaced,CE
9028,83.0,68.0,72.8,7.34,71,68,3.4,84.3,0,0,2,0,5,Male,Yes,Yes,Placed,ME
9029,55.6,62.4,66.4,6.67,69,67,2.3,76.4,1,0,1,0,0,Female,No,Yes,NotPlaced,EE
9030,88.0,67.9,76.4,7.66,78,81,3.0,74.0,0,1,4,3,6,Male,No,No,Placed,IT
9031,68.3,83.3,73.0,7.74,63,46,4.1,76.3,0,0,1,1,7,Male,Yes,No,NotPlaced,ChemE
9032,72.5,67.7,60.9,6.37,63,73,3.1,69.4,2,1,3,0,8,Male,Yes,No,NotPlaced,ChemE
9033,99.0,74.5,83.0,8.74,73,42,2.6,82.8,1,1,0,1,6,Male,No,No,NotPlaced,CE
9034,51.7,63.9,59.4,6.0,55,76,2.4,87.5,0,1,3,1,5,Male,Yes,Yes,NotPlaced,ME
9035,72.6,77.0,57.8,6.89,68,45,1.9,72.8,1,0,0,0,3,Female,No,No,NotPlaced,ChemE
9036,63.1,57.1,63.7,6.79,63,50,3.0,87.0,0,0,3,1,2,Male,Yes,Yes,NotPlaced,ChemE
9037,73.3,78.7,64.9,6.8,71,58,4.3,80.9,1,1,2,0,6,Female,No,Yes,NotPlaced,CE
9038,72.9,78.0,81.7,7.91,84,83,2.6,86.8,0,0,5,2,6,Male,No,No,NotPlaced,ME
9039,59.8,78.1,81.3,7.87,47,44,2.8,75.2,2,1,2,3,4,Female,No,No,NotPlaced,EE
9040,68.7,81.9,72.1,8.5,72,57,4.0,71.1,0,0,1,1,10,Male,Yes,No,NotPlaced,ME
9041,70.0,66.6,69.7,7.06,68,57,4.0,74.6,2,2,2,0,11,Male,Yes,Yes,Placed,EE
9042,95.7,88.0,86.5,9.04,83,87,3.3,100.0,0,0,1,4,4,Female,Yes,Yes,Placed,CE
9043,75.2,70.9,69.0,7.04,76,88,4.2,99.8,0,0,3,5,3,Male,Yes,Yes,Placed,IT
9044,69.2,45.0,48.0,5.0,52,56,2.1,65.5,0,0,0,0,0,Male,No,No,NotPlaced,ECE
9045,85.9,92.3,86.5,8.96,94,89,5.0,90.4,0,1,2,3,7,Male,Yes,Yes,Placed,CS
9046,70.6,75.1,70.1,6.99,69,53,2.7,71.8,0,1,1,3,6,Male,No,Yes,NotPlaced,ME
9047,51.4,45.0,48.0,5.06,35,50,3.2,65.6,1,0,0,0,5,Male,No,No,NotPlaced,EE
9048,67.3,47.5,65.7,7.3,61,74,4.0,76.7,0,1,1,1,7,Male,Yes,Yes,NotPlaced,ME
9049,72.9,67.0,66.8,6.71,69,78,3.8,85.0,0,2,2,1,12,Male,Yes,Yes,Placed,ChemE
9050,71.5,73.7,85.5,8.38,94,96,3.6,100.0,0,1,1,2,5,Male,Yes,Yes,Placed,CS
9051,70.0,51.9,57.5,6.13,89,95,4.1,72.4,2,1,5,0,4,Male,Yes,No,Placed,ECE
9052,88.1,68.1,69.7,7.83,72,59,3.1,87.3,0,1,1,1,8,Male,Yes,Yes,Placed,CS
9053,76.7,56.5,65.9,7.77,66,100,2.7,91.8,0,2,1,3,10,Female,No,No,Placed,EE
9054,75.7,70.4,72.1,7.92,76,51,3.8,78.0,0,0,1,2,2,Female,No,No,Placed,ECE
9055,70.4,92.2,77.1,7.81,79,66,2.9,65.4,1,2,1,2,9,Male,No,No,NotPlaced,IT
9056,68.8,68.5,66.0,7.84,60,53,3.7,85.9,0,2,2,0,16,Female,Yes,No,Placed,CS
9057,85.8,88.7,73.1,9.37,90,79,2.9,83.3,0,3,1,2,26,Male,No,Yes,Placed,ECE
9058,73.7,76.9,73.2,8.11,76,69,3.3,93.5,0,2,2,4,20,Female,Yes,Yes,Placed,CS
9059,88.0,87.1,92.6,8.42,76,82,4.4,88.0,0,4,3,4,27,Female,Yes,Yes,Placed,CE
9060,75.0,70.3,71.9,7.63,78,84,2.7,74.1,0,0,3,2,0,Male,Yes,No,NotPlaced,CE
9061,70.9,75.5,67.0,8.03,57,38,4.5,87.8,1,1,1,1,7,Female,Yes,No,NotPlaced,ChemE
9062,73.5,59.7,67.6,7.71,55,60,3.6,89.9,0,1,2,4,5,Male,Yes,No,NotPlaced,ME
9063,76.3,70.3,58.7,7.44,64,80,3.1,83.2,1,0,5,1,5,Male,No,No,Placed,CS
9064,62.8,69.8,58.4,5.69,66,58,3.1,70.5,1,1,1,1,7,Female,No,Yes,NotPlaced,ChemE
9065,93.7,99.0,96.0,9.37,100,100,3.6,100.0,0,3,0,3,18,Male,Yes,Yes,Placed,ECE
9066,85.5,80.7,74.7,8.32,72,75,4.2,79.0,0,0,3,2,4,Male,Yes,Yes,Placed,ECE
9067,83.4,81.0,77.5,8.23,89,93,4.5,92.1,0,1,0,5,8,Male,Yes,Yes,Placed,IT
9068,92.2,85.4,88.3,9.11,86,73,5.0,91.6,0,0,3,1,0,Male,Yes,Yes,Placed,ME
9069,64.8,54.7,51.0,6.62,57,90,3.8,81.3,2,1,1,3,10,Female,Yes,No,Placed,CE
9070,69.3,53.4,66.6,6.46,63,63,2.4,76.8,0,0,0,1,0,Female,No,Yes,NotPlaced,ChemE
9071,67.4,71.7,62.4,6.91,57,47,5.0,73.5,1,1,0,3,8,Female,Yes,Yes,NotPlaced,EE
9072,76.7,90.9,76.1,8.88,92,59,4.0,88.5,0,1,0,3,10,Female,Yes,Yes,Placed,IT
9073,77.3,78.8,73.2,7.48,82,64,3.5,94.1,0,1,3,1,7,Female,No,Yes,Placed,IT
9074,73.5,67.9,64.8,7.68,69,48,3.1,72.8,0,2,2,1,12,Male,No,Yes,NotPlaced,EE
9075,75.3,74.1,68.7,7.48,61,82,4.6,76.8,1,1,1,4,6,Male,No,Yes,NotPlaced,ME
9076,87.2,68.4,83.4,8.82,91,84,3.0,86.7,0,2,3,3,14,Male,Yes,Yes,Placed,ME
9077,70.0,61.0,63.1,6.98,76,76,3.0,72.7,1,3,2,1,20,Male,Yes,No,Placed,CS
9078,66.9,72.6,72.7,7.87,55,61,2.4,81.4,0,2,1,4,12,Female,Yes,Yes,NotPlaced,EE
9079,91.1,80.8,87.9,10.0,89,87,4.4,79.6,0,0,1,2,0,Male,No,Yes,Placed,CS
9080,88.1,83.4,69.5,7.69,74,80,3.8,100.0,0,2,3,2,11,Male,Yes,Yes,Placed,ME
9081,70.2,59.9,73.4,8.39,85,65,3.9,84.8,0,0,3,2,0,Female,Yes,No,NotPlaced,ME
9082,80.1,83.2,72.8,8.24,84,38,2.9,95.9,0,2,4,4,9,Male,Yes,Yes,Placed,ME
9083,72.9,72.4,71.8,7.95,62,63,4.3,98.3,0,1,2,1,4,Male,Yes,No,NotPlaced,EE
9084,59.7,56.0,53.9,6.39,50,66,3.2,74.1,1,1,4,1,12,Female,Yes,No,NotPlaced,ME
9085,76.2,75.2,58.3,8.25,52,70,2.5,73.3,0,1,1,1,12,Female,Yes,Yes,Placed,ECE
9086,78.9,76.8,73.7,7.63,72,94,4.0,79.6,0,2,3,0,9,Male,No,Yes,Placed,CE
9087,63.5,74.0,74.6,8.11,60,48,4.3,80.9,1,1,1,1,8,Male,Yes,No,Placed,CS
9088,83.6,80.7,78.7,7.84,72,69,4.2,76.8,1,0,2,1,0,Male,Yes,Yes,Placed,CE
9089,67.6,62.4,60.9,7.56,70,69,3.4,90.2,0,2,5,4,11,Male,Yes,Yes,Placed,IT
9090,63.9,84.6,67.7,8.05,80,80,4.1,89.2,0,4,2,1,25,Male,Yes,No,Placed,IT
9091,83.8,86.8,73.0,8.06,72,60,3.6,82.2,1,0,1,1,2,Male,No,No,Placed,CS
9092,66.9,77.3,71.7,6.94,69,81,4.6,87.8,0,2,4,3,9,Female,Yes,No,Placed,CS
9093,63.4,64.6,59.5,6.83,62,69,2.5,71.1,2,1,0,1,11,Male,Yes,No,NotPlaced,IT
9094,54.1,54.2,48.0,5.1,41,56,3.3,75.9,2,1,3,1,4,Male,No,Yes,NotPlaced,CE
9095,63.0,70.8,59.2,6.9,53,56,3.7,65.8,0,0,1,0,2,Male,Yes,Yes,NotPlaced,ChemE
9096,70.7,88.8,79.7,7.36,67,52,2.7,88.2,0,2,4,2,15,Male,No,No,Placed,ME
9097,74.7,76.5,76.0,8.21,84,61,3.5,86.5,0,0,2,3,0,Female,Yes,No,Placed,CS
9098,58.9,70.2,54.6,6.33,65,66,3.0,94.5,0,1,0,3,6,Female,Yes,No,Placed,ME
9099,60.3,65.2,72.3,6.87,62,82,4.0,70.3,2,1,0,0,5,Female,No,Yes,NotPlaced,CE
9100,70.0,56.0,77.7,7.32,67,54,4.8,95.2,0,0,1,1,4,Female,Yes,Yes,Placed,EE
9101,70.2,79.1,69.1,7.87,82,76,3.7,86.9,0,1,0,1,5,Female,Yes,Yes,Placed,EE
9102,61.8,81.7,70.1,7.6,72,91,3.9,86.4,0,2,4,1,10,Female,No,Yes,Placed,ME
9103,63.0,70.2,62.7,6.13,56,52,3.5,86.4,1,1,1,1,8,Male,Yes,Yes,NotPlaced,EE
9104,67.7,69.1,73.9,7.07,76,51,3.3,80.0,2,1,1,3,3,Female,Yes,No,NotPlaced,CE
9105,70.9,69.7,59.9,6.82,79,82,3.4,80.7,0,4,4,1,15,Male,Yes,Yes,Placed,ME
9106,75.1,76.0,69.1,7.29,64,50,3.0,82.8,0,0,0,0,0,Female,Yes,No,NotPlaced,ECE
9107,65.1,56.3,48.0,5.27,50,83,2.3,72.4,1,1,1,2,10,Male,Yes,No,NotPlaced,ME
9108,85.9,89.7,80.3,8.03,66,77,3.9,76.0,0,0,2,0,5,Female,No,Yes,Placed,ECE
9109,63.5,77.0,76.2,7.9,74,73,3.0,86.2,0,1,2,1,11,Female,No,Yes,NotPlaced,CS
9110,45.0,45.0,48.9,5.38,56,66,2.9,73.5,1,0,2,1,4,Female,No,No,NotPlaced,CE
9111,59.2,68.4,62.7,6.75,54,57,2.4,81.4,0,0,2,0,1,Male,Yes,No,Placed,ME
9112,72.1,70.1,78.0,7.96,77,64,3.9,87.8,0,0,3,1,2,Female,No,Yes,Placed,CE
9113,56.2,67.0,61.6,6.81,56,47,3.4,86.2,0,1,0,2,6,Male,Yes,No,NotPlaced,ME
9114,66.1,53.6,69.9,8.04,51,61,3.7,80.0,0,1,1,2,8,Female,Yes,Yes,NotPlaced,CE
9115,65.1,77.6,57.3,6.38,64,68,5.0,86.8,1,1,0,0,10,Male,Yes,Yes,Placed,ECE
9116,56.7,51.6,50.2,6.02,54,53,2.7,64.9,1,1,1,2,5,Male,No,Yes,NotPlaced,ME
9117,75.7,67.7,66.7,7.44,67,62,4.8,80.8,0,0,0,1,4,Male,Yes,Yes,Placed,ECE
9118,63.0,65.7,50.1,6.45,66,54,2.5,60.7,0,0,0,0,8,Male,No,Yes,NotPlaced,CE
9119,64.0,56.3,60.7,7.34,75,51,3.9,83.8,2,0,1,2,1,Female,No,Yes,NotPlaced,ECE
9120,90.6,73.8,86.3,8.04,82,70,3.9,89.5,0,0,3,0,5,Male,Yes,Yes,Placed,IT
9121,87.2,88.1,70.6,9.15,79,70,4.3,91.7,0,0,3,2,4,Male,Yes,Yes,Placed,IT
9122,80.7,91.7,69.0,8.23,64,77,4.4,77.5,0,1,2,1,5,Female,Yes,Yes,Placed,CS
9123,69.2,61.3,68.3,6.53,61,54,3.0,75.8,0,2,0,1,17,Male,No,No,NotPlaced,ME
9124,71.6,59.2,56.7,7.37,57,47,2.8,65.3,3,0,3,0,5,Male,Yes,Yes,Placed,ME
9125,66.1,57.5,63.4,7.3,59,61,3.6,85.6,2,0,2,2,2,Female,No,Yes,NotPlaced,ECE
9126,93.5,99.0,83.3,8.07,83,86,4.2,93.4,0,2,0,2,15,Female,Yes,Yes,Placed,CS
9127,72.2,74.4,64.1,7.9,84,59,2.9,91.0,0,0,1,1,1,Female,Yes,No,Placed,EE
9128,78.1,69.1,72.8,7.74,70,58,4.3,77.4,0,1,0,3,10,Male,Yes,No,NotPlaced,IT
9129,63.3,59.5,68.7,6.45,71,57,4.1,88.7,0,2,1,1,15,Male,No,Yes,NotPlaced,EE
9130,66.4,70.5,62.0,6.55,79,67,2.5,81.3,1,1,4,1,6,Female,No,No,NotPlaced,ECE
9131,68.4,59.5,68.2,7.1,71,83,3.0,73.6,0,2,2,2,9,Female,Yes,Yes,Placed,IT
9132,83.1,90.9,70.9,8.69,60,51,3.9,81.4,2,1,0,0,12,Male,No,Yes,Placed,ChemE
9133,61.2,68.6,64.2,6.99,64,67,3.9,100.0,0,1,3,2,10,Female,No,Yes,NotPlaced,CE
9134,45.0,54.2,48.0,5.98,59,50,4.0,73.4,3,1,1,0,7,Female,Yes,Yes,NotPlaced,ME
9135,69.4,52.8,56.0,7.35,62,63,4.5,90.0,1,2,1,3,11,Male,Yes,No,Placed,ME
9136,66.7,65.1,75.2,6.78,63,51,4.7,75.9,1,0,2,2,2,Female,Yes,No,Placed,EE
9137,52.6,50.3,52.1,5.27,49,38,2.9,88.9,3,0,0,2,0,Male,No,No,NotPlaced,CE
9138,73.6,59.5,62.6,6.19,71,68,4.5,80.9,1,0,3,4,4,Male,No,No,Placed,EE
9139,48.2,45.0,48.0,5.21,47,51,2.8,77.2,3,0,0,0,0,Female,Yes,No,NotPlaced,EE
9140,62.7,56.7,57.8,6.96,57,57,3.3,76.2,2,1,1,1,10,Male,No,No,NotPlaced,CE
9141,57.7,64.9,51.7,7.62,54,50,4.4,78.5,0,1,1,0,7,Female,No,Yes,NotPlaced,ECE
9142,79.0,90.2,82.9,9.66,93,60,3.5,91.5,0,1,1,3,8,Male,Yes,Yes,Placed,ECE
9143,78.8,54.9,60.6,7.51,72,77,3.9,89.3,0,1,4,4,6,Female,Yes,No,Placed,IT
9144,64.4,78.6,67.0,6.63,61,57,4.1,78.0,0,0,1,1,2,Male,Yes,Yes,Placed,ChemE
9145,74.2,77.2,59.6,6.81,51,74,2.3,63.9,1,1,2,1,11,Female,No,Yes,NotPlaced,IT
9146,68.4,68.5,77.6,8.08,72,50,4.1,78.8,0,1,0,0,8,Female,No,No,NotPlaced,EE
9147,78.4,99.0,93.0,9.35,92,79,3.7,84.2,0,1,4,3,10,Male,Yes,Yes,Placed,IT
9148,77.6,85.1,96.0,8.94,85,82,4.6,92.5,0,2,2,7,12,Female,Yes,Yes,Placed,ECE
9149,65.8,58.5,60.3,6.0,62,54,2.8,74.2,7,0,1,0,0,Male,Yes,Yes,NotPlaced,ChemE
9150,70.9,75.2,69.3,7.17,79,65,3.2,75.7,3,2,1,2,8,Female,Yes,Yes,Placed,ME
9151,52.7,61.2,53.6,6.11,53,90,4.5,66.5,0,0,3,0,0,Female,No,No,NotPlaced,ECE
9152,77.9,71.6,65.5,7.49,85,85,4.0,80.7,0,2,1,1,10,Male,Yes,No,NotPlaced,CE
9153,70.7,56.0,59.0,6.77,52,52,3.8,74.9,0,0,2,0,5,Female,Yes,Yes,Placed,ME
9154,61.7,52.5,63.0,5.68,43,57,3.3,74.8,1,0,1,1,0,Male,No,Yes,NotPlaced,CE
9155,75.1,73.8,67.8,7.17,74,84,4.8,85.8,0,2,1,3,13,Male,Yes,Yes,Placed,IT
9156,72.1,83.5,86.7,8.03,86,67,3.6,77.9,0,2,3,3,13,Female,No,Yes,Placed,CE
9157,81.1,81.3,63.9,7.47,67,80,2.7,73.4,1,0,4,1,1,Male,Yes,Yes,Placed,CS
9158,67.7,62.4,64.4,6.61,65,72,3.1,85.8,1,0,0,0,7,Male,No,Yes,NotPlaced,CE
9159,88.6,86.5,77.8,9.06,69,63,3.3,83.7,0,0,1,1,4,Female,No,Yes,NotPlaced,ChemE
9160,85.8,76.7,83.2,9.32,79,51,3.4,90.4,0,1,2,2,11,Female,No,Yes,Placed,CS
9161,71.2,85.4,74.3,8.12,71,84,2.8,86.7,0,1,3,3,6,Female,Yes,Yes,Placed,EE
9162,79.7,60.7,62.1,6.86,62,56,4.5,74.9,1,1,2,0,7,Female,No,Yes,NotPlaced,ECE
9163,67.6,60.7,62.9,6.37,71,53,3.5,80.9,1,1,2,1,8,Male,No,Yes,NotPlaced,EE
9164,61.6,58.9,60.5,6.6,55,70,3.1,82.0,0,1,1,1,5,Male,No,No,NotPlaced,ECE
9165,52.9,45.0,55.4,5.47,55,63,3.3,59.8,4,0,0,0,1,Male,Yes,No,NotPlaced,ME
9166,82.3,76.3,75.1,8.05,69,57,3.8,82.1,1,1,1,0,7,Female,No,No,Placed,EE
9167,67.8,53.4,50.4,6.81,52,42,3.1,85.7,2,0,0,2,1,Female,No,Yes,NotPlaced,EE
9168,79.1,98.6,76.8,7.73,76,100,3.7,84.0,1,0,2,2,0,Male,Yes,No,NotPlaced,ChemE
9169,61.5,65.3,66.6,7.15,69,57,3.6,74.6,0,0,2,0,3,Female,No,No,NotPlaced,ECE
9170,75.7,73.2,80.9,8.13,64,51,2.9,72.8,1,1,0,0,6,Male,Yes,No,NotPlaced,ME
9171,69.4,75.8,67.9,6.63,66,67,4.6,77.0,1,1,3,0,9,Male,Yes,No,Placed,EE
9172,68.7,76.2,70.4,7.44,68,40,3.1,70.8,0,0,2,1,0,Male,Yes,Yes,NotPlaced,CE
9173,52.8,65.3,54.8,6.02,50,77,3.9,64.9,2,2,3,1,15,Male,Yes,Yes,Placed,CE
9174,47.6,53.6,51.0,6.01,46,61,3.1,74.6,1,0,1,0,0,Male,No,Yes,NotPlaced,CE
9175,70.5,47.4,56.2,5.25,54,53,4.1,69.7,3,0,1,0,0,Female,No,No,NotPlaced,ECE
9176,80.2,94.3,78.1,7.9,83,71,4.1,77.5,3,0,4,2,2,Male,No,No,Placed,CE
9177,73.7,75.7,66.4,8.59,56,55,3.7,81.3,0,0,1,3,4,Male,Yes,Yes,Placed,ChemE
9178,68.5,73.1,77.0,7.35,66,42,3.7,85.0,0,1,2,0,8,Female,No,Yes,Placed,ME
9179,67.1,68.2,63.8,5.99,59,55,3.3,81.5,2,1,3,3,10,Male,No,No,NotPlaced,ME
9180,83.0,69.8,68.3,8.72,88,77,3.1,84.7,0,2,0,2,8,Male,Yes,No,Placed,CS
9181,73.0,70.6,68.3,7.43,73,86,3.8,87.2,1,4,6,2,28,Male,Yes,Yes,Placed,ECE
9182,82.8,70.3,89.1,8.24,77,65,1.9,79.0,0,3,0,4,13,Male,Yes,No,Placed,CS
9183,90.0,86.7,83.2,8.57,70,51,3.5,82.2,0,3,1,5,16,Female,Yes,No,Placed,CS
9184,61.8,45.0,48.1,5.19,44,50,2.4,88.2,1,0,1,3,0,Female,No,Yes,NotPlaced,EE
9185,81.1,92.3,80.8,9.16,88,63,5.0,86.9,0,3,1,5,15,Female,No,Yes,Placed,ME
9186,72.0,76.0,64.9,6.77,62,56,5.0,62.1,2,0,0,0,0,Female,No,No,NotPlaced,CE
9187,81.5,80.1,74.5,6.81,65,55,3.8,97.5,0,0,2,2,3,Male,Yes,Yes,Placed,ChemE
9188,65.3,63.9,57.8,6.6,63,59,2.8,77.3,1,1,0,0,5,Male,Yes,No,NotPlaced,ChemE
9189,93.2,76.9,70.1,9.14,92,70,4.0,91.6,0,3,2,0,21,Male,Yes,No,Placed,ECE
9190,77.5,74.0,64.3,8.54,76,86,2.3,95.7,0,1,4,0,5,Female,No,No,NotPlaced,ME
9191,60.6,74.9,65.4,7.5,69,55,2.8,76.1,0,1,0,2,5,Male,No,No,Placed,IT
9192,53.9,56.2,52.8,7.46,53,50,3.2,72.8,0,0,2,0,0,Male,Yes,No,NotPlaced,ME
9193,60.5,47.8,63.6,5.95,68,65,4.2,72.5,1,0,0,0,7,Female,Yes,No,NotPlaced,CE
9194,77.1,66.1,72.0,7.75,67,56,3.8,72.0,0,1,1,2,10,Male,No,Yes,Placed,CS
9195,68.6,65.9,66.2,7.18,73,74,2.5,70.3,0,1,4,1,8,Female,No,No,NotPlaced,ME
9196,72.3,60.2,62.0,6.89,64,59,3.5,73.1,2,0,1,2,0,Female,Yes,Yes,Placed,ChemE
9197,82.9,70.4,78.8,8.44,79,85,3.1,87.1,0,1,3,3,6,Male,Yes,Yes,Placed,IT
9198,79.9,61.7,63.2,6.48,62,55,3.5,82.9,1,0,0,0,2,Female,Yes,No,NotPlaced,ME
9199,59.5,45.7,57.0,6.59,57,31,3.2,67.8,2,0,0,0,3,Female,No,Yes,NotPlaced,EE
9200,70.9,75.1,72.9,7.51,59,44,3.3,82.2,1,0,1,1,1,Female,Yes,Yes,NotPlaced,CS
9201,67.2,73.5,76.1,6.49,70,73,3.5,84.0,0,0,1,2,5,Male,Yes,Yes,Placed,ECE
9202,63.7,77.9,69.3,7.0,77,50,3.0,83.2,1,0,1,0,2,Female,Yes,Yes,NotPlaced,ME
9203,64.5,79.7,74.1,8.18,73,84,3.3,90.1,0,2,5,0,14,Female,Yes,Yes,Placed,CS
9204,80.3,61.8,75.3,6.52,67,47,3.0,85.9,0,0,1,0,3,Female,Yes,No,NotPlaced,CE
9205,69.3,63.3,74.2,7.54,75,53,2.5,70.8,0,0,3,1,1,Male,Yes,Yes,Placed,ME
9206,63.3,66.9,55.4,6.03,61,76,2.6,75.9,2,1,1,1,7,Male,Yes,Yes,NotPlaced,ChemE
9207,85.8,87.2,79.0,7.88,86,100,4.7,81.1,0,0,1,2,0,Female,Yes,Yes,Placed,ChemE
9208,76.1,75.0,80.5,9.13,84,76,3.4,92.3,0,2,1,2,12,Female,Yes,No,Placed,CE
9209,70.8,65.3,69.7,7.95,59,47,3.4,76.8,1,1,0,1,9,Female,No,Yes,Placed,CE
9210,60.1,57.1,52.4,6.08,58,63,4.7,80.0,0,0,1,2,0,Male,Yes,Yes,NotPlaced,ChemE
9211,70.4,72.8,67.1,7.37,85,71,3.4,91.6,0,1,0,2,6,Female,No,Yes,Placed,CS
9212,47.3,60.8,57.0,5.93,53,59,4.1,59.1,2,0,2,2,3,Male,Yes,No,Placed,ME
9213,71.5,69.9,62.1,6.67,71,92,2.4,71.2,1,0,3,3,0,Female,No,Yes,Placed,IT
9214,81.1,82.9,82.4,8.38,70,62,3.4,80.2,0,2,0,0,9,Female,Yes,No,Placed,EE
9215,75.5,81.0,76.5,8.11,75,68,2.5,82.0,0,3,3,2,19,Male,Yes,Yes,Placed,CS
9216,70.8,65.4,65.6,6.96,61,61,3.9,63.7,0,2,1,0,10,Female,Yes,Yes,Placed,CE
9217,86.7,75.8,70.7,8.76,75,65,4.9,91.1,0,1,3,0,9,Male,No,No,Placed,ME
9218,88.9,92.3,88.8,8.65,63,89,3.7,80.2,0,0,2,3,5,Male,Yes,Yes,Placed,CS
9219,56.3,67.5,57.1,6.74,62,58,2.7,84.3,0,2,4,1,13,Male,Yes,Yes,NotPlaced,ME
9220,77.9,74.9,75.3,7.23,60,43,4.0,56.5,1,0,0,0,0,Male,Yes,Yes,NotPlaced,CE
9221,67.0,66.9,72.5,7.48,62,66,1.5,85.0,1,1,1,1,9,Female,Yes,No,Placed,IT
9222,59.7,63.7,64.9,6.86,56,61,4.7,78.6,0,1,2,3,11,Female,No,Yes,Placed,ECE
9223,61.2,59.0,66.1,7.31,58,64,4.7,82.8,0,1,0,1,4,Female,Yes,Yes,Placed,IT
9224,46.7,68.4,66.2,7.17,63,52,2.3,76.0,5,0,1,2,4,Male,Yes,No,NotPlaced,EE
9225,79.8,78.6,83.1,8.3,77,79,2.6,86.0,0,0,1,3,6,Male,Yes,No,Placed,ECE
9226,70.9,49.6,53.4,7.61,78,65,3.5,80.2,0,0,2,1,4,Female,Yes,Yes,NotPlaced,EE
9227,53.7,57.4,59.6,6.4,66,52,4.3,57.1,3,0,0,0,3,Female,No,Yes,NotPlaced,CS
9228,82.3,60.7,69.4,6.39,70,63,1.6,83.4,2,0,2,0,4,Female,No,No,NotPlaced,ECE
9229,45.0,45.0,49.9,6.32,59,32,2.5,64.6,1,0,0,0,0,Female,Yes,No,NotPlaced,ME
9230,59.6,58.2,75.3,7.06,78,64,3.6,74.0,1,2,2,3,13,Male,No,No,Placed,ECE
9231,49.5,63.7,55.9,6.4,60,63,4.6,80.6,2,0,2,1,0,Female,No,Yes,NotPlaced,CE
9232,73.1,67.1,65.8,6.66,51,53,4.0,81.7,0,1,1,2,16,Male,Yes,Yes,Placed,IT
9233,72.3,68.4,70.2,6.53,64,54,2.2,71.9,2,1,1,1,5,Male,No,Yes,NotPlaced,CE
9234,77.5,89.5,79.9,7.95,79,73,4.5,83.3,0,1,4,1,9,Male,No,Yes,Placed,CS
9235,45.0,45.0,48.0,5.4,53,73,3.7,85.0,2,1,1,0,12,Male,Yes,Yes,NotPlaced,ECE
9236,55.9,52.9,63.3,6.52,72,55,2.8,72.6,2,0,0,0,0,Female,No,Yes,NotPlaced,CE
9237,70.8,70.6,64.7,6.63,75,81,3.9,78.9,1,1,1,2,4,Male,No,Yes,NotPlaced,EE
9238,80.4,87.4,82.5,8.68,76,73,2.8,87.9,0,1,4,3,5,Female,No,Yes,Placed,ECE
9239,82.8,76.0,78.6,8.59,88,65,4.5,96.3,0,0,3,2,3,Male,Yes,Yes,Placed,IT
9240,67.3,64.0,63.1,6.67,60,48,3.3,86.0,0,2,1,1,17,Female,No,No,Placed,ME
9241,55.2,59.3,48.2,6.27,58,60,1.7,72.2,2,1,1,1,11,Male,Yes,No,NotPlaced,ChemE
9242,45.0,56.5,53.7,5.39,54,63,2.9,82.4,1,1,2,1,11,Female,Yes,No,NotPlaced,CE
9243,57.0,70.1,61.2,6.99,50,48,2.0,73.5,2,0,1,1,2,Female,No,No,Placed,EE
9244,65.6,68.0,74.8,7.5,85,76,3.4,81.8,0,3,1,3,16,Female,Yes,Yes,Placed,IT
9245,70.7,63.0,65.4,7.93,91,79,4.4,83.6,1,0,2,1,11,Female,No,Yes,Placed,ECE
9246,68.0,57.6,59.2,6.52,54,42,3.9,85.2,0,1,1,4,13,Male,Yes,Yes,NotPlaced,IT
9247,78.8,83.9,70.9,7.98,72,65,3.8,89.5,0,1,0,1,11,Female,No,Yes,Placed,ME
9248,81.8,79.4,69.9,7.14,74,59,3.5,82.4,1,1,0,1,7,Female,Yes,Yes,NotPlaced,ChemE
9249,57.8,64.4,63.6,7.12,65,70,2.8,79.3,0,1,2,1,6,Female,No,Yes,NotPlaced,IT
9250,74.4,82.2,74.7,6.63,76,73,3.4,89.7,0,2,0,4,12,Male,Yes,Yes,Placed,CS
9251,66.0,68.4,68.8,7.33,64,56,2.6,81.5,2,1,0,0,12,Female,No,Yes,Placed,EE
9252,94.2,74.2,77.0,7.63,72,74,3.6,85.4,0,0,1,4,6,Male,No,No,Placed,ECE
9253,50.5,45.0,48.0,5.0,40,40,2.0,70.1,2,1,1,2,8,Male,No,No,NotPlaced,CE
9254,77.7,80.0,77.7,8.27,77,71,3.0,77.8,0,0,2,1,3,Female,No,Yes,NotPlaced,EE
9255,73.5,77.9,61.5,7.65,68,79,3.3,89.2,0,0,5,2,3,Female,Yes,Yes,Placed,ECE
9256,94.7,99.0,93.8,8.89,88,87,3.4,91.0,1,3,2,4,14,Male,Yes,No,Placed,IT
9257,64.2,73.0,67.8,6.07,63,51,3.9,82.1,0,0,1,1,1,Female,No,No,NotPlaced,ChemE
9258,66.0,62.6,50.1,6.78,41,74,3.8,67.5,1,4,2,2,20,Female,No,No,NotPlaced,EE
9259,80.5,79.9,66.4,6.97,74,77,4.0,86.9,0,1,5,1,8,Male,No,No,NotPlaced,ECE
9260,80.0,63.6,69.6,6.77,78,67,2.9,78.5,1,2,3,2,11,Male,No,Yes,NotPlaced,ECE
9261,57.3,64.7,60.8,5.79,50,75,3.4,86.6,1,0,0,2,0,Male,No,No,NotPlaced,EE
9262,77.4,63.9,55.7,6.39,61,59,3.2,87.6,0,1,1,3,6,Male,Yes,Yes,NotPlaced,ChemE
9263,81.7,78.3,71.4,7.78,69,63,4.0,75.9,1,2,2,1,13,Male,Yes,No,Placed,ChemE
9264,45.0,45.0,48.0,5.17,48,73,2.7,78.1,1,0,1,1,7,Female,Yes,Yes,NotPlaced,ECE
9265,66.2,65.9,59.8,6.01,56,59,3.4,77.7,0,0,2,1,0,Female,Yes,Yes,NotPlaced,ME
9266,71.0,79.8,67.2,7.47,70,75,3.2,87.3,0,0,7,2,5,Male,No,Yes,Placed,CS
9267,60.3,45.0,58.4,6.38,62,91,2.5,77.9,2,0,3,3,0,Female,Yes,No,NotPlaced,ECE
9268,70.0,71.6,67.0,6.91,76,99,3.9,88.6,0,0,4,0,5,Female,No,No,NotPlaced,EE
9269,64.1,58.1,80.9,8.38,90,87,3.7,88.5,0,1,1,3,5,Male,No,Yes,Placed,ME
9270,83.4,58.2,68.0,7.78,73,64,2.8,94.0,0,0,2,3,0,Male,No,No,NotPlaced,ME
9271,72.0,64.3,62.7,7.59,57,52,3.1,81.9,2,2,1,0,11,Female,No,Yes,Placed,ChemE
9272,51.1,74.6,64.5,5.8,74,81,3.9,71.3,2,0,2,1,2,Male,No,Yes,NotPlaced,ME
9273,71.4,63.4,64.6,7.01,71,56,3.6,86.2,0,3,0,1,18,Female,Yes,Yes,Placed,ME
9274,67.8,65.6,61.8,6.93,74,76,4.2,86.4,0,1,1,2,6,Female,Yes,No,Placed,ECE
9275,79.4,59.0,71.2,6.78,67,66,3.2,91.0,0,1,0,3,4,Male,Yes,Yes,NotPlaced,CS
9276,85.1,68.9,63.8,7.42,74,72,4.0,80.1,0,2,1,1,15,Male,No,No,Placed,CE
9277,87.8,71.6,69.5,8.15,74,61,4.1,80.1,0,0,2,0,1,Female,No,No,Placed,EE
9278,74.8,88.2,68.9,7.8,75,49,4.1,76.5,0,0,1,0,0,Female,Yes,Yes,Placed,ChemE
9279,63.4,50.3,52.8,6.62,50,47,2.8,79.5,1,0,2,0,3,Female,Yes,No,NotPlaced,ME
9280,79.3,76.5,73.7,8.49,72,52,3.1,73.3,0,0,3,1,1,Female,Yes,Yes,NotPlaced,ChemE
9281,62.1,60.0,48.9,5.79,61,59,3.8,87.5,1,2,1,2,12,Male,No,Yes,NotPlaced,ME
9282,59.3,71.5,74.2,8.11,70,70,3.2,87.7,0,1,1,4,11,Male,Yes,Yes,Placed,IT
9283,58.0,65.8,50.4,6.43,68,71,1.8,81.6,0,4,1,2,14,Male,No,No,NotPlaced,ChemE
9284,74.5,79.6,73.2,8.16,72,43,3.7,67.9,0,0,0,0,2,Female,Yes,No,NotPlaced,CE
9285,65.7,58.5,62.3,6.57,58,77,3.6,87.4,1,2,0,5,14,Female,Yes,No,Placed,ECE
9286,72.9,53.2,67.1,7.87,76,76,3.8,80.3,0,0,1,2,4,Male,Yes,Yes,Placed,IT
9287,80.3,77.4,59.1,7.14,61,69,3.0,81.7,0,0,2,1,0,Female,No,Yes,NotPlaced,CE
9288,60.9,64.0,67.2,6.59,55,47,2.4,54.6,3,0,1,0,4,Female,No,No,NotPlaced,CE
9289,73.8,72.0,85.6,8.2,65,61,3.6,96.2,0,2,0,4,15,Male,No,No,Placed,ECE
9290,67.1,74.0,72.7,7.16,65,73,2.1,89.8,0,0,1,3,0,Male,Yes,Yes,Placed,IT
9291,65.7,84.0,64.0,7.43,67,56,3.7,92.1,0,1,2,0,5,Male,Yes,Yes,NotPlaced,CE
9292,70.4,73.4,63.8,6.83,60,46,2.8,69.2,0,0,0,1,1,Female,No,Yes,NotPlaced,CE
9293,83.6,87.0,65.5,8.38,69,58,3.4,87.3,0,2,0,0,7,Male,Yes,Yes,Placed,IT
9294,79.5,56.8,60.1,6.88,78,76,2.8,92.0,1,3,3,2,20,Male,No,Yes,Placed,EE
9295,74.3,65.7,57.0,6.42,60,39,2.5,74.5,0,0,0,0,0,Female,No,No,NotPlaced,ECE
9296,76.5,82.2,79.0,8.24,65,58,2.9,84.0,0,1,0,1,11,Male,Yes,No,Placed,ECE
9297,69.9,68.1,72.3,7.45,74,57,2.9,78.3,0,0,0,0,0,Female,No,No,Placed,CE
9298,79.6,72.2,80.2,7.32,81,64,3.8,74.7,2,0,1,2,4,Female,Yes,Yes,Placed,CE
9299,68.1,48.2,70.4,8.13,60,69,3.5,85.0,1,3,0,1,19,Male,Yes,No,Placed,CS
9300,69.2,85.8,67.6,7.51,84,78,1.9,73.1,0,2,0,2,14,Male,No,No,Placed,IT
9301,68.1,49.8,61.4,7.43,62,71,5.0,78.4,1,0,5,1,4,Male,No,Yes,NotPlaced,EE
9302,51.3,65.6,62.7,6.85,48,71,3.2,69.5,0,0,2,2,2,Male,Yes,Yes,Placed,ME
9303,89.3,80.2,87.0,8.65,75,88,3.3,90.8,1,1,1,3,11,Female,Yes,No,Placed,EE
9304,80.3,82.0,86.8,8.56,67,70,3.9,81.1,0,0,0,1,4,Female,Yes,No,Placed,IT
9305,57.7,48.5,55.2,5.06,50,70,3.5,55.5,2,0,2,0,0,Male,No,No,NotPlaced,ME
9306,80.9,79.5,83.6,7.89,70,80,4.5,93.6,0,0,2,6,0,Male,Yes,Yes,Placed,CS
9307,69.3,62.1,56.7,5.69,47,69,2.8,60.8,3,0,1,3,0,Female,No,Yes,NotPlaced,EE
9308,62.6,84.3,76.9,7.57,75,80,4.6,76.7,0,0,5,3,3,Female,Yes,Yes,Placed,ECE
9309,72.6,59.5,65.2,6.61,74,70,3.4,67.2,1,0,4,2,0,Male,Yes,Yes,NotPlaced,ChemE
9310,84.5,64.1,75.2,7.89,66,62,3.0,66.4,1,0,3,3,2,Male,Yes,No,Placed,CS
9311,80.9,67.5,80.5,7.44,72,58,4.3,84.3,0,1,3,2,13,Male,Yes,Yes,Placed,EE
9312,83.9,87.0,74.2,8.03,82,66,3.6,77.3,0,2,1,2,9,Male,Yes,No,Placed,ECE
9313,71.1,62.1,70.5,6.5,79,77,3.6,78.0,0,1,1,1,7,Male,No,No,Placed,ME
9314,76.5,73.9,78.0,9.18,81,81,2.8,86.4,0,3,0,3,20,Female,Yes,No,Placed,CS
9315,59.9,50.5,61.5,5.2,64,62,4.3,73.7,2,0,4,1,2,Female,No,Yes,NotPlaced,CE
9316,73.1,63.3,62.7,7.65,65,59,3.8,90.6,1,2,0,1,8,Male,No,No,NotPlaced,EE
9317,45.8,45.5,52.4,6.28,63,81,3.3,84.4,0,2,1,0,11,Male,No,Yes,Placed,ME
9318,59.6,52.5,48.0,5.0,39,67,2.7,79.6,0,1,1,0,4,Male,Yes,Yes,NotPlaced,ME
9319,72.3,79.6,67.4,7.09,62,63,3.8,89.5,0,1,1,2,9,Female,Yes,Yes,Placed,EE
9320,74.3,66.5,60.0,7.35,76,80,3.7,94.5,0,2,3,1,22,Female,Yes,No,Placed,ME
9321,53.5,45.9,54.5,6.15,57,58,4.6,67.0,1,1,1,3,5,Male,No,No,NotPlaced,CE
9322,64.0,74.1,68.8,7.01,65,80,3.4,76.2,2,2,6,3,8,Female,Yes,Yes,Placed,IT
9323,64.6,81.9,64.0,8.66,68,79,3.6,75.2,0,1,1,4,7,Male,Yes,No,Placed,ECE
9324,64.1,81.9,77.8,7.47,76,64,4.4,80.7,0,3,2,4,26,Female,Yes,Yes,Placed,ECE
9325,75.4,67.5,79.1,6.66,74,68,1.9,83.3,0,1,2,2,9,Female,Yes,Yes,Placed,EE
9326,58.7,78.9,57.0,6.85,64,71,4.4,70.4,1,1,8,1,7,Male,No,No,NotPlaced,IT
9327,62.8,71.1,70.5,6.34,48,75,3.4,72.5,1,0,0,1,5,Male,Yes,Yes,Placed,CE
9328,78.3,92.0,59.8,7.51,67,70,3.0,71.1,2,0,0,2,2,Male,Yes,Yes,NotPlaced,ME
9329,69.7,81.0,71.1,7.67,59,63,2.0,78.4,0,0,4,3,2,Male,Yes,No,NotPlaced,CE
9330,73.0,72.9,64.2,7.53,72,76,3.0,81.5,1,0,3,3,0,Female,No,Yes,Placed,ChemE
9331,49.6,49.0,69.3,6.04,57,64,3.6,80.1,1,1,4,0,10,Male,No,No,NotPlaced,ChemE
9332,64.2,56.7,61.4,6.75,58,66,4.4,79.2,4,0,2,0,0,Female,No,No,NotPlaced,ME
9333,70.2,76.2,76.4,7.89,65,77,3.4,85.5,0,2,8,1,13,Male,No,No,Placed,ECE
9334,75.7,68.1,67.6,8.27,85,78,3.9,78.5,1,1,0,2,4,Female,No,Yes,Placed,ChemE
9335,66.1,60.9,62.3,6.96,62,50,1.8,76.0,4,1,0,1,9,Female,No,Yes,NotPlaced,ChemE
9336,77.5,69.1,68.3,7.32,67,73,4.2,77.9,1,2,3,2,13,Male,No,Yes,NotPlaced,ChemE
9337,65.8,60.4,60.1,6.6,69,58,1.6,65.9,1,0,3,0,4,Male,Yes,Yes,NotPlaced,CE
9338,63.4,71.1,71.6,8.19,75,67,3.5,72.4,2,0,5,1,1,Female,No,No,Placed,ECE
9339,66.5,71.4,66.5,6.87,63,75,2.6,84.0,0,1,0,1,6,Male,Yes,No,Placed,ChemE
9340,59.2,62.3,62.6,6.8,77,64,3.2,78.5,0,1,1,1,8,Male,Yes,Yes,Placed,CE
9341,63.4,57.5,55.1,5.95,66,70,2.9,60.3,3,0,0,0,0,Female,No,No,NotPlaced,CE
9342,79.2,63.6,82.0,7.34,81,84,3.1,91.8,0,1,1,2,5,Female,No,Yes,Placed,CS
9343,74.3,68.0,65.6,7.06,59,32,4.5,83.5,0,0,0,0,1,Female,Yes,Yes,NotPlaced,IT
9344,71.9,72.4,74.3,7.22,58,66,3.1,86.7,0,1,1,2,7,Female,No,Yes,Placed,IT
9345,50.6,52.1,58.6,6.34,57,71,3.5,80.5,0,0,1,1,4,Female,No,Yes,NotPlaced,EE
9346,71.5,68.3,70.7,7.12,60,52,3.5,82.6,5,0,3,2,3,Female,No,No,NotPlaced,CE
9347,70.9,64.7,63.6,7.08,44,58,3.4,74.4,2,2,0,1,8,Female,No,Yes,NotPlaced,ME
9348,67.8,63.1,52.5,6.68,73,73,4.1,82.6,1,1,1,0,6,Female,Yes,Yes,NotPlaced,EE
9349,71.1,64.7,67.1,7.96,62,54,3.7,84.2,1,0,1,0,3,Female,No,Yes,NotPlaced,EE
9350,62.2,78.0,68.0,8.35,79,82,3.6,94.2,0,1,1,1,10,Male,Yes,Yes,Placed,ME
9351,91.8,91.2,87.7,9.64,100,76,4.1,96.7,0,1,3,2,8,Female,Yes,Yes,Placed,EE
9352,67.8,74.0,68.9,7.36,57,77,3.1,76.1,3,0,2,2,5,Male,Yes,No,NotPlaced,ME
9353,60.0,58.3,75.0,6.59,63,66,3.2,78.7,1,1,1,0,7,Female,No,Yes,Placed,EE
9354,79.7,72.7,65.7,7.55,63,69,2.9,82.7,0,4,2,2,18,Male,No,No,Placed,ME
9355,72.7,69.8,72.2,7.65,94,92,3.4,92.9,0,2,2,1,18,Female,Yes,No,Placed,ECE
9356,76.7,73.8,72.2,7.11,68,81,3.9,93.8,0,0,1,3,3,Female,No,No,Placed,EE
9357,74.5,70.9,67.9,7.12,87,84,3.1,82.8,2,0,3,2,7,Male,No,No,Placed,ME
9358,61.3,46.3,55.3,7.0,45,51,2.9,92.0,0,3,0,2,14,Male,Yes,Yes,Placed,ME
9359,60.3,72.7,69.9,7.25,70,63,3.5,91.5,0,1,1,4,10,Female,No,No,NotPlaced,CS
9360,70.6,88.8,68.1,8.2,72,59,2.7,71.8,1,0,2,1,0,Male,No,Yes,Placed,ChemE
9361,79.9,62.9,59.7,7.21,66,44,4.4,80.9,1,0,2,0,4,Female,Yes,Yes,NotPlaced,CE
9362,93.3,75.0,82.5,8.15,77,92,3.8,85.8,0,1,7,2,5,Female,No,No,Placed,EE
9363,77.0,66.4,64.1,7.3,57,66,3.5,79.5,1,2,1,0,13,Male,Yes,Yes,Placed,ECE
9364,64.6,57.1,55.9,6.24,55,66,3.2,73.9,0,3,2,0,16,Male,Yes,No,Placed,CS
9365,64.7,64.5,68.4,7.78,74,63,3.3,65.1,1,1,0,1,5,Female,Yes,Yes,NotPlaced,ME
9366,72.9,78.0,68.0,7.81,68,50,3.2,78.7,3,0,2,2,0,Female,Yes,No,NotPlaced,CE
9367,62.5,48.5,57.1,7.44,65,49,1.9,75.6,0,1,1,1,7,Female,No,No,NotPlaced,ChemE
9368,80.9,82.5,73.3,8.48,75,71,3.3,74.2,2,0,0,2,3,Female,No,Yes,NotPlaced,CE
9369,62.1,81.1,69.4,7.82,61,53,3.7,76.7,1,0,0,0,6,Male,No,No,NotPlaced,ECE
9370,59.5,58.6,55.4,5.09,53,74,3.0,71.0,1,1,0,1,7,Female,No,No,NotPlaced,EE
9371,50.3,76.1,68.9,6.57,64,75,4.5,72.4,2,2,0,2,17,Female,No,Yes,NotPlaced,EE
9372,80.6,67.2,66.3,7.92,78,81,2.6,78.7,0,2,0,3,11,Male,Yes,No,Placed,ChemE
9373,69.0,71.3,66.9,6.47,64,49,3.7,69.0,2,1,0,0,9,Male,No,Yes,NotPlaced,ChemE
9374,91.3,75.3,68.6,7.86,68,71,2.0,86.2,0,2,3,4,10,Female,No,No,Placed,IT
9375,71.6,82.9,78.6,8.15,64,67,4.0,92.0,0,0,1,2,0,Female,No,No,NotPlaced,CE
9376,64.7,74.8,64.8,7.18,76,90,4.4,84.8,0,0,1,2,0,Male,Yes,No,Placed,ECE
9377,70.2,69.5,67.4,7.47,68,60,3.4,81.5,2,1,1,0,6,Male,Yes,No,Placed,IT
9378,80.9,73.2,72.0,8.33,77,41,4.2,88.0,0,0,1,4,0,Male,Yes,No,Placed,CS
9379,75.2,93.0,71.4,7.73,73,83,4.1,89.5,0,1,1,2,6,Male,Yes,Yes,Placed,IT
9380,62.0,54.3,74.6,7.0,66,73,4.6,82.0,1,1,1,0,12,Male,Yes,Yes,Placed,ME
9381,67.0,58.7,58.4,7.29,77,74,3.4,72.2,0,1,2,3,3,Female,Yes,No,NotPlaced,IT
9382,62.1,48.0,63.3,6.53,62,63,3.7,62.2,2,0,0,0,3,Female,No,Yes,NotPlaced,EE
9383,63.0,69.2,67.5,7.35,72,77,3.2,89.8,0,0,2,0,0,Male,No,Yes,Placed,CE
9384,45.0,56.2,52.2,5.38,35,50,2.6,81.6,2,0,0,0,1,Male,Yes,No,NotPlaced,EE
9385,99.0,84.9,91.6,9.43,88,70,3.9,77.0,0,0,1,2,3,Male,No,Yes,Placed,CE
9386,84.7,72.5,75.1,8.22,87,74,3.8,79.7,0,0,1,0,4,Female,Yes,No,Placed,ME
9387,91.4,76.1,80.9,8.6,93,99,3.9,94.8,0,2,1,4,11,Female,No,No,Placed,IT
9388,70.7,73.1,64.5,7.67,71,84,2.7,68.2,0,1,2,0,8,Female,No,No,NotPlaced,ME
9389,65.9,54.0,60.0,6.12,38,48,3.0,73.9,1,0,0,0,2,Female,No,Yes,NotPlaced,CE
9390,61.3,70.1,54.4,6.14,64,75,2.3,68.3,0,1,1,1,5,Female,No,Yes,Placed,CE
9391,73.0,65.2,70.3,7.12,76,51,3.0,83.9,0,0,0,0,0,Female,No,Yes,NotPlaced,ECE
9392,86.3,85.6,74.7,9.12,83,73,5.0,92.6,0,1,1,2,7,Female,Yes,Yes,Placed,ME
9393,69.2,81.1,74.8,7.51,83,80,4.3,87.9,0,1,5,2,6,Male,Yes,No,NotPlaced,EE
9394,79.2,82.5,84.2,9.26,74,74,3.7,81.8,0,2,2,6,14,Male,Yes,Yes,Placed,CE
9395,77.5,80.9,73.3,8.49,77,86,2.6,92.4,0,4,0,4,25,Male,Yes,No,Placed,ECE
9396,72.4,75.6,77.9,8.97,74,73,3.2,86.2,0,2,4,1,13,Female,Yes,No,Placed,ME
9397,58.9,63.8,65.0,5.97,66,60,3.6,79.8,0,0,0,2,2,Male,No,Yes,NotPlaced,ChemE
9398,52.6,57.7,58.6,6.16,66,58,2.3,79.2,0,2,1,1,15,Female,No,Yes,NotPlaced,ME
9399,82.0,70.8,67.8,7.52,80,66,2.8,98.2,0,2,0,2,11,Male,No,No,NotPlaced,CE
9400,74.6,63.0,61.4,5.92,60,70,1.5,85.1,1,0,4,2,0,Male,Yes,Yes,NotPlaced,ChemE
9401,60.1,76.7,69.9,6.67,67,81,4.6,74.3,0,0,2,2,1,Female,Yes,No,Placed,ME
9402,86.1,71.6,86.9,8.7,63,78,2.9,79.9,0,1,2,0,12,Male,Yes,Yes,NotPlaced,EE
9403,84.1,76.3,78.0,8.55,80,65,4.3,84.7,0,0,1,1,2,Male,Yes,No,Placed,ME
9404,80.0,81.0,80.7,7.56,71,100,3.5,83.9,0,3,2,3,12,Female,Yes,Yes,Placed,CS
9405,58.5,75.3,62.2,7.11,56,74,3.5,85.9,0,0,0,2,0,Female,Yes,No,NotPlaced,CE
9406,63.8,72.0,58.7,7.53,75,88,2.9,75.5,1,0,0,3,1,Male,Yes,No,Placed,ChemE
9407,75.0,69.1,66.7,6.5,72,75,3.9,83.3,1,1,3,1,7,Male,Yes,No,Placed,CS
9408,65.8,80.8,68.7,6.92,62,66,4.6,69.7,1,0,1,1,1,Male,Yes,No,NotPlaced,IT
9409,80.8,71.0,84.3,8.91,100,100,3.5,88.0,0,4,5,3,13,Male,Yes,No,Placed,CS
9410,78.6,89.3,81.9,7.97,83,84,4.0,88.4,0,3,0,4,14,Male,Yes,Yes,Placed,CS
9411,45.0,48.5,51.7,5.5,64,64,4.1,79.7,1,1,2,0,7,Male,Yes,No,NotPlaced,ECE
9412,61.0,60.5,61.0,6.61,61,48,3.2,77.2,0,3,1,0,15,Male,No,Yes,NotPlaced,ChemE
9413,89.0,91.4,91.5,8.52,61,77,3.4,100.0,1,2,1,1,15,Male,Yes,Yes,Placed,ME
9414,69.3,65.7,63.3,7.03,81,75,3.1,93.7,0,2,0,1,11,Female,Yes,No,Placed,ME
9415,71.0,61.9,58.0,6.79,64,47,3.2,74.4,4,0,0,0,2,Male,Yes,No,NotPlaced,ME
9416,65.4,63.2,64.3,6.71,72,65,4.5,77.6,0,1,0,0,12,Female,No,Yes,Placed,ME
9417,76.4,73.8,58.3,6.01,56,52,2.4,62.5,2,0,0,0,0,Female,Yes,No,NotPlaced,ChemE
9418,73.6,81.2,74.1,8.64,82,72,3.8,73.2,0,0,2,1,4,Female,No,Yes,Placed,CE
9419,64.7,65.6,55.2,6.83,60,42,3.6,81.0,0,0,1,0,0,Male,No,No,NotPlaced,EE
9420,69.9,82.3,62.2,7.51,73,61,2.9,81.4,0,2,2,2,11,Male,Yes,No,Placed,CS
9421,75.4,68.2,74.6,7.6,72,57,3.1,80.1,1,0,2,0,3,Male,Yes,No,Placed,ChemE
9422,64.0,61.2,66.2,6.69,65,48,3.0,78.8,2,0,0,0,5,Male,Yes,Yes,NotPlaced,ME
9423,80.5,87.5,80.3,8.44,84,56,3.2,70.6,0,0,6,4,0,Male,Yes,Yes,Placed,ME
9424,81.2,99.0,82.5,8.4,74,93,4.3,93.5,0,3,2,3,24,Male,Yes,Yes,Placed,ECE
9425,72.2,74.1,69.9,7.92,70,59,3.1,92.0,0,0,0,2,5,Female,Yes,Yes,Placed,ME
9426,51.2,68.3,57.1,6.51,62,63,3.5,83.0,1,0,0,1,2,Male,No,Yes,NotPlaced,CS
9427,81.7,61.5,69.6,8.79,72,70,2.4,80.0,0,3,3,6,16,Female,Yes,Yes,Placed,IT
9428,68.1,84.1,68.9,8.03,79,63,4.2,94.4,2,2,0,2,16,Female,Yes,Yes,Placed,CE
9429,80.6,74.6,74.4,8.79,90,59,4.0,78.4,0,1,0,2,5,Male,Yes,Yes,Placed,ChemE
9430,58.2,59.1,63.6,6.31,67,73,3.6,97.1,1,0,2,1,0,Female,Yes,Yes,Placed,EE
9431,79.6,75.1,68.6,8.22,71,68,3.7,83.1,0,0,1,3,0,Female,No,Yes,NotPlaced,ME
9432,74.0,71.2,75.3,7.81,75,62,4.2,89.7,0,1,3,1,3,Female,No,Yes,Placed,CS
9433,53.8,54.2,61.0,7.63,60,88,3.0,70.7,0,3,2,2,21,Male,Yes,No,Placed,CS
9434,67.5,52.9,65.0,6.42,49,52,3.6,76.8,1,0,2,0,4,Male,Yes,No,NotPlaced,CE
9435,63.7,67.7,68.2,6.29,60,66,4.1,76.7,1,2,3,1,18,Male,No,No,Placed,EE
9436,83.9,95.1,79.0,9.32,88,69,2.3,78.7,0,1,2,3,6,Male,No,No,Placed,IT
9437,77.7,80.8,75.5,7.59,52,31,4.2,83.9,1,0,0,1,4,Male,No,Yes,NotPlaced,IT
9438,54.5,61.9,57.6,6.16,53,46,4.1,72.9,1,0,0,1,7,Male,No,No,NotPlaced,ChemE
9439,65.5,64.5,63.1,7.59,55,36,2.8,88.5,1,0,2,0,1,Male,Yes,No,NotPlaced,ChemE
9440,70.1,80.4,64.8,7.78,69,56,3.9,83.8,1,2,5,1,8,Female,No,Yes,Placed,CS
9441,86.3,88.2,72.3,8.65,99,79,4.5,95.1,0,4,1,2,29,Male,Yes,Yes,Placed,ECE
9442,86.6,86.1,80.2,8.16,90,86,3.6,91.8,0,1,3,3,8,Male,Yes,No,Placed,CS
9443,59.7,58.0,60.2,5.99,77,76,2.4,80.3,3,0,3,0,0,Male,No,Yes,NotPlaced,ME
9444,73.8,83.5,85.4,8.41,77,85,2.9,84.8,0,1,4,1,6,Female,Yes,No,Placed,ME
9445,79.6,80.3,68.1,7.19,65,76,2.8,84.5,0,2,4,1,15,Male,No,No,Placed,CS
9446,65.6,45.1,56.2,5.68,69,74,3.1,83.5,1,2,1,3,14,Female,Yes,No,Placed,ECE
9447,77.0,81.6,84.5,8.57,77,55,3.5,92.5,0,0,3,0,4,Female,Yes,Yes,Placed,ME
9448,70.2,70.0,64.0,7.01,75,75,3.4,76.1,0,0,4,0,0,Female,Yes,Yes,NotPlaced,ME
9449,72.4,50.6,57.2,6.91,89,96,3.0,77.3,1,1,1,4,13,Male,No,Yes,NotPlaced,ECE
9450,99.0,92.3,87.1,8.62,82,53,4.3,76.8,0,3,1,2,10,Male,Yes,No,Placed,EE
9451,57.6,59.8,52.8,6.03,50,36,2.7,68.1,1,0,0,0,0,Female,Yes,Yes,NotPlaced,ME
9452,68.7,50.8,66.9,6.52,63,57,2.9,79.3,0,2,1,1,11,Male,Yes,No,Placed,EE
9453,79.9,76.5,83.4,8.36,86,78,3.9,91.0,0,0,1,2,2,Male,Yes,Yes,Placed,ECE
9454,64.9,60.0,67.5,6.53,62,49,3.8,78.8,2,1,0,5,6,Male,Yes,No,NotPlaced,CE
9455,66.5,50.7,60.3,6.0,64,68,3.0,70.3,4,0,2,0,4,Female,Yes,No,NotPlaced,ECE
9456,73.3,72.4,71.0,7.28,82,77,3.2,71.9,0,0,0,0,2,Male,Yes,Yes,Placed,ME
9457,68.5,54.5,50.2,6.3,46,61,3.5,74.0,0,3,2,0,26,Male,Yes,Yes,Placed,ME
9458,56.0,69.7,65.7,6.64,74,59,3.3,74.2,0,1,0,1,6,Male,Yes,No,Placed,EE
9459,76.8,79.8,69.1,7.5,64,51,3.0,85.2,2,0,1,1,0,Female,Yes,Yes,NotPlaced,CE
9460,82.9,78.6,73.7,9.12,88,68,3.4,77.8,1,2,2,1,7,Male,Yes,No,Placed,ChemE
9461,77.0,61.7,76.6,7.37,53,42,4.1,71.6,1,0,0,0,4,Male,Yes,No,NotPlaced,CS
9462,91.4,95.2,91.9,9.41,80,69,4.0,86.2,0,1,3,0,4,Male,Yes,No,Placed,CS
9463,72.7,72.4,65.6,6.83,66,59,4.0,89.9,1,0,3,1,1,Male,Yes,Yes,NotPlaced,EE
9464,74.2,52.1,70.4,8.0,76,83,3.4,89.5,0,1,1,2,7,Male,Yes,Yes,Placed,ECE
9465,60.1,75.9,68.4,6.97,72,53,3.6,87.0,0,0,4,2,7,Male,Yes,No,NotPlaced,ME
9466,75.4,72.7,72.9,7.2,83,76,2.8,75.7,3,0,6,2,0,Male,No,Yes,Placed,CE
9467,79.7,79.2,75.4,7.76,94,88,3.2,87.3,0,1,6,3,4,Female,No,Yes,Placed,ECE
9468,64.6,45.0,48.0,6.12,47,44,2.9,60.3,1,0,2,0,6,Female,No,Yes,NotPlaced,CE
9469,57.6,68.4,49.9,5.72,50,66,2.4,74.1,2,1,1,1,12,Male,Yes,No,NotPlaced,ChemE
9470,69.0,68.1,68.9,6.56,65,57,3.3,73.1,3,0,0,0,7,Female,No,Yes,NotPlaced,EE
9471,68.5,70.1,56.3,7.37,52,59,3.0,79.9,1,1,1,0,8,Female,No,No,NotPlaced,IT
9472,74.6,57.6,70.2,7.88,65,55,2.9,83.9,3,0,1,0,0,Female,No,No,NotPlaced,ChemE
9473,72.5,67.0,64.4,6.33,59,56,3.7,81.8,1,0,3,0,8,Female,Yes,Yes,Placed,ChemE
9474,46.6,54.2,48.0,5.93,51,76,3.0,77.5,0,0,0,0,1,Male,No,Yes,NotPlaced,CE
9475,78.8,70.5,75.2,6.87,51,87,3.5,70.5,0,0,2,1,0,Male,Yes,Yes,Placed,ECE
9476,72.5,61.6,70.3,7.18,67,45,4.7,69.5,2,0,1,2,6,Female,No,No,NotPlaced,IT
9477,75.5,68.1,66.8,6.74,74,59,3.7,84.8,1,0,5,0,3,Female,No,No,NotPlaced,CE
9478,76.5,55.4,56.2,6.51,54,57,3.8,77.7,0,0,3,0,3,Male,No,Yes,Placed,ChemE
9479,49.5,56.8,68.2,6.67,73,93,4.8,91.8,1,1,3,3,9,Female,No,Yes,Placed,EE
9480,89.3,88.3,71.5,7.73,84,87,3.7,67.6,3,0,2,0,0,Male,No,No,NotPlaced,CE
9481,60.3,58.9,51.3,6.08,62,79,4.2,80.8,0,1,4,2,7,Female,No,Yes,NotPlaced,CS
9482,52.0,54.4,55.1,5.56,60,64,3.3,77.0,1,0,0,0,4,Male,Yes,No,NotPlaced,ECE
9483,58.9,49.8,53.3,6.46,63,51,3.8,85.3,2,3,1,3,24,Male,No,Yes,NotPlaced,ECE
9484,58.2,62.8,73.0,6.79,59,68,4.4,68.6,4,0,2,1,3,Female,Yes,Yes,NotPlaced,ECE
9485,65.2,57.3,52.6,6.89,63,56,4.6,68.9,1,0,2,2,0,Female,No,Yes,Placed,EE
9486,60.5,57.9,68.9,6.24,63,59,3.1,68.9,1,0,0,1,0,Male,Yes,Yes,NotPlaced,ECE
9487,86.6,84.8,83.4,8.47,83,76,4.1,84.5,0,0,0,2,5,Female,Yes,Yes,Placed,EE
9488,88.6,90.8,84.7,9.08,66,68,2.8,90.9,1,2,2,2,12,Male,Yes,No,Placed,CE
9489,54.9,45.0,48.0,5.2,54,69,3.7,75.1,1,0,0,2,0,Male,No,Yes,NotPlaced,CE
9490,45.0,58.4,56.4,5.82,59,58,3.2,79.6,0,0,2,0,1,Male,Yes,No,NotPlaced,CS
9491,58.0,50.5,71.4,7.09,54,58,1.9,82.0,0,1,1,0,8,Male,Yes,Yes,NotPlaced,CE
9492,78.7,80.5,68.8,8.59,59,47,2.4,84.7,0,1,0,0,9,Male,No,No,Placed,EE
9493,73.1,77.7,75.9,6.66,82,67,4.1,86.4,0,0,1,0,0,Male,Yes,Yes,Placed,ME
9494,78.3,60.3,70.7,7.13,68,63,4.2,64.7,1,1,1,2,5,Male,No,Yes,Placed,IT
9495,45.0,62.4,71.2,6.84,41,45,2.9,85.1,1,0,0,0,0,Female,No,Yes,NotPlaced,IT
9496,62.9,67.2,67.4,7.06,62,53,4.2,88.2,0,1,0,2,9,Female,Yes,No,Placed,CS
9497,91.5,99.0,83.7,8.8,79,95,4.1,85.4,0,3,3,2,17,Male,Yes,Yes,Placed,IT
9498,64.4,85.0,67.0,6.17,64,76,4.5,72.3,2,2,1,3,18,Male,Yes,Yes,NotPlaced,CS
9499,69.8,73.9,63.8,7.31,67,55,3.8,83.6,1,2,3,0,8,Female,No,Yes,Placed,ECE
9500,62.4,67.1,67.0,7.46,85,99,4.2,87.3,1,0,2,1,0,Male,Yes,No,Placed,ME
9501,74.1,65.7,63.2,6.42,62,65,3.9,80.9,0,2,1,2,12,Female,No,Yes,NotPlaced,ECE
9502,47.9,56.6,48.0,5.72,58,42,3.5,67.7,4,0,3,0,3,Female,No,No,NotPlaced,CS
9503,76.1,52.3,61.5,6.82,70,68,4.7,87.6,0,1,4,3,7,Female,No,Yes,Placed,ECE
9504,86.2,57.0,83.0,7.39,51,44,3.0,89.6,3,1,3,0,5,Male,Yes,Yes,NotPlaced,CE
9505,93.3,73.4,90.4,9.44,92,93,4.3,79.7,0,0,2,0,0,Male,Yes,Yes,Placed,CS
9506,82.0,87.2,66.5,8.66,80,78,4.4,89.4,0,1,2,1,7,Male,Yes,Yes,Placed,ME
9507,83.9,93.3,85.3,9.07,82,68,4.7,94.5,0,1,0,2,5,Male,No,Yes,Placed,CS
9508,71.7,77.6,66.7,7.74,88,87,1.8,83.4,1,4,1,2,23,Female,Yes,Yes,Placed,IT
9509,78.3,70.0,66.2,6.26,68,68,3.5,78.7,1,0,1,0,0,Male,Yes,Yes,NotPlaced,ECE
9510,65.3,63.0,64.6,6.5,57,71,2.4,72.0,0,1,0,1,5,Male,No,No,NotPlaced,IT
9511,72.2,59.6,68.5,6.11,66,67,2.5,72.9,0,0,2,0,0,Male,No,No,NotPlaced,ChemE
9512,68.6,65.4,57.1,6.52,72,61,4.1,83.0,0,2,1,5,12,Female,No,Yes,NotPlaced,ChemE
9513,64.2,78.5,58.9,6.25,62,58,5.0,67.8,0,0,0,0,3,Male,No,No,NotPlaced,ME
9514,69.5,72.5,67.0,7.71,55,49,3.2,89.8,0,0,1,1,4,Male,Yes,No,Placed,ME
9515,74.4,62.3,59.1,6.45,69,82,4.9,79.4,1,0,0,3,4,Female,No,Yes,Placed,CS
9516,70.7,71.5,66.8,7.6,69,80,3.1,94.0,0,0,1,0,0,Male,Yes,No,NotPlaced,ME
9517,61.7,73.7,67.6,6.31,70,84,3.1,82.1,0,1,6,4,6,Male,Yes,Yes,Placed,CS
9518,52.5,52.3,57.0,6.14,45,50,3.3,69.9,2,1,1,0,7,Male,No,No,NotPlaced,EE
9519,83.4,76.2,76.8,7.74,77,54,3.4,80.7,0,0,4,1,0,Male,Yes,No,Placed,ECE
9520,76.7,75.4,78.1,8.01,78,74,4.5,83.9,0,2,6,1,8,Male,No,Yes,Placed,CS
9521,86.5,87.5,71.4,8.24,84,57,3.1,80.5,0,2,1,2,15,Female,No,Yes,Placed,IT
9522,84.4,56.9,52.2,6.85,73,55,3.3,76.3,1,0,1,1,0,Male,No,Yes,Placed,EE
9523,53.6,51.0,51.8,5.0,47,50,3.0,66.2,3,0,2,0,3,Male,Yes,No,NotPlaced,IT
9524,79.1,51.6,58.5,7.37,58,82,4.0,68.7,0,1,1,0,5,Female,No,Yes,NotPlaced,EE
9525,60.1,60.6,69.2,6.69,59,75,4.4,79.1,0,1,3,1,13,Female,No,No,NotPlaced,ECE
9526,63.1,54.4,52.6,5.92,52,43,3.3,74.8,0,0,0,0,0,Male,No,No,NotPlaced,CS
9527,73.4,75.7,61.3,5.95,59,41,3.6,67.0,0,1,0,0,13,Female,No,No,NotPlaced,ChemE
9528,81.0,76.5,72.0,7.41,64,61,3.9,78.3,6,0,0,3,3,Female,Yes,No,NotPlaced,ChemE
9529,88.9,75.2,81.6,8.64,70,67,4.0,84.7,0,0,1,0,6,Male,No,No,Placed,CS
9530,72.6,66.3,66.7,7.04,79,85,2.8,71.7,0,3,2,1,16,Male,No,No,Placed,CE
9531,73.9,59.6,64.4,6.66,86,98,3.9,87.3,0,0,4,3,4,Female,No,Yes,Placed,EE
9532,69.0,65.9,73.5,7.75,74,70,3.5,70.7,1,1,1,2,7,Female,Yes,Yes,Placed,ECE
9533,85.2,84.4,72.3,7.41,77,80,4.7,79.4,1,0,2,2,0,Female,No,No,NotPlaced,IT
9534,55.3,53.4,59.7,5.98,54,49,3.2,77.2,0,0,1,0,2,Male,Yes,No,Placed,IT
9535,72.6,74.4,56.0,6.67,70,97,4.1,80.8,0,1,4,2,13,Female,Yes,No,Placed,CS
9536,77.1,68.0,67.0,7.63,65,76,3.8,81.1,0,0,4,3,0,Male,Yes,Yes,Placed,ECE
9537,68.9,57.6,50.0,6.24,54,36,3.6,75.6,2,1,0,1,7,Female,No,No,NotPlaced,ME
9538,82.8,66.0,64.3,6.56,81,64,3.7,84.9,0,0,6,1,4,Male,Yes,Yes,Placed,EE
9539,72.1,71.3,61.4,6.12,68,77,4.5,68.3,1,2,1,4,14,Male,No,Yes,Placed,CS
9540,65.4,66.6,67.1,8.76,77,70,4.0,92.7,0,2,3,1,10,Male,Yes,Yes,NotPlaced,CE
9541,83.4,81.7,74.9,7.95,72,71,3.9,77.9,0,0,3,6,4,Female,No,Yes,Placed,ECE
9542,56.9,68.4,65.0,7.49,66,58,3.5,82.5,0,1,1,0,10,Female,No,Yes,Placed,CE
9543,70.4,72.2,65.4,6.59,41,40,2.7,87.3,1,0,0,0,2,Male,Yes,No,NotPlaced,ME
9544,63.6,62.6,67.2,6.52,72,68,2.2,75.5,2,3,3,4,18,Male,No,Yes,Placed,CE
9545,79.4,70.0,74.1,8.13,87,79,3.7,91.8,0,2,2,2,10,Male,No,Yes,Placed,ME
9546,77.4,86.6,85.9,8.22,68,48,3.5,73.8,0,0,2,0,2,Male,No,No,NotPlaced,CE
9547,58.3,50.4,71.3,6.22,55,59,3.2,83.5,2,2,1,0,7,Female,Yes,No,NotPlaced,ECE
9548,82.2,88.2,81.4,8.23,85,74,3.4,81.9,1,0,3,1,5,Male,No,Yes,Placed,IT
9549,88.4,79.3,69.1,7.93,57,33,4.3,83.0,0,1,0,3,8,Female,Yes,No,Placed,ME
9550,77.3,71.3,71.0,8.18,88,100,3.0,83.6,0,0,1,4,2,Female,No,No,NotPlaced,EE
9551,89.3,73.2,76.1,7.14,64,62,2.5,78.7,0,2,1,2,11,Female,Yes,No,Placed,IT
9552,71.5,66.6,68.9,7.56,73,51,3.1,85.1,0,0,1,3,0,Male,Yes,Yes,Placed,ECE
9553,72.9,66.2,62.2,7.25,66,70,4.0,90.9,1,3,1,3,22,Male,Yes,Yes,Placed,IT
9554,81.5,78.3,78.0,7.93,58,70,3.4,94.2,0,1,2,1,11,Female,No,No,NotPlaced,CS
9555,77.5,88.7,75.9,7.7,63,46,3.1,68.4,0,1,0,1,8,Male,No,No,Placed,ME
9556,66.2,55.4,61.4,5.6,47,43,3.3,82.3,1,0,1,2,4,Male,Yes,No,NotPlaced,EE
9557,61.0,56.2,63.4,6.51,73,47,3.4,73.4,1,1,0,2,5,Male,No,Yes,NotPlaced,EE
9558,49.5,66.7,73.7,6.43,56,53,3.5,77.6,0,1,0,2,7,Male,No,No,NotPlaced,ME
9559,56.6,60.0,50.7,5.89,49,65,2.7,85.6,0,2,4,3,19,Male,Yes,No,Placed,CS
9560,68.0,54.8,63.3,7.18,69,61,4.4,69.9,2,0,2,0,7,Female,Yes,Yes,Placed,CE
9561,81.7,62.5,66.6,7.98,44,51,3.7,76.1,2,3,0,3,28,Male,No,Yes,NotPlaced,CS
9562,63.4,86.7,65.4,7.12,78,68,4.0,83.6,0,1,2,3,6,Female,No,Yes,Placed,ChemE
9563,77.1,68.7,74.0,7.52,83,86,4.4,87.4,0,2,4,0,9,Male,Yes,No,Placed,ECE
9564,92.8,86.9,80.7,9.84,86,88,2.8,82.2,1,2,1,1,9,Male,Yes,Yes,Placed,ECE
9565,63.7,58.1,52.4,6.42,67,74,3.5,79.5,2,3,1,0,18,Female,Yes,No,NotPlaced,EE
9566,83.8,69.4,75.9,8.23,78,83,3.4,88.9,1,2,1,7,13,Male,No,No,Placed,ECE
9567,82.1,67.0,68.5,8.45,73,52,3.6,86.9,0,2,3,0,14,Male,Yes,Yes,Placed,ME
9568,72.3,60.9,61.2,7.73,79,74,3.9,82.7,0,1,2,2,6,Female,No,Yes,Placed,EE
9569,81.1,71.2,74.7,7.93,78,78,3.8,84.0,0,1,3,2,5,Male,Yes,Yes,Placed,CS
9570,78.5,73.8,78.6,7.55,75,62,3.2,80.9,0,0,3,1,1,Male,Yes,Yes,Placed,CE
9571,67.2,69.4,72.5,8.21,84,92,2.6,83.1,1,4,4,3,19,Male,Yes,Yes,Placed,ECE
9572,64.2,52.9,66.1,7.05,65,78,4.3,81.9,0,3,4,1,18,Female,Yes,Yes,Placed,ECE
9573,45.0,45.0,48.0,5.0,44,62,2.8,65.4,3,0,2,1,2,Male,Yes,No,NotPlaced,ECE
9574,74.9,86.5,84.1,7.72,66,59,3.0,88.9,0,3,1,2,20,Male,Yes,Yes,Placed,CE
9575,72.8,68.0,76.9,8.39,66,73,4.2,84.0,0,1,2,4,6,Male,Yes,Yes,Placed,CE
9576,71.3,66.3,62.5,7.52,56,64,2.8,91.3,0,1,2,2,3,Female,Yes,Yes,Placed,ME
9577,70.9,82.5,68.8,7.22,72,59,2.6,83.7,0,0,0,4,1,Female,No,No,Placed,IT
9578,75.1,61.1,55.4,7.67,62,65,2.4,70.6,1,0,0,3,0,Female,Yes,Yes,Placed,ECE
9579,72.9,88.4,67.9,7.41,55,70,3.0,60.9,0,0,1,0,7,Male,Yes,Yes,NotPlaced,ECE
9580,50.3,72.5,57.8,6.87,55,52,2.4,91.4,1,0,0,1,1,Male,No,Yes,NotPlaced,ECE
9581,46.8,54.7,50.7,5.5,45,65,2.9,64.8,0,0,1,1,1,Male,No,No,NotPlaced,EE
9582,45.5,58.4,58.0,6.67,62,68,3.0,62.6,3,0,2,0,3,Female,No,No,NotPlaced,IT
9583,78.5,90.0,70.8,8.2,82,55,3.5,73.8,1,1,0,0,10,Female,No,Yes,Placed,CE
9584,64.9,59.4,59.7,8.06,69,44,3.5,81.0,1,0,1,1,3,Female,Yes,Yes,NotPlaced,EE
9585,62.9,55.4,60.0,5.89,57,72,3.9,94.3,1,0,0,2,0,Female,Yes,No,NotPlaced,CE
9586,84.9,90.1,73.4,8.77,80,81,2.6,69.9,1,0,1,1,4,Female,No,Yes,Placed,CE
9587,68.4,63.4,69.9,6.88,58,82,4.5,78.6,0,0,1,0,0,Female,Yes,Yes,Placed,EE
9588,61.9,60.1,66.8,6.71,53,68,2.9,75.6,0,0,5,1,0,Male,Yes,Yes,Placed,IT
9589,76.3,69.4,69.1,7.49,96,89,4.5,97.8,0,1,2,4,6,Male,Yes,Yes,Placed,CS
9590,52.5,45.0,49.8,5.78,57,66,2.8,78.2,1,1,0,0,9,Female,No,Yes,NotPlaced,ME
9591,71.4,89.2,77.3,8.09,92,69,3.1,76.6,0,0,5,0,0,Female,Yes,No,Placed,IT
9592,74.9,65.1,62.4,6.86,52,76,4.0,90.2,0,1,4,2,7,Male,Yes,Yes,Placed,ChemE
9593,87.4,91.9,89.5,8.14,78,63,3.9,87.2,0,1,3,3,5,Female,No,Yes,NotPlaced,CE
9594,81.0,66.8,68.1,6.37,57,72,4.2,80.5,0,1,3,2,7,Male,No,No,Placed,ECE
9595,60.9,64.4,58.2,7.09,47,48,3.2,79.5,2,0,1,1,0,Female,No,No,NotPlaced,ME
9596,48.7,52.2,53.4,6.76,51,66,4.5,83.7,0,0,2,1,8,Female,No,Yes,Placed,ChemE
9597,72.0,82.9,73.7,8.22,92,89,3.0,96.7,0,3,0,6,22,Male,Yes,Yes,Placed,CS
9598,54.3,45.0,49.3,5.17,39,49,2.4,82.6,2,1,2,0,5,Female,No,No,NotPlaced,ChemE
9599,79.2,74.0,79.1,8.6,91,95,4.1,76.8,0,0,3,4,0,Male,No,Yes,Placed,CS
9600,59.3,54.2,57.3,5.0,55,79,2.8,63.2,2,0,4,0,3,Female,No,No,NotPlaced,ECE
9601,82.2,71.6,78.0,8.47,94,100,3.5,82.2,0,0,1,2,0,Male,No,Yes,Placed,CS
9602,63.1,49.9,48.5,5.43,49,26,3.7,75.6,2,0,0,3,1,Male,Yes,No,NotPlaced,CS
9603,70.7,72.3,78.4,7.63,83,78,3.6,86.0,0,1,2,1,3,Female,Yes,No,NotPlaced,CE
9604,64.3,50.7,51.1,5.45,46,32,3.5,77.5,2,1,1,0,15,Male,Yes,No,NotPlaced,ChemE
9605,85.7,84.2,60.6,7.01,68,39,4.2,72.2,1,0,3,0,4,Female,No,Yes,NotPlaced,ChemE
9606,62.2,69.6,68.6,7.3,69,58,2.4,82.0,0,0,2,2,0,Female,No,No,NotPlaced,CE
9607,71.0,69.4,63.4,7.41,83,45,2.6,73.6,1,1,0,0,8,Male,Yes,Yes,NotPlaced,ECE
9608,56.0,60.7,66.1,6.47,67,43,4.3,73.6,2,0,1,0,0,Female,No,No,NotPlaced,IT
9609,45.0,45.8,48.0,5.0,52,80,4.4,85.8,1,1,2,2,13,Male,Yes,Yes,NotPlaced,EE
9610,64.9,54.2,56.8,6.67,74,59,2.2,84.1,0,0,0,1,0,Male,No,No,NotPlaced,IT
9611,55.9,59.4,50.8,6.9,78,56,3.4,70.9,0,2,0,0,13,Male,Yes,No,Placed,ChemE
9612,79.5,89.1,88.4,8.25,79,74,2.9,75.6,0,2,2,1,10,Male,Yes,Yes,Placed,ChemE
9613,96.0,99.0,79.9,8.37,88,70,4.9,82.7,1,1,2,2,13,Female,Yes,No,Placed,CS
9614,84.4,78.0,76.4,8.63,70,52,4.6,88.4,0,1,0,4,6,Female,No,Yes,Placed,ECE
9615,76.9,72.5,69.0,7.17,57,84,4.7,72.1,1,0,1,0,3,Female,No,No,NotPlaced,CE
9616,66.4,68.9,72.2,7.87,76,73,3.7,88.8,0,2,1,1,14,Male,Yes,No,Placed,CS
9617,66.7,64.5,74.6,7.87,44,80,4.0,86.7,0,0,0,2,3,Male,Yes,No,Placed,ME
9618,82.8,56.2,56.7,7.41,70,69,3.2,79.7,0,0,2,3,2,Male,Yes,Yes,Placed,ECE
9619,76.2,72.9,76.4,8.32,71,47,3.6,86.2,0,0,2,2,4,Male,Yes,Yes,Placed,IT
9620,70.6,65.3,75.3,6.9,72,67,3.1,82.1,1,1,2,1,4,Male,Yes,No,NotPlaced,ChemE
9621,75.2,67.7,65.5,7.98,67,73,3.7,87.3,0,3,0,2,22,Female,Yes,Yes,Placed,CS
9622,69.5,65.1,73.2,7.86,70,72,1.9,82.9,1,0,2,1,1,Female,Yes,No,Placed,EE
9623,81.6,56.7,86.7,8.88,59,53,3.4,80.6,0,0,2,1,5,Male,No,No,Placed,ChemE
9624,59.8,60.2,70.3,7.16,64,86,4.7,81.5,2,0,1,1,3,Female,No,No,Placed,CS
9625,45.0,52.9,60.9,5.34,54,66,4.2,67.1,3,0,0,1,0,Female,No,Yes,NotPlaced,ME
9626,71.8,60.8,69.5,7.74,76,95,3.2,95.9,0,1,5,2,10,Male,Yes,Yes,Placed,IT
9627,57.2,57.1,64.7,6.71,65,58,2.6,65.0,4,2,2,0,12,Male,No,No,NotPlaced,ME
9628,53.2,56.1,52.4,6.39,48,58,2.7,68.6,0,0,1,1,0,Female,No,No,NotPlaced,EE
9629,73.7,58.3,55.5,6.38,61,82,3.9,81.4,1,0,4,2,6,Male,Yes,No,Placed,CS
9630,79.3,72.2,77.3,7.14,62,41,3.4,81.3,1,2,2,0,12,Male,Yes,Yes,Placed,IT
9631,59.1,82.8,67.6,6.55,47,71,3.5,74.8,0,0,4,1,0,Female,No,Yes,NotPlaced,ChemE
9632,88.7,80.9,85.2,7.55,89,97,3.7,76.0,0,2,1,5,19,Female,No,Yes,Placed,CS
9633,48.9,45.6,48.0,5.0,59,83,2.8,79.7,1,3,1,1,20,Male,Yes,Yes,Placed,CE
9634,66.5,63.7,56.5,5.7,69,59,2.8,66.5,1,0,1,0,7,Female,No,Yes,NotPlaced,CE
9635,71.7,63.3,75.6,7.42,67,56,3.6,77.6,2,0,1,1,0,Female,No,Yes,NotPlaced,CE
9636,45.8,48.7,54.6,5.77,39,43,3.4,73.7,0,0,0,1,2,Male,No,Yes,NotPlaced,ChemE
9637,78.2,81.6,71.5,8.21,74,56,4.1,65.8,0,0,0,1,1,Male,Yes,No,NotPlaced,ECE
9638,56.2,73.6,70.6,7.81,66,64,3.3,88.8,1,0,0,1,0,Male,No,Yes,Placed,EE
9639,76.7,66.2,70.9,7.82,61,43,3.5,82.4,0,2,1,1,9,Male,Yes,No,NotPlaced,ME
9640,84.4,84.8,65.3,8.95,76,87,4.9,83.0,0,1,1,3,7,Male,No,Yes,Placed,ECE
9641,69.3,85.0,67.6,8.44,60,48,4.0,89.6,0,3,1,2,23,Male,No,Yes,Placed,ChemE
9642,78.3,62.4,89.8,8.2,83,75,5.0,85.8,0,1,3,1,11,Male,Yes,No,NotPlaced,ME
9643,64.1,72.3,55.9,7.5,71,69,2.0,74.2,2,1,2,1,8,Female,Yes,No,Placed,ME
9644,98.9,88.5,81.6,9.49,95,73,4.5,93.4,0,0,3,5,0,Female,Yes,Yes,Placed,CS
9645,58.3,63.0,51.9,7.78,58,63,3.1,65.7,2,0,4,0,7,Female,Yes,Yes,NotPlaced,CE
9646,75.3,78.6,66.6,7.38,93,87,3.0,84.0,1,0,2,4,5,Female,No,No,Placed,ChemE
9647,73.9,93.4,71.4,8.34,81,70,4.5,100.0,0,1,1,2,6,Female,Yes,Yes,Placed,ME
9648,78.0,76.7,67.3,7.26,77,63,3.7,91.2,0,0,1,3,6,Male,Yes,No,Placed,CS
9649,73.4,70.8,71.1,6.47,54,45,4.1,82.3,1,1,1,0,13,Female,Yes,Yes,Placed,ME
9650,53.5,66.1,70.1,6.89,52,81,4.3,80.0,0,2,2,3,7,Female,Yes,Yes,Placed,ME
9651,73.7,69.5,64.2,6.7,68,58,3.5,59.7,3,0,0,0,1,Female,Yes,No,NotPlaced,CE
9652,63.9,45.0,56.3,5.47,52,55,4.3,59.0,1,0,1,0,2,Male,No,Yes,NotPlaced,ECE
9653,70.0,67.1,63.3,7.3,57,73,3.6,76.5,2,1,0,1,6,Male,Yes,Yes,Placed,ME
9654,77.1,78.7,74.5,8.44,91,56,1.9,74.6,0,0,0,0,3,Female,No,No,NotPlaced,ECE
9655,74.8,74.2,69.9,7.86,71,65,2.9,78.5,0,1,0,4,5,Female,Yes,No,Placed,ECE
9656,69.9,58.8,62.7,8.35,58,52,3.8,86.7,0,2,0,0,15,Male,Yes,Yes,Placed,ME
9657,84.6,59.0,57.2,7.36,58,66,4.3,76.1,3,0,2,2,3,Female,No,Yes,NotPlaced,EE
9658,75.9,77.1,70.0,6.6,63,68,3.7,77.9,1,1,1,4,10,Male,Yes,No,NotPlaced,ChemE
9659,78.5,81.0,70.5,7.04,62,81,4.5,86.7,1,1,2,2,5,Male,No,No,NotPlaced,ChemE
9660,79.9,47.5,53.9,6.2,53,63,3.7,70.8,0,0,3,0,0,Female,No,No,NotPlaced,ChemE
9661,99.0,85.9,91.1,9.96,89,76,3.4,95.3,0,2,1,1,9,Female,No,Yes,Placed,ChemE
9662,63.7,56.0,63.7,6.41,63,54,2.4,72.9,1,0,0,1,0,Male,Yes,No,NotPlaced,CS
9663,54.0,52.2,48.0,5.06,35,43,2.7,69.6,0,0,0,0,3,Male,No,No,NotPlaced,ChemE
9664,82.3,61.6,56.5,6.17,55,74,4.2,85.9,1,0,1,1,2,Female,Yes,Yes,Placed,ME
9665,76.3,86.0,83.2,8.17,68,59,4.3,88.1,0,1,3,0,12,Male,Yes,Yes,Placed,ECE
9666,79.3,68.5,80.2,8.03,83,66,3.8,71.2,0,0,2,0,3,Female,Yes,No,Placed,CE
9667,59.1,66.8,72.1,6.49,67,61,4.0,70.7,1,0,0,1,6,Female,No,Yes,NotPlaced,ChemE
9668,50.0,58.0,62.1,6.87,41,46,3.7,79.4,0,0,1,0,3,Female,No,No,NotPlaced,ChemE
9669,66.8,65.5,61.1,7.41,67,62,4.0,84.4,0,0,1,3,0,Male,No,Yes,NotPlaced,ME
9670,79.1,88.1,75.1,8.77,96,74,2.6,85.8,0,0,4,4,0,Male,Yes,No,Placed,IT
9671,66.7,67.3,67.0,7.64,70,52,4.6,77.2,0,0,4,1,1,Female,No,No,NotPlaced,ME
9672,70.4,62.5,66.6,7.11,60,65,3.0,80.9,1,0,3,3,0,Male,Yes,No,Placed,ME
9673,77.3,86.5,76.2,7.7,79,74,3.9,82.5,0,1,1,2,12,Male,Yes,Yes,Placed,EE
9674,66.3,56.3,51.9,6.54,59,52,3.2,65.5,2,0,2,0,10,Male,No,Yes,NotPlaced,ME
9675,63.6,75.2,50.2,6.39,68,60,2.3,75.4,0,1,0,1,14,Female,Yes,No,NotPlaced,ChemE
9676,76.7,55.0,80.0,7.49,73,75,4.2,86.0,0,1,0,3,4,Male,Yes,Yes,Placed,CS
9677,69.2,69.2,75.5,7.72,86,84,2.9,82.0,0,0,0,2,1,Female,Yes,No,Placed,IT
9678,77.1,51.1,51.9,6.6,59,75,4.0,85.9,0,1,2,1,4,Male,Yes,No,Placed,CE
9679,56.6,49.2,59.3,6.23,48,56,1.6,65.7,1,0,2,1,0,Female,No,No,NotPlaced,ChemE
9680,74.4,60.0,65.6,6.79,66,73,2.4,65.1,0,1,1,1,10,Female,Yes,No,NotPlaced,IT
9681,48.9,61.7,57.2,5.89,54,52,3.0,67.7,1,0,1,0,2,Female,No,Yes,NotPlaced,CE
9682,68.7,65.1,75.1,6.92,69,59,2.8,74.3,0,2,0,1,13,Male,No,No,Placed,ME
9683,86.9,61.0,76.4,7.32,65,59,3.0,75.0,3,1,0,1,6,Female,Yes,No,NotPlaced,EE
9684,73.3,71.2,67.6,6.83,57,60,3.3,75.5,1,1,0,1,7,Female,No,No,NotPlaced,CS
9685,61.2,60.0,67.1,7.45,60,69,4.2,87.0,2,2,3,2,9,Female,No,No,Placed,IT
9686,70.3,89.7,73.5,8.66,87,92,4.0,84.5,0,2,3,2,14,Female,Yes,No,Placed,ECE
9687,71.2,46.0,54.5,6.01,58,71,2.0,85.2,0,1,3,2,7,Male,Yes,Yes,NotPlaced,ME
9688,94.5,91.4,96.0,10.0,95,75,2.9,96.6,0,1,2,0,7,Male,Yes,Yes,Placed,ECE
9689,86.3,99.0,86.3,9.15,85,64,4.7,77.8,0,2,2,0,10,Male,Yes,Yes,Placed,ECE
9690,53.5,53.5,59.5,6.56,67,69,3.6,70.2,0,1,0,2,8,Male,No,No,Placed,CE
9691,72.5,76.4,74.0,8.42,86,82,4.4,86.1,1,0,2,1,0,Male,Yes,No,NotPlaced,CS
9692,74.5,60.5,55.4,6.35,71,68,3.9,84.8,0,2,2,0,12,Male,No,No,Placed,ME
9693,60.6,63.2,64.8,6.01,63,62,2.1,74.6,1,0,0,0,1,Female,No,Yes,NotPlaced,ChemE
9694,67.6,63.5,65.5,6.87,59,73,3.7,80.7,2,0,3,0,1,Male,Yes,Yes,NotPlaced,ME
9695,81.1,78.7,68.9,8.3,70,66,2.9,64.0,1,0,1,2,5,Female,No,No,NotPlaced,EE
9696,78.9,96.4,87.3,9.05,84,75,3.5,81.2,0,0,3,1,5,Male,Yes,No,Placed,ME
9697,73.2,63.2,70.8,7.82,76,93,4.5,97.5,0,0,4,3,3,Male,Yes,No,Placed,ECE
9698,77.3,68.3,79.0,8.63,76,55,3.4,93.0,1,2,0,1,12,Female,No,No,Placed,ME
9699,73.6,67.0,73.2,7.4,63,56,4.8,91.0,0,2,1,0,11,Male,Yes,Yes,Placed,CE
9700,55.8,51.7,64.6,6.17,53,59,3.2,88.3,0,0,3,0,2,Female,Yes,Yes,NotPlaced,EE
9701,56.7,54.7,51.6,5.31,58,59,2.8,81.0,0,1,1,0,7,Female,Yes,Yes,NotPlaced,ME
9702,86.4,79.0,77.4,9.27,94,95,4.7,90.1,0,4,3,6,16,Female,Yes,No,Placed,ECE
9703,59.8,73.1,77.1,7.31,74,61,2.8,89.5,1,1,1,2,9,Female,Yes,No,Placed,ECE
9704,82.5,87.1,79.9,8.44,86,70,2.0,82.4,0,2,2,2,20,Male,Yes,No,Placed,IT
9705,75.2,63.6,81.2,8.4,71,66,3.1,80.1,1,2,1,0,15,Male,No,Yes,Placed,ECE
9706,65.4,58.8,59.4,6.67,50,61,3.4,71.9,2,0,4,0,5,Male,No,Yes,NotPlaced,CS
9707,98.9,81.6,73.5,8.94,74,68,3.0,97.4,0,2,0,2,8,Male,Yes,No,Placed,IT
9708,68.1,65.3,69.7,7.19,70,68,3.1,82.7,1,1,2,2,13,Female,Yes,Yes,Placed,ECE
9709,49.6,45.0,48.0,5.85,51,47,3.0,58.4,1,0,0,0,3,Male,No,Yes,NotPlaced,ChemE
9710,84.1,69.1,67.7,7.64,100,86,4.1,91.4,0,0,5,4,4,Male,Yes,No,Placed,ECE
9711,61.4,65.1,60.0,6.64,58,69,3.6,78.3,1,0,2,2,2,Female,No,No,NotPlaced,ME
9712,94.3,77.6,69.6,8.56,80,69,2.8,88.7,0,0,1,3,0,Female,No,No,Placed,CS
9713,63.7,70.2,64.6,6.85,60,59,3.1,87.0,0,2,0,1,18,Female,No,No,NotPlaced,EE
9714,75.4,69.9,77.1,8.77,81,70,3.6,75.5,1,1,1,0,3,Female,Yes,Yes,NotPlaced,EE
9715,82.8,51.6,68.7,7.22,65,46,4.0,75.3,1,0,0,1,0,Male,No,No,Placed,ME
9716,66.4,45.0,66.4,6.78,62,69,3.9,59.9,0,0,2,1,1,Male,No,No,NotPlaced,IT
9717,92.1,80.0,78.4,8.67,85,81,3.1,89.3,0,2,3,2,8,Male,Yes,Yes,Placed,ECE
9718,68.3,72.2,69.2,7.24,55,41,4.7,84.1,0,0,0,0,4,Female,No,Yes,NotPlaced,CE
9719,78.1,68.0,75.5,8.32,89,72,4.6,75.5,0,2,1,0,15,Male,No,Yes,Placed,CS
9720,47.6,56.8,65.3,6.83,65,75,3.8,81.6,1,1,2,2,6,Female,Yes,Yes,NotPlaced,CE
9721,81.1,86.8,71.2,7.67,46,75,2.7,82.4,1,1,0,1,5,Male,Yes,Yes,NotPlaced,ME
9722,89.8,96.4,83.8,9.15,81,84,4.2,96.6,0,0,3,2,0,Male,Yes,No,Placed,CS
9723,61.0,69.5,59.2,6.49,76,54,3.6,58.3,2,0,2,0,0,Female,No,No,NotPlaced,EE
9724,82.0,78.8,78.2,8.1,62,59,3.8,82.2,0,1,0,1,6,Male,Yes,No,Placed,ME
9725,88.1,92.8,79.3,9.14,89,59,4.8,100.0,1,2,4,4,13,Male,Yes,Yes,Placed,CS
9726,63.8,66.3,65.4,8.15,67,84,2.9,79.0,1,1,4,3,12,Male,No,No,Placed,ECE
9727,78.2,62.5,76.6,7.83,78,75,3.8,81.9,0,0,1,2,1,Male,No,Yes,NotPlaced,ECE
9728,76.7,65.6,72.4,8.35,85,71,4.1,86.1,0,1,0,1,5,Male,Yes,No,Placed,CS
9729,81.9,74.8,70.8,7.88,75,75,3.7,92.6,0,0,3,3,5,Male,Yes,Yes,Placed,CS
9730,67.8,75.0,71.9,7.32,71,57,3.0,72.9,2,2,1,1,15,Male,Yes,Yes,NotPlaced,IT
9731,70.8,71.0,67.4,7.27,79,57,4.1,87.5,0,1,0,0,5,Male,No,Yes,NotPlaced,CE
9732,79.3,87.1,83.0,8.33,85,87,4.6,80.1,0,0,2,3,4,Male,No,Yes,Placed,ECE
9733,51.9,54.4,55.3,5.77,48,34,2.4,77.0,1,0,2,0,3,Male,No,No,NotPlaced,EE
9734,65.7,69.8,70.9,6.55,69,76,4.9,72.3,0,0,1,2,0,Male,No,Yes,Placed,IT
9735,91.7,94.1,85.9,9.18,74,44,4.3,86.7,0,0,0,2,9,Male,Yes,Yes,Placed,EE
9736,63.7,77.6,61.9,6.74,57,59,2.8,94.0,0,0,3,4,5,Male,No,Yes,Placed,ChemE
9737,56.9,65.2,58.7,6.27,64,58,2.5,67.4,0,0,3,2,2,Female,No,No,Placed,ECE
9738,71.2,78.3,70.5,7.64,61,56,3.0,68.7,1,0,1,0,1,Male,No,No,Placed,CS
9739,83.2,81.3,78.9,9.17,85,71,4.3,95.9,0,1,3,2,10,Male,Yes,Yes,Placed,CS
9740,93.3,97.6,82.3,9.92,98,84,4.5,82.0,0,2,2,6,8,Male,No,Yes,Placed,ME
9741,72.3,76.7,68.5,7.58,75,95,2.9,86.6,0,2,2,2,13,Male,Yes,Yes,Placed,CS
9742,68.7,56.3,68.4,7.38,73,46,3.3,93.1,1,1,1,3,11,Male,Yes,No,Placed,ChemE
9743,58.0,79.9,65.5,7.46,59,97,4.4,82.3,0,0,1,2,4,Female,Yes,Yes,Placed,IT
9744,66.5,65.6,74.7,7.87,87,79,2.3,73.3,0,3,0,2,18,Male,Yes,No,Placed,CS
9745,56.3,57.9,59.6,6.31,59,57,3.0,81.1,2,1,2,1,5,Female,Yes,No,NotPlaced,ECE
9746,65.9,68.0,57.2,6.24,55,60,5.0,65.5,2,0,2,0,0,Male,No,Yes,NotPlaced,ChemE
9747,72.3,65.2,73.7,7.78,67,72,3.3,71.3,0,0,1,4,1,Male,Yes,No,Placed,IT
9748,60.8,65.4,66.5,6.36,80,61,3.6,61.1,2,1,3,2,8,Male,Yes,Yes,NotPlaced,IT
9749,61.2,85.7,85.8,8.67,79,95,3.6,85.7,0,2,4,3,14,Male,Yes,Yes,Placed,CE
9750,84.5,73.3,80.1,8.24,84,83,4.5,94.0,0,0,1,3,0,Female,No,Yes,Placed,EE
9751,83.9,74.0,73.9,8.32,72,69,3.0,85.8,0,2,3,3,20,Female,Yes,No,Placed,ECE
9752,60.7,47.2,48.4,5.96,45,29,3.4,76.6,5,0,0,0,3,Female,Yes,Yes,NotPlaced,EE
9753,60.9,73.3,65.4,7.25,72,56,2.7,77.4,1,1,2,1,12,Male,Yes,No,NotPlaced,CS
9754,59.8,61.0,50.0,5.0,51,55,3.6,82.4,1,2,0,1,14,Male,Yes,Yes,NotPlaced,ChemE
9755,74.3,59.2,66.9,6.59,58,45,3.2,83.8,0,0,0,1,4,Female,Yes,No,NotPlaced,CE
9756,70.0,64.0,60.2,6.11,62,61,2.9,84.3,3,0,5,1,6,Male,No,No,NotPlaced,ECE
9757,63.1,60.9,67.4,6.74,64,60,3.1,87.1,0,0,1,0,3,Male,No,Yes,NotPlaced,ME
9758,85.9,86.4,86.8,8.34,91,89,4.0,82.5,0,4,4,2,17,Male,Yes,Yes,Placed,ECE
9759,73.2,70.7,56.0,6.11,68,84,2.9,59.8,1,1,2,0,4,Female,Yes,Yes,Placed,CS
9760,84.8,73.5,72.8,7.07,50,46,2.8,77.5,1,1,0,0,6,Female,Yes,Yes,NotPlaced,ME
9761,65.4,58.6,61.9,6.51,59,64,4.6,71.0,0,3,4,2,15,Male,No,Yes,NotPlaced,ME
9762,68.8,54.0,64.1,6.92,75,70,3.4,83.9,2,2,1,1,12,Male,No,Yes,Placed,ECE
9763,58.7,81.0,75.1,7.86,65,28,4.4,78.9,0,0,0,3,5,Female,No,Yes,NotPlaced,CE
9764,82.1,67.7,74.3,7.19,76,84,3.0,66.8,1,0,5,1,3,Female,Yes,No,Placed,IT
9765,76.1,62.2,70.7,7.07,64,51,2.2,87.9,1,1,1,1,8,Male,No,No,Placed,ME
9766,76.9,75.0,67.4,7.8,53,74,3.6,77.2,0,0,1,0,1,Female,Yes,No,Placed,IT
9767,62.8,69.4,65.7,6.84,70,55,2.5,85.7,0,2,0,1,7,Female,No,Yes,NotPlaced,CE
9768,65.6,59.5,61.9,6.62,84,62,3.8,70.1,2,1,2,1,5,Male,No,No,Placed,EE
9769,92.5,73.0,81.1,8.7,85,81,2.2,76.1,0,0,3,2,4,Male,Yes,No,Placed,ME
9770,75.5,81.8,79.2,7.1,63,37,1.6,66.6,1,0,1,1,8,Female,No,Yes,NotPlaced,ECE
9771,79.8,62.8,55.6,6.54,49,45,3.1,62.4,1,1,0,0,5,Male,Yes,No,NotPlaced,ME
9772,69.8,69.0,60.4,7.52,57,73,3.8,78.8,0,3,1,1,20,Female,Yes,No,NotPlaced,ECE
9773,50.6,51.2,50.5,5.99,46,48,3.4,84.0,0,1,1,0,4,Female,No,No,NotPlaced,ECE
9774,62.8,56.7,61.4,6.57,67,51,2.9,81.5,2,0,2,0,4,Female,No,No,NotPlaced,EE
9775,83.6,84.0,83.1,8.54,94,89,3.5,91.8,0,0,1,3,4,Male,No,Yes,Placed,ECE
9776,67.4,45.9,51.8,6.04,49,56,3.7,80.6,0,0,2,2,6,Male,No,No,NotPlaced,CS
9777,78.4,65.0,56.5,7.33,58,47,2.1,81.8,1,0,0,2,2,Female,Yes,No,Placed,EE
9778,81.7,61.4,62.2,7.04,62,66,3.9,81.9,1,0,2,1,2,Male,No,Yes,Placed,EE
9779,70.6,70.4,66.7,7.48,66,49,3.7,78.3,1,1,2,1,8,Male,Yes,Yes,Placed,CS
9780,87.2,83.1,80.9,8.58,77,53,2.5,89.8,0,0,2,2,6,Female,No,No,Placed,IT
9781,85.5,75.2,70.4,7.62,61,36,4.3,81.2,0,0,0,1,3,Male,Yes,Yes,NotPlaced,IT
9782,73.2,54.2,63.5,6.31,47,64,1.8,67.8,0,0,0,0,0,Female,No,Yes,NotPlaced,ECE
9783,46.3,45.0,52.5,5.31,67,62,1.8,70.9,2,1,1,0,9,Male,Yes,No,NotPlaced,ChemE
9784,82.6,65.0,79.1,8.07,78,70,3.0,93.4,0,1,1,5,4,Male,Yes,Yes,NotPlaced,ME
9785,74.5,83.8,85.8,8.64,79,83,3.9,87.5,1,2,2,2,18,Female,Yes,Yes,Placed,ECE
9786,59.4,62.1,67.4,7.13,54,58,3.2,68.3,0,2,0,2,14,Female,No,No,NotPlaced,ChemE
9787,56.2,52.2,67.4,6.43,63,66,3.0,93.9,0,1,3,2,9,Male,Yes,Yes,Placed,ECE
9788,65.4,79.1,62.1,7.49,81,83,4.5,84.9,0,0,2,3,0,Female,Yes,Yes,Placed,CS
9789,59.0,74.1,70.9,7.52,78,64,3.1,85.3,0,1,0,1,7,Female,No,Yes,Placed,CS
9790,66.8,65.5,74.2,7.65,60,38,4.0,78.3,0,0,0,0,4,Male,Yes,Yes,NotPlaced,ECE
9791,60.0,66.3,70.2,6.56,61,71,4.4,84.5,2,2,2,3,10,Female,Yes,Yes,Placed,ECE
9792,89.5,85.5,85.1,9.56,68,67,4.9,85.7,0,1,1,1,11,Female,Yes,Yes,Placed,EE
9793,73.1,73.0,75.7,6.93,62,70,3.7,83.4,1,2,1,4,17,Female,Yes,Yes,Placed,ME
9794,57.4,68.6,66.7,6.78,64,42,2.8,88.0,0,0,1,4,8,Female,Yes,Yes,Placed,ChemE
9795,99.0,84.5,78.5,7.82,74,62,3.7,79.6,0,1,1,2,4,Male,Yes,Yes,Placed,CE
9796,64.7,77.7,68.4,6.72,66,92,2.7,67.2,3,1,3,1,13,Male,No,Yes,NotPlaced,IT
9797,63.5,73.7,68.6,7.43,67,84,3.0,80.9,1,1,1,1,8,Male,No,No,Placed,CS
9798,62.7,59.5,57.4,6.61,55,64,2.0,81.2,2,0,0,2,0,Male,Yes,No,NotPlaced,ME
9799,75.3,85.3,64.6,7.57,72,58,4.2,84.5,0,4,0,0,23,Female,Yes,Yes,Placed,EE
9800,63.0,62.4,68.2,7.97,74,58,3.8,81.8,0,0,1,1,4,Male,Yes,No,Placed,ME
9801,71.6,58.9,58.8,7.44,90,65,4.6,91.1,0,0,1,1,0,Male,Yes,Yes,Placed,CS
9802,63.5,71.5,68.0,6.81,55,51,2.5,85.4,0,0,0,1,0,Female,Yes,Yes,NotPlaced,CE
9803,64.0,53.9,48.0,6.58,50,62,3.7,95.5,0,1,1,4,7,Female,Yes,Yes,Placed,ECE
9804,85.0,65.9,61.8,7.71,84,79,3.3,92.1,0,1,1,1,10,Female,Yes,No,Placed,IT
9805,75.2,84.5,71.6,7.67,72,68,4.4,69.6,0,0,0,1,5,Male,Yes,Yes,NotPlaced,ME
9806,78.9,58.8,71.7,7.14,74,55,4.0,71.6,2,0,2,2,6,Female,Yes,Yes,Placed,CS
9807,72.1,76.7,71.8,7.5,63,61,3.3,86.0,0,0,1,2,5,Female,Yes,No,NotPlaced,EE
9808,90.3,77.1,90.7,8.53,70,52,3.6,79.8,0,0,0,0,0,Male,Yes,Yes,Placed,IT
9809,76.7,84.6,84.6,9.23,91,77,4.2,86.3,1,2,3,4,18,Male,Yes,Yes,Placed,CS
9810,67.2,85.9,83.2,7.58,60,58,3.5,67.2,0,0,2,2,2,Male,Yes,No,NotPlaced,CE
9811,64.3,56.8,64.2,6.78,75,65,2.3,88.3,1,0,1,0,4,Female,No,No,NotPlaced,ME
9812,82.0,69.5,90.1,8.68,91,66,4.6,94.6,0,2,0,4,11,Female,No,No,Placed,ME
9813,73.9,66.5,58.5,6.56,55,55,3.6,84.7,0,0,2,2,6,Male,Yes,No,NotPlaced,EE
9814,80.4,69.4,70.4,7.2,84,64,3.0,82.7,1,0,0,0,4,Female,No,No,NotPlaced,ME
9815,48.6,61.4,57.8,6.78,65,45,3.6,70.2,2,1,4,1,10,Female,Yes,No,NotPlaced,ME
9816,95.8,84.9,80.0,8.88,83,73,3.1,77.0,0,1,1,2,5,Male,Yes,Yes,Placed,CS
9817,81.1,79.2,74.6,8.52,75,73,3.6,89.7,0,2,1,2,13,Male,Yes,No,Placed,ECE
9818,89.3,84.2,83.6,8.66,57,50,2.6,92.6,0,2,2,3,12,Female,Yes,No,Placed,ME
9819,66.4,65.0,66.0,7.26,48,51,3.1,85.6,1,0,0,3,4,Male,Yes,Yes,Placed,IT
9820,53.9,65.7,68.3,7.15,67,56,2.3,68.8,2,1,1,0,9,Male,No,Yes,NotPlaced,ECE
9821,69.6,76.4,83.5,8.09,76,65,2.9,77.8,0,2,0,0,14,Male,No,No,NotPlaced,ChemE
9822,78.7,61.0,62.9,6.21,78,60,3.5,84.6,0,0,4,1,0,Male,Yes,Yes,Placed,ECE
9823,59.4,69.2,67.7,7.66,69,54,2.3,80.6,0,3,1,1,16,Female,Yes,Yes,Placed,ChemE
9824,73.5,87.8,73.8,8.36,69,75,2.8,71.7,1,2,1,2,17,Female,Yes,Yes,Placed,ME
9825,74.8,71.3,72.3,7.98,67,73,4.1,85.9,0,2,0,3,16,Male,Yes,Yes,Placed,CS
9826,66.0,76.2,69.1,7.4,66,72,3.1,89.3,0,1,1,2,9,Male,Yes,No,Placed,ECE
9827,74.8,65.1,63.7,7.77,62,62,3.4,70.8,0,1,4,1,7,Male,Yes,No,Placed,ECE
9828,79.2,67.0,69.5,8.04,71,53,3.4,95.8,0,2,3,2,7,Female,Yes,Yes,Placed,EE
9829,79.4,83.1,76.2,7.26,83,63,3.4,66.6,1,1,1,0,10,Male,No,No,NotPlaced,CE
9830,59.9,64.7,62.4,6.65,66,59,2.5,69.8,3,0,0,0,2,Male,No,Yes,NotPlaced,ME
9831,77.2,76.3,77.2,8.16,88,78,3.5,77.8,0,0,1,2,4,Male,Yes,No,Placed,CS
9832,90.2,67.9,76.2,7.87,74,68,3.3,89.2,0,3,0,2,21,Male,Yes,Yes,Placed,IT
9833,51.5,57.2,55.3,6.35,52,52,5.0,76.7,1,1,0,0,8,Male,Yes,Yes,NotPlaced,ME
9834,90.4,85.9,83.5,8.87,65,53,3.3,91.0,1,0,2,0,7,Female,No,Yes,NotPlaced,IT
9835,73.3,67.9,56.9,6.8,69,60,3.8,77.4,4,0,0,3,6,Male,No,No,NotPlaced,CE
9836,88.7,99.0,92.3,9.18,92,92,3.7,78.7,0,3,4,6,22,Male,Yes,No,Placed,ECE
9837,88.0,87.8,80.5,9.27,90,62,3.2,98.0,0,2,2,4,13,Male,Yes,Yes,Placed,ECE
9838,62.3,51.3,48.0,5.68,50,65,3.8,70.2,0,1,1,1,7,Male,Yes,No,NotPlaced,EE
9839,51.2,51.7,57.3,5.68,67,68,3.5,78.0,2,0,1,0,2,Male,No,No,NotPlaced,ME
9840,49.5,51.7,56.2,5.57,76,67,3.5,75.1,2,1,0,2,13,Male,Yes,No,NotPlaced,ChemE
9841,85.3,72.1,82.0,8.95,70,77,5.0,94.0,0,1,1,1,6,Female,Yes,Yes,Placed,IT
9842,50.6,57.5,61.0,6.17,55,57,2.5,78.7,1,0,3,0,1,Male,Yes,No,NotPlaced,ChemE
9843,60.6,62.6,60.3,7.5,48,45,3.8,90.1,0,0,0,2,7,Male,Yes,Yes,Placed,EE
9844,66.5,78.8,75.0,6.71,61,65,2.6,78.0,2,2,1,0,16,Female,No,Yes,NotPlaced,EE
9845,69.3,71.8,54.1,7.42,59,68,3.5,77.9,1,2,0,1,8,Male,No,Yes,NotPlaced,EE
9846,64.5,72.7,67.2,6.87,51,45,4.3,66.1,1,0,0,0,0,Male,No,Yes,NotPlaced,CS
9847,69.3,70.8,79.0,8.25,70,78,3.6,87.6,0,2,4,4,14,Female,No,No,Placed,IT
9848,72.7,70.5,57.0,6.66,58,68,2.6,77.8,2,0,1,2,2,Male,Yes,No,NotPlaced,ECE
9849,63.2,71.2,73.0,6.27,61,47,2.9,73.6,0,0,1,1,3,Female,Yes,Yes,NotPlaced,CE
9850,69.4,86.3,73.1,8.2,60,56,4.3,94.1,0,1,5,6,8,Male,Yes,Yes,Placed,EE
9851,76.6,67.5,72.6,7.6,82,70,4.5,82.2,1,1,2,2,8,Female,No,No,Placed,ECE
9852,80.4,78.7,83.3,7.72,75,87,4.5,100.0,0,0,7,6,6,Male,No,Yes,Placed,ECE
9853,85.9,78.8,85.4,8.12,81,80,4.7,98.9,0,2,1,1,6,Female,No,No,Placed,ECE
9854,69.3,84.6,55.8,6.95,70,80,4.1,82.9,1,0,5,2,2,Female,No,No,NotPlaced,EE
9855,58.6,54.9,48.0,6.09,65,60,2.8,81.8,0,1,2,3,7,Male,Yes,No,NotPlaced,ME
9856,56.9,57.0,48.0,5.26,48,77,2.5,71.5,1,0,1,0,5,Female,No,Yes,NotPlaced,IT
9857,60.5,70.1,63.3,7.39,80,69,3.4,94.2,0,3,2,1,26,Female,Yes,No,Placed,CS
9858,83.4,79.5,66.4,7.57,78,68,3.7,93.4,0,0,2,3,1,Female,No,No,Placed,CS
9859,53.7,57.3,53.4,6.35,49,63,3.0,87.7,3,0,1,1,2,Female,No,No,NotPlaced,CE
9860,59.7,77.1,53.9,7.68,70,73,3.4,89.4,0,2,5,2,19,Female,Yes,No,Placed,CS
9861,52.6,57.4,48.4,5.91,53,64,2.5,59.8,2,0,0,1,7,Male,No,Yes,NotPlaced,ECE
9862,60.2,73.6,62.0,6.65,69,78,3.3,68.7,0,0,1,3,1,Male,No,Yes,Placed,ECE
9863,72.1,78.4,80.0,8.21,77,73,3.9,85.9,0,3,2,2,16,Female,No,No,Placed,EE
9864,68.5,68.1,68.9,8.23,69,67,3.9,74.0,0,0,1,0,1,Male,No,No,NotPlaced,CS
9865,77.9,72.4,70.8,6.28,65,77,3.9,75.6,0,1,2,2,9,Female,No,Yes,Placed,EE
9866,83.4,89.4,74.3,9.08,99,89,4.4,84.8,0,2,7,4,14,Male,Yes,Yes,Placed,IT
9867,45.0,45.0,51.9,5.81,49,67,3.5,73.0,2,0,1,2,7,Female,No,No,NotPlaced,EE
9868,54.6,56.9,59.4,6.74,47,53,3.7,68.8,3,1,2,2,9,Male,No,Yes,NotPlaced,ME
9869,99.0,81.4,87.4,9.47,81,87,4.5,95.0,0,2,4,4,13,Male,Yes,No,Placed,ECE
9870,66.7,70.8,71.4,8.17,77,65,3.7,78.6,0,0,2,0,3,Male,Yes,Yes,Placed,EE
9871,57.8,62.1,48.0,7.74,52,61,2.0,71.1,1,0,1,1,0,Male,No,No,NotPlaced,EE
9872,73.2,58.3,83.0,7.79,83,81,3.9,87.0,0,2,6,1,12,Male,No,Yes,Placed,ECE
9873,82.1,65.1,77.6,8.15,69,79,4.0,84.8,0,0,1,1,4,Male,Yes,Yes,Placed,EE
9874,76.1,84.7,79.6,8.39,72,80,2.3,78.8,0,2,1,3,14,Male,Yes,No,Placed,EE
9875,61.2,64.8,72.3,6.63,62,74,3.0,77.1,1,1,3,3,5,Male,Yes,No,NotPlaced,ME
9876,67.3,46.8,61.1,5.9,58,53,4.6,84.1,0,0,0,0,0,Male,No,No,NotPlaced,IT
9877,70.8,65.7,69.3,6.95,57,53,3.4,88.5,0,0,1,3,0,Female,No,No,NotPlaced,ME
9878,80.0,78.6,77.8,8.13,68,63,2.9,79.2,1,1,2,2,6,Male,No,Yes,Placed,ECE
9879,74.8,79.2,79.8,8.39,85,63,3.6,100.0,0,0,2,1,3,Male,Yes,No,Placed,ECE
9880,64.5,64.2,61.1,7.1,63,71,2.4,84.3,0,0,0,2,0,Male,No,Yes,Placed,ECE
9881,73.4,58.9,66.1,7.49,55,40,2.6,78.5,1,0,0,0,0,Female,Yes,No,NotPlaced,ChemE
9882,61.3,60.0,64.1,5.98,41,33,3.8,78.9,1,0,0,0,0,Male,No,No,NotPlaced,EE
9883,69.6,54.4,66.5,7.37,66,64,4.1,90.9,1,0,2,2,0,Male,Yes,Yes,NotPlaced,EE
9884,69.9,72.5,68.8,7.55,80,71,3.4,70.6,2,2,0,1,18,Female,Yes,Yes,Placed,CS
9885,63.0,49.6,52.5,6.1,48,38,2.3,64.7,2,0,0,0,1,Male,Yes,Yes,NotPlaced,EE
9886,68.8,74.2,64.9,6.74,76,67,3.4,93.1,1,0,1,1,0,Female,No,Yes,NotPlaced,ChemE
9887,59.7,56.9,48.2,6.48,57,64,3.1,78.3,1,0,2,2,3,Male,Yes,Yes,NotPlaced,ChemE
9888,86.6,71.0,77.9,8.36,90,80,4.1,78.5,0,2,5,2,7,Female,No,No,Placed,IT
9889,52.2,60.4,53.7,5.96,44,41,3.2,89.7,2,0,0,0,5,Female,Yes,Yes,NotPlaced,ME
9890,72.4,62.0,51.1,6.53,53,61,4.0,75.7,0,0,2,2,4,Female,No,No,NotPlaced,ME
9891,75.8,69.3,70.5,7.57,79,73,3.3,81.1,0,1,3,2,6,Male,No,Yes,Placed,EE
9892,61.0,67.1,61.0,7.52,56,61,2.5,74.1,1,1,0,0,4,Male,No,No,NotPlaced,CS
9893,65.4,56.2,49.8,6.55,55,50,3.5,82.1,2,0,2,0,2,Male,No,No,NotPlaced,ME
9894,69.1,59.5,66.0,6.99,46,54,2.2,93.0,0,1,1,1,7,Male,Yes,No,Placed,CS
9895,76.0,86.2,81.0,8.37,71,52,4.1,76.1,2,0,4,0,0,Female,No,Yes,NotPlaced,ME
9896,78.3,69.8,62.3,7.07,55,53,3.0,78.9,0,1,0,2,10,Male,Yes,Yes,NotPlaced,ME
9897,63.9,61.8,59.2,6.41,79,55,3.5,79.2,0,0,3,2,1,Male,No,Yes,Placed,CS
9898,55.3,49.7,56.2,7.14,78,69,4.0,79.6,0,0,3,3,5,Male,Yes,No,Placed,ME
9899,58.4,47.3,57.1,5.83,35,32,4.6,73.2,2,0,0,0,1,Male,Yes,No,NotPlaced,ECE
9900,58.7,45.0,48.0,5.51,58,44,2.7,75.0,0,0,1,0,5,Male,Yes,No,NotPlaced,EE
9901,84.9,71.3,67.0,8.69,65,59,4.6,87.1,0,2,0,2,15,Female,No,Yes,NotPlaced,CS
9902,61.5,60.1,65.3,6.51,65,60,4.4,78.4,1,0,1,2,1,Male,No,Yes,NotPlaced,ME
9903,69.6,61.5,72.3,7.9,78,62,3.8,85.2,1,1,1,2,8,Male,No,Yes,NotPlaced,CE
9904,91.6,87.4,87.2,10.0,97,69,5.0,86.3,0,1,0,1,11,Male,Yes,Yes,Placed,CS
9905,76.7,70.2,87.6,8.34,98,82,3.1,83.9,0,1,4,2,7,Male,Yes,No,Placed,IT
9906,50.2,61.3,65.1,7.03,55,77,3.3,76.4,0,1,4,1,9,Male,Yes,Yes,Placed,ChemE
9907,61.4,84.3,63.6,6.86,57,64,2.7,72.5,0,0,0,0,0,Male,No,No,NotPlaced,EE
9908,82.7,87.0,77.3,8.46,85,91,2.0,81.6,0,0,3,1,0,Male,Yes,No,Placed,IT
9909,51.7,54.7,48.0,5.0,53,60,3.5,70.9,3,0,6,0,5,Male,No,Yes,NotPlaced,ChemE
9910,74.2,70.6,72.8,7.48,88,96,2.5,69.9,2,4,4,1,27,Female,No,No,Placed,EE
9911,66.5,46.6,57.6,5.99,55,77,3.3,65.3,1,1,1,0,10,Male,No,No,NotPlaced,EE
9912,65.9,70.4,78.6,7.76,75,59,4.2,88.2,1,2,0,0,15,Female,Yes,No,Placed,EE
9913,59.8,51.2,59.9,7.6,50,56,3.5,72.8,2,1,0,1,7,Female,Yes,No,NotPlaced,ME
9914,78.5,79.6,76.4,7.44,92,66,2.8,95.7,0,4,1,3,15,Female,No,Yes,Placed,IT
9915,66.4,68.0,60.9,7.33,87,85,2.8,79.5,0,3,0,1,12,Male,Yes,Yes,Placed,EE
9916,85.2,89.8,90.9,9.43,82,97,4.3,100.0,0,1,4,5,11,Female,Yes,Yes,Placed,CS
9917,94.7,69.0,90.1,8.09,93,81,4.1,89.2,0,2,5,2,18,Male,Yes,Yes,Placed,ChemE
9918,78.9,86.5,84.6,8.62,77,87,3.5,100.0,0,1,1,2,6,Male,Yes,No,Placed,CS
9919,65.7,67.1,65.0,6.54,70,50,3.5,81.9,0,0,1,1,1,Male,Yes,Yes,NotPlaced,EE
9920,68.0,54.4,58.5,6.87,51,51,2.1,78.1,2,0,0,0,0,Female,No,Yes,NotPlaced,ChemE
9921,72.7,72.9,72.5,7.16,78,80,4.0,93.7,0,2,2,4,10,Female,No,Yes,Placed,ECE
9922,48.6,52.3,55.1,6.53,40,49,3.0,79.1,1,0,1,2,2,Female,Yes,No,NotPlaced,CE
9923,79.7,66.5,61.1,7.01,61,45,4.1,67.8,2,0,2,0,6,Male,Yes,Yes,NotPlaced,CS
9924,56.1,64.0,61.6,6.26,57,59,3.9,65.2,1,0,2,0,2,Male,No,Yes,NotPlaced,CS
9925,69.4,60.4,63.4,6.99,62,56,3.5,74.8,0,0,1,2,1,Male,No,Yes,NotPlaced,EE
9926,57.7,51.8,54.9,5.73,56,60,1.9,61.9,2,0,5,1,3,Female,No,Yes,NotPlaced,ECE
9927,95.2,78.6,75.0,8.05,65,74,3.4,82.8,1,1,3,2,6,Male,No,Yes,Placed,ECE
9928,63.2,73.6,66.2,7.02,67,53,3.4,82.5,0,0,0,2,6,Female,Yes,Yes,NotPlaced,CE
9929,80.7,93.5,89.5,9.5,86,89,4.1,98.3,0,2,2,4,13,Male,Yes,Yes,Placed,EE
9930,70.0,61.0,52.9,6.48,39,25,2.3,53.3,1,0,0,0,3,Female,No,No,NotPlaced,CE
9931,83.4,62.2,64.3,6.79,69,60,1.9,70.7,1,0,3,1,1,Female,No,No,NotPlaced,ChemE
9932,60.5,57.6,48.0,6.64,49,60,2.8,80.4,3,0,1,1,0,Female,No,No,NotPlaced,ChemE
9933,70.4,61.6,60.5,8.04,76,88,3.2,95.4,0,4,4,1,19,Female,Yes,Yes,Placed,ME
9934,74.1,61.3,66.8,6.9,68,52,5.0,66.0,1,1,4,1,7,Female,No,Yes,NotPlaced,ME
9935,51.4,60.4,64.8,6.48,55,50,1.9,65.9,1,0,0,0,7,Male,No,No,NotPlaced,ME
9936,71.7,55.5,65.3,7.47,68,58,3.0,91.5,0,4,3,3,18,Female,Yes,No,Placed,CS
9937,61.5,65.2,73.4,7.8,79,77,4.2,93.1,0,0,0,0,0,Female,Yes,Yes,Placed,EE
9938,58.3,55.3,52.7,5.65,56,63,2.8,64.8,1,0,1,2,6,Male,Yes,No,NotPlaced,ECE
9939,55.0,77.6,55.3,6.03,60,55,3.1,85.6,0,0,1,3,8,Female,No,Yes,NotPlaced,EE
9940,45.0,53.6,71.1,6.3,57,37,3.1,68.0,2,0,0,0,5,Female,No,Yes,NotPlaced,CS
9941,71.3,73.1,65.1,6.93,65,89,3.8,84.9,0,1,1,3,8,Male,Yes,No,Placed,ME
9942,74.4,66.1,60.7,7.21,65,63,3.8,79.0,0,1,1,5,4,Male,Yes,Yes,Placed,CS
9943,61.5,63.6,59.2,6.49,66,70,2.3,87.4,2,1,1,0,10,Male,Yes,No,Placed,ME
9944,59.1,59.5,66.1,7.07,81,71,3.6,74.3,1,0,2,2,2,Male,No,Yes,NotPlaced,ME
9945,80.3,56.5,66.0,8.0,78,71,3.1,96.0,0,1,3,1,11,Female,No,No,NotPlaced,CE
9946,87.8,83.0,71.0,7.41,61,68,4.0,83.2,1,3,2,3,26,Female,Yes,No,Placed,CS
9947,67.2,50.9,59.8,6.61,54,58,3.4,81.2,1,0,0,0,5,Female,No,No,NotPlaced,IT
9948,50.5,61.2,48.0,5.16,38,47,3.0,53.3,0,0,0,0,4,Male,No,No,NotPlaced,CE
9949,60.3,57.0,63.4,6.85,71,61,3.3,72.7,1,0,0,1,2,Male,No,No,Placed,ME
9950,63.1,50.2,62.9,5.65,58,42,2.3,81.3,0,0,1,1,7,Female,Yes,No,Placed,ECE
9951,86.1,80.4,81.1,8.86,74,85,2.9,93.6,0,2,4,0,9,Male,No,Yes,Placed,CS
9952,79.2,87.1,74.9,7.43,78,74,5.0,73.5,1,4,0,1,30,Female,No,No,Placed,CS
9953,83.9,73.7,67.4,7.56,70,74,4.4,90.0,0,3,4,4,13,Male,Yes,No,Placed,ECE
9954,71.7,72.5,74.2,7.65,76,84,4.0,83.9,0,0,2,1,0,Female,No,Yes,Placed,EE
9955,74.8,87.4,88.1,8.05,80,54,5.0,79.4,0,0,1,0,0,Female,No,Yes,Placed,CE
9956,66.0,69.4,68.8,7.21,59,77,2.6,66.1,1,1,1,0,10,Male,No,No,Placed,CS
9957,82.0,93.7,76.6,7.72,70,59,4.8,87.6,0,0,1,1,0,Female,Yes,Yes,Placed,ECE
9958,51.3,69.2,58.9,5.54,63,67,2.2,72.6,1,0,0,0,3,Male,No,No,NotPlaced,CE
9959,67.8,61.7,64.7,6.28,45,43,3.0,86.8,0,0,0,2,1,Male,Yes,No,NotPlaced,ECE
9960,72.4,81.1,71.7,7.53,57,82,3.2,73.4,1,0,1,2,0,Male,Yes,No,Placed,CE
9961,65.6,51.5,71.2,7.3,52,49,2.6,62.4,1,0,0,0,0,Male,No,No,NotPlaced,EE
9962,64.8,57.1,48.0,5.64,45,63,2.3,78.7,5,1,0,1,5,Female,No,No,NotPlaced,CE
9963,85.7,69.8,77.6,7.7,71,65,3.0,84.9,0,0,0,2,0,Female,Yes,Yes,Placed,ME
9964,92.8,94.1,83.4,9.39,89,88,3.9,83.5,0,1,2,1,3,Female,Yes,Yes,Placed,IT
9965,79.6,79.8,60.9,6.04,70,68,4.4,84.2,3,0,1,2,1,Female,No,Yes,NotPlaced,ChemE
9966,85.4,64.2,70.5,7.27,77,61,4.2,75.1,0,1,1,1,9,Male,No,Yes,NotPlaced,CE
9967,73.3,77.7,70.0,6.8,79,79,3.1,73.4,0,2,3,0,16,Female,No,No,Placed,ME
9968,70.6,79.0,71.5,7.54,66,71,4.0,92.4,0,1,2,1,8,Female,No,No,Placed,ECE
9969,78.9,85.9,81.3,8.76,81,77,4.9,84.6,0,0,2,5,3,Female,No,No,Placed,EE
9970,71.1,58.1,66.6,6.58,83,62,3.2,78.6,0,2,0,1,17,Male,Yes,Yes,Placed,IT
9971,61.8,61.1,64.7,6.23,60,81,3.5,74.6,2,3,3,1,17,Male,Yes,No,Placed,ECE
9972,56.1,57.1,74.6,7.16,77,89,2.8,76.5,0,0,5,2,8,Male,Yes,Yes,Placed,EE
9973,75.3,80.1,79.1,7.86,85,72,3.5,76.3,0,2,2,1,17,Female,Yes,Yes,Placed,ECE
9974,76.3,56.0,55.3,7.14,70,59,4.2,80.7,0,1,1,2,10,Male,No,No,NotPlaced,ECE
9975,60.6,74.6,75.5,8.22,83,66,3.8,77.6,0,0,1,1,3,Male,No,No,Placed,ECE
9976,83.0,75.7,69.4,6.93,70,60,4.6,97.5,0,1,2,3,5,Male,No,No,Placed,ChemE
9977,73.3,60.9,57.6,7.85,66,52,2.7,72.9,2,0,1,0,1,Male,Yes,No,Placed,ME
9978,80.1,77.4,83.5,8.04,83,66,3.8,84.7,0,1,1,4,12,Male,Yes,Yes,Placed,ChemE
9979,65.1,53.0,68.7,7.27,44,54,3.8,70.4,1,0,0,0,2,Female,No,No,NotPlaced,CE
9980,65.8,57.5,50.4,6.24,48,51,3.6,75.7,1,1,0,1,11,Male,No,No,NotPlaced,ME
9981,73.2,69.9,76.4,7.62,53,56,3.8,81.4,0,0,1,2,2,Male,No,No,NotPlaced,ECE
9982,81.8,67.1,77.4,7.05,75,66,3.5,76.4,1,2,1,1,13,Female,No,Yes,Placed,ChemE
9983,76.8,63.3,68.7,7.38,68,64,3.5,83.9,0,0,3,0,0,Female,No,Yes,Placed,CS
9984,68.4,65.9,68.0,6.85,71,65,3.2,78.7,1,2,1,1,7,Male,Yes,No,Placed,ECE
9985,62.4,59.9,63.4,7.15,54,60,3.5,78.7,1,0,0,1,1,Male,Yes,No,NotPlaced,CE
9986,59.5,56.8,62.4,5.61,51,48,3.3,79.4,2,0,1,0,1,Male,No,Yes,NotPlaced,CE
9987,45.0,49.8,55.6,5.81,51,68,2.8,63.7,1,0,2,0,1,Male,No,No,NotPlaced,CE
9988,65.3,60.4,60.9,6.75,73,46,1.9,75.5,2,0,1,0,0,Female,No,No,NotPlaced,CE
9989,69.6,66.5,71.2,6.74,71,80,3.0,86.1,0,1,3,2,12,Female,Yes,No,NotPlaced,IT
9990,61.2,68.0,58.2,6.49,57,59,3.5,71.5,0,0,0,1,6,Male,No,No,NotPlaced,EE
9991,82.6,83.9,79.8,7.87,76,69,4.5,96.0,0,0,1,2,8,Female,No,No,Placed,ECE
9992,70.4,83.6,77.1,8.35,91,60,3.9,88.6,0,0,1,1,0,Female,Yes,Yes,Placed,IT
9993,70.9,69.6,66.2,7.26,74,55,3.4,79.4,0,1,1,1,6,Female,Yes,No,Placed,CE
9994,62.8,51.3,66.7,6.67,63,48,4.4,78.0,1,0,3,1,4,Male,Yes,Yes,NotPlaced,CE
9995,76.5,89.7,73.5,8.21,75,69,4.5,91.5,0,2,1,1,13,Male,Yes,No,Placed,ChemE
9996,65.2,60.7,55.8,7.26,56,63,3.4,75.0,3,0,2,1,4,Male,Yes,No,NotPlaced,CE
9997,89.5,77.0,78.8,7.7,90,85,2.0,83.9,0,1,4,4,5,Female,No,Yes,Placed,IT
9998,50.4,45.0,48.0,5.27,38,59,2.8,85.3,2,0,0,1,1,Female,No,Yes,Placed,CE
9999,93.2,80.4,84.4,9.31,81,83,3.2,83.4,0,2,1,3,15,Male,Yes,No,Placed,IT
10000,72.5,68.7,52.2,7.02,51,81,2.1,68.3,0,1,3,1,9,Female,No,Yes,NotPlaced,IT
